query,status,candidate_correctness,baseline_correctness,baseline_on_ms,candidate_on_ms,cand_on_base_on_speedup,cand_on_base_on_ci_low,cand_on_base_on_ci_high,reason
fuzz1_0000_join__fz_nan,parity-exact,exact,exact,766.14,1154.7,0.664,,,Both candidate and baseline produced exact results
fuzz1_0001_join_min__fz_str,parity-exact,exact,exact,298.19,306.42,0.973,,,Both candidate and baseline produced exact results
fuzz1_0002_join__fz_overlap,parity-exact,exact,exact,185.66,213.91,0.868,,,Both candidate and baseline produced exact results
fuzz1_0003_join_topk__fz_snapshots,parity-exact,exact,exact,539.62,293.85,1.836,,,Both candidate and baseline produced exact results
fuzz1_0004_minmax__fz_long,parity-exact,exact,exact,95.45,71.25,1.34,,,Both candidate and baseline produced exact results
fuzz1_0005_join_topk__fz_date,parity-exact,exact,exact,278.88,158.13,1.764,,,Both candidate and baseline produced exact results
fuzz1_0006_topk__fz_updated,parity-exact,exact,exact,460.76,239.74,1.922,,,Both candidate and baseline produced exact results
fuzz1_0007_topk__fz_small_rg,parity-exact,exact,exact,319.22,284.07,1.124,,,Both candidate and baseline produced exact results
fuzz1_0008_join_topk__fz_date,parity-exact,exact,exact,277.03,273.02,1.015,,,Both candidate and baseline produced exact results
fuzz1_0009_join__fz_reversed_files,parity-exact,exact,exact,490.02,223.99,2.188,,,Both candidate and baseline produced exact results
fuzz1_0010_join_topk__fz_updated,parity-exact,exact,exact,344.37,278.33,1.237,,,Both candidate and baseline produced exact results
fuzz1_0011_join_topk__fz_updated,parity-exact,exact,exact,378.81,418.6,0.905,,,Both candidate and baseline produced exact results
fuzz1_0012_semi__fz_sorted,parity-exact,exact,exact,218.86,235.13,0.931,,,Both candidate and baseline produced exact results
fuzz1_0013_filtered_topk__fz_str,parity-exact,exact,exact,559.91,502.05,1.115,,,Both candidate and baseline produced exact results
fuzz1_0014_join_min__fz_small_rg,parity-exact,exact,exact,423.8,241.24,1.757,,,Both candidate and baseline produced exact results
fuzz1_0015_join__fz_unsorted,parity-exact,exact,exact,450.77,240.26,1.876,,,Both candidate and baseline produced exact results
fuzz1_0016_semi__fz_nulls,parity-exact,exact,exact,172.03,161.09,1.068,,,Both candidate and baseline produced exact results
fuzz1_0017_join__fz_part_evolved,parity-exact,exact,exact,597.05,553.53,1.079,,,Both candidate and baseline produced exact results
fuzz1_0018_join_topk__fz_part_evolved,parity-exact,exact,exact,199.88,214.03,0.934,,,Both candidate and baseline produced exact results
fuzz1_0019_join_topk__fz_overlap,parity-exact,exact,exact,399.29,436.86,0.914,,,Both candidate and baseline produced exact results
fuzz1_0020_join_topk__fz_updated,parity-exact,exact,exact,448.43,423.44,1.059,,,Both candidate and baseline produced exact results
fuzz1_0021_join__fz_pos_deletes,parity-exact,exact,exact,302.62,235.54,1.285,,,Both candidate and baseline produced exact results
fuzz1_0022_join__fz_evolved,parity-exact,exact,exact,278.49,266.01,1.047,,,Both candidate and baseline produced exact results
fuzz1_0023_topk__fz_pos_deletes,parity-exact,exact,exact,104.29,71.09,1.467,,,Both candidate and baseline produced exact results
fuzz1_0024_topk__fz_small_rg,parity-exact,exact,exact,223.81,134.61,1.663,,,Both candidate and baseline produced exact results
fuzz1_0025_semi__fz_updated,parity-exact,exact,exact,238.57,264.38,0.902,,,Both candidate and baseline produced exact results
fuzz1_0026_join_min__fz_reversed_files,parity-exact,exact,exact,229.38,242.18,0.947,,,Both candidate and baseline produced exact results
fuzz1_0027_join_min__fz_unsorted,parity-exact,exact,exact,211.34,171.11,1.235,,,Both candidate and baseline produced exact results
fuzz1_0028_join_topk__fz_skewed,parity-exact,exact,exact,310.97,378.67,0.821,,,Both candidate and baseline produced exact results
fuzz1_0029_topk__fz_updated,parity-exact,exact,exact,566.65,256.18,2.212,,,Both candidate and baseline produced exact results
fuzz1_0030_join_topk__fz_date,parity-exact,exact,exact,207.0,166.43,1.244,,,Both candidate and baseline produced exact results
fuzz1_0031_filtered_topk__fz_str,parity-exact,exact,exact,104.07,104.1,1.0,,,Both candidate and baseline produced exact results
fuzz1_0032_join_min__fz_updated,parity-exact,exact,exact,289.6,336.32,0.861,,,Both candidate and baseline produced exact results
fuzz1_0033_minmax__fz_snapshots,parity-exact,exact,exact,257.39,106.02,2.428,,,Both candidate and baseline produced exact results
fuzz1_0034_semi__fz_reversed_files,parity-exact,exact,exact,803.14,922.45,0.871,,,Both candidate and baseline produced exact results
fuzz1_0035_join__fz_evolved,parity-exact,exact,exact,240.01,313.02,0.767,,,Both candidate and baseline produced exact results
fuzz1_0036_join_topk__fz_nulls,parity-exact,exact,exact,277.81,279.06,0.995,,,Both candidate and baseline produced exact results
fuzz1_0037_topk__fz_dec,parity-exact,exact,exact,559.6,683.45,0.819,,,Both candidate and baseline produced exact results
fuzz1_0038_topk__fz_snapshots,parity-exact,exact,exact,272.64,118.69,2.297,,,Both candidate and baseline produced exact results
fuzz1_0039_join_min__fz_overlap,parity-exact,exact,exact,1115.72,934.74,1.194,,,Both candidate and baseline produced exact results
fuzz1_0040_filtered_topk__fz_reversed_files,parity-exact,exact,exact,213.96,130.27,1.642,,,Both candidate and baseline produced exact results
fuzz1_0041_topk__fz_snapshots,parity-exact,exact,exact,291.55,115.38,2.527,,,Both candidate and baseline produced exact results
fuzz1_0042_minmax__fz_nan,parity-exact,exact,exact,143.87,136.95,1.051,,,Both candidate and baseline produced exact results
fuzz1_0043_join_topk__fz_long,parity-exact,exact,exact,186.0,286.51,0.649,,,Both candidate and baseline produced exact results
fuzz1_0044_join__fz_part_evolved,parity-exact,exact,exact,497.28,262.52,1.894,,,Both candidate and baseline produced exact results
fuzz1_0045_semi__fz_evolved,parity-exact,exact,exact,153.62,168.27,0.913,,,Both candidate and baseline produced exact results
fuzz1_0046_topk__fz_overlap,parity-exact,exact,exact,128.69,76.35,1.685,,,Both candidate and baseline produced exact results
fuzz1_0047_join__fz_skewed,parity-exact,exact,exact,248.14,306.58,0.809,,,Both candidate and baseline produced exact results
fuzz1_0048_semi__fz_unsorted,parity-exact,exact,exact,133.37,129.87,1.027,,,Both candidate and baseline produced exact results
fuzz1_0049_minmax__fz_long,parity-exact,exact,exact,129.97,132.23,0.983,,,Both candidate and baseline produced exact results
fuzz1_0050_semi__fz_nan,parity-exact,exact,exact,865.95,818.61,1.058,,,Both candidate and baseline produced exact results
fuzz1_0051_join__fz_snapshots,parity-exact,exact,exact,271.07,156.73,1.73,,,Both candidate and baseline produced exact results
fuzz1_0052_join__fz_part_evolved,parity-exact,exact,exact,308.8,292.42,1.056,,,Both candidate and baseline produced exact results
fuzz1_0053_join_min__fz_long,parity-exact,exact,exact,384.61,402.83,0.955,,,Both candidate and baseline produced exact results
fuzz1_0054_topk__fz_dec,parity-exact,exact,exact,96.8,101.09,0.957,,,Both candidate and baseline produced exact results
fuzz1_0055_join__fz_long,parity-exact,exact,exact,228.52,178.0,1.284,,,Both candidate and baseline produced exact results
fuzz1_0056_semi__fz_sorted,parity-exact,exact,exact,236.4,235.85,1.002,,,Both candidate and baseline produced exact results
fuzz1_0057_semi__fz_part_evolved,parity-exact,exact,exact,189.5,200.04,0.947,,,Both candidate and baseline produced exact results
fuzz1_0058_join_topk__fz_long,parity-exact,exact,exact,334.46,367.61,0.91,,,Both candidate and baseline produced exact results
fuzz1_0059_join_min__fz_pos_deletes,parity-exact,exact,exact,437.01,338.32,1.292,,,Both candidate and baseline produced exact results
fuzz1_0060_join__fz_skewed,parity-exact,exact,exact,170.6,207.81,0.821,,,Both candidate and baseline produced exact results
fuzz1_0061_minmax__fz_reversed_files,parity-exact,exact,exact,220.51,105.86,2.083,,,Both candidate and baseline produced exact results
fuzz1_0062_join__fz_evolved,parity-exact,exact,exact,211.86,236.0,0.898,,,Both candidate and baseline produced exact results
fuzz1_0063_topk__fz_pos_deletes,parity-exact,exact,exact,417.18,141.84,2.941,,,Both candidate and baseline produced exact results
fuzz1_0064_semi__fz_pos_deletes,parity-exact,exact,exact,163.44,146.5,1.116,,,Both candidate and baseline produced exact results
fuzz1_0065_topk__fz_overlap,parity-exact,exact,exact,113.51,121.53,0.934,,,Both candidate and baseline produced exact results
fuzz1_0066_join__fz_pos_deletes,parity-exact,exact,exact,272.23,239.4,1.137,,,Both candidate and baseline produced exact results
fuzz1_0067_topk__fz_snapshots,parity-exact,exact,exact,370.46,132.71,2.792,,,Both candidate and baseline produced exact results
fuzz1_0068_topk__fz_reversed_files,parity-exact,exact,exact,308.95,84.66,3.649,,,Both candidate and baseline produced exact results
fuzz1_0069_topk__fz_part_evolved,parity-exact,exact,exact,187.24,125.78,1.489,,,Both candidate and baseline produced exact results
fuzz1_0070_filtered_topk__fz_pos_deletes,parity-exact,exact,exact,116.68,87.81,1.329,,,Both candidate and baseline produced exact results
fuzz1_0071_join__fz_date,parity-exact,exact,exact,229.52,189.4,1.212,,,Both candidate and baseline produced exact results
fuzz1_0072_semi__fz_unsorted,parity-exact,exact,exact,171.9,189.07,0.909,,,Both candidate and baseline produced exact results
fuzz1_0073_join__fz_skewed,parity-exact,exact,exact,153.48,165.15,0.929,,,Both candidate and baseline produced exact results
fuzz1_0074_semi__fz_nulls,parity-exact,exact,exact,1502.67,1462.81,1.027,,,Both candidate and baseline produced exact results
fuzz1_0075_topk__fz_skewed,parity-exact,exact,exact,162.57,93.74,1.734,,,Both candidate and baseline produced exact results
fuzz1_0076_filtered_topk__fz_nan,parity-exact,exact,exact,51.73,51.5,1.005,,,Both candidate and baseline produced exact results
fuzz1_0077_filtered_topk__fz_skewed,parity-exact,exact,exact,46.25,44.9,1.03,,,Both candidate and baseline produced exact results
fuzz1_0078_topk__fz_nulls,parity-exact,exact,exact,140.43,126.14,1.113,,,Both candidate and baseline produced exact results
fuzz1_0079_join__fz_pos_deletes,parity-exact,exact,exact,297.85,201.7,1.477,,,Both candidate and baseline produced exact results
fuzz1_0080_filtered_topk__fz_sorted,parity-exact,exact,exact,409.46,410.06,0.999,,,Both candidate and baseline produced exact results
fuzz1_0081_join__fz_str,parity-exact,exact,exact,323.24,289.09,1.118,,,Both candidate and baseline produced exact results
fuzz1_0082_semi__fz_snapshots,parity-exact,exact,exact,298.37,183.85,1.623,,,Both candidate and baseline produced exact results
fuzz1_0083_topk__fz_evolved,parity-exact,exact,exact,83.39,90.18,0.925,,,Both candidate and baseline produced exact results
fuzz1_0084_join_min__fz_updated,parity-exact,exact,exact,199.72,399.52,0.5,,,Both candidate and baseline produced exact results
fuzz1_0085_topk__fz_part_evolved,parity-exact,exact,exact,230.98,122.48,1.886,,,Both candidate and baseline produced exact results
fuzz1_0086_join_topk__fz_part_evolved,parity-exact,exact,exact,226.92,204.55,1.109,,,Both candidate and baseline produced exact results
fuzz1_0087_join__fz_dec,parity-exact,exact,exact,336.56,380.49,0.885,,,Both candidate and baseline produced exact results
fuzz1_0088_semi__fz_small_rg,parity-exact,exact,exact,5293.77,5693.0,0.93,,,Both candidate and baseline produced exact results
fuzz1_0089_topk__fz_overlap,parity-exact,exact,exact,124.49,73.1,1.703,,,Both candidate and baseline produced exact results
fuzz1_0090_join_min__fz_nulls,parity-exact,exact,exact,168.92,204.21,0.827,,,Both candidate and baseline produced exact results
fuzz1_0091_join__fz_evolved,parity-exact,exact,exact,107.89,139.89,0.771,,,Both candidate and baseline produced exact results
fuzz1_0092_join_topk__fz_updated,parity-exact,exact,exact,862.96,922.17,0.936,,,Both candidate and baseline produced exact results
fuzz1_0093_join_min__fz_dec,parity-exact,exact,exact,480.21,539.01,0.891,,,Both candidate and baseline produced exact results
fuzz1_0094_join_topk__fz_small_rg,parity-exact,exact,exact,336.52,218.53,1.54,,,Both candidate and baseline produced exact results
fuzz1_0095_topk__fz_evolved,parity-exact,exact,exact,172.19,143.24,1.202,,,Both candidate and baseline produced exact results
fuzz1_0096_join__fz_nan,parity-exact,exact,exact,438.5,400.94,1.094,,,Both candidate and baseline produced exact results
fuzz1_0097_join_topk__fz_long,parity-exact,exact,exact,242.83,252.37,0.962,,,Both candidate and baseline produced exact results
fuzz1_0098_topk__fz_pos_deletes,parity-exact,exact,exact,90.52,64.01,1.414,,,Both candidate and baseline produced exact results
fuzz1_0099_join__fz_date,parity-exact,exact,exact,238.78,229.54,1.04,,,Both candidate and baseline produced exact results
fuzz1_0100_topk__fz_part_evolved,parity-exact,exact,exact,147.18,110.5,1.332,,,Both candidate and baseline produced exact results
fuzz1_0101_topk__fz_overlap,parity-exact,exact,exact,142.01,78.64,1.806,,,Both candidate and baseline produced exact results
fuzz1_0102_filtered_topk__fz_nulls,parity-exact,exact,exact,444.59,520.2,0.855,,,Both candidate and baseline produced exact results
fuzz1_0103_topk__fz_long,parity-exact,exact,exact,503.27,87.77,5.734,,,Both candidate and baseline produced exact results
fuzz1_0104_join__fz_long,parity-exact,exact,exact,182.05,194.9,0.934,,,Both candidate and baseline produced exact results
fuzz1_0105_semi__fz_reversed_files,parity-exact,exact,exact,223.75,236.34,0.947,,,Both candidate and baseline produced exact results
fuzz1_0106_join_topk__fz_reversed_files,parity-exact,exact,exact,412.55,181.77,2.27,,,Both candidate and baseline produced exact results
fuzz1_0107_minmax__fz_str,parity-exact,exact,exact,219.82,283.94,0.774,,,Both candidate and baseline produced exact results
fuzz1_0108_join__fz_unsorted,parity-exact,exact,exact,148.7,153.82,0.967,,,Both candidate and baseline produced exact results
fuzz1_0109_join_topk__fz_snapshots,parity-exact,exact,exact,378.94,396.91,0.955,,,Both candidate and baseline produced exact results
fuzz1_0110_filtered_topk__fz_str,parity-exact,exact,exact,341.77,413.26,0.827,,,Both candidate and baseline produced exact results
fuzz1_0111_join_min__fz_nulls,parity-exact,exact,exact,143.08,145.66,0.982,,,Both candidate and baseline produced exact results
fuzz1_0112_topk__fz_updated,parity-exact,exact,exact,650.16,651.67,0.998,,,Both candidate and baseline produced exact results
fuzz1_0113_join_topk__fz_sorted,parity-exact,exact,exact,438.39,307.9,1.424,,,Both candidate and baseline produced exact results
fuzz1_0114_join__fz_sorted,parity-exact,exact,exact,371.16,407.4,0.911,,,Both candidate and baseline produced exact results
fuzz1_0115_join__fz_str,baseline-invalid-candidate-pass,exact,mismatch,,348.62,,,,Baseline hit broadcast coalescing bug (mismatch / OversizedAllocationException); candidate passed exact
fuzz1_0116_join_topk__fz_evolved,parity-exact,exact,exact,254.55,259.95,0.979,,,Both candidate and baseline produced exact results
fuzz1_0117_topk__fz_skewed,parity-exact,exact,exact,110.8,82.59,1.342,,,Both candidate and baseline produced exact results
fuzz1_0118_filtered_topk__fz_str,parity-exact,exact,exact,134.2,125.36,1.071,,,Both candidate and baseline produced exact results
fuzz1_0119_topk__fz_nulls,parity-exact,exact,exact,373.0,520.76,0.716,,,Both candidate and baseline produced exact results
fuzz1_0120_filtered_topk__fz_snapshots,parity-exact,exact,exact,341.37,299.0,1.142,,,Both candidate and baseline produced exact results
fuzz1_0121_minmax__fz_pos_deletes,parity-exact,exact,exact,154.15,192.29,0.802,,,Both candidate and baseline produced exact results
fuzz1_0122_join__fz_part_evolved,parity-exact,exact,exact,99.86,100.81,0.991,,,Both candidate and baseline produced exact results
fuzz1_0123_minmax__fz_snapshots,parity-exact,exact,exact,246.04,151.58,1.623,,,Both candidate and baseline produced exact results
fuzz1_0124_join__fz_overlap,parity-exact,exact,exact,171.19,206.82,0.828,,,Both candidate and baseline produced exact results
fuzz1_0125_join_min__fz_nulls,parity-exact,exact,exact,139.28,113.66,1.225,,,Both candidate and baseline produced exact results
fuzz1_0126_topk__fz_nan,parity-exact,exact,exact,150.62,144.39,1.043,,,Both candidate and baseline produced exact results
fuzz1_0127_minmax__fz_str,parity-exact,exact,exact,417.99,530.34,0.788,,,Both candidate and baseline produced exact results
fuzz1_0128_topk__fz_overlap,parity-exact,exact,exact,90.55,71.09,1.274,,,Both candidate and baseline produced exact results
fuzz1_0129_join_min__fz_skewed,parity-exact,exact,exact,1277.03,1351.91,0.945,,,Both candidate and baseline produced exact results
fuzz1_0130_join__fz_dec,parity-exact,exact,exact,696.01,644.23,1.08,,,Both candidate and baseline produced exact results
fuzz1_0131_join_min__fz_updated,parity-exact,exact,exact,279.15,295.1,0.946,,,Both candidate and baseline produced exact results
fuzz1_0132_join__fz_nulls,parity-exact,exact,exact,298.73,378.89,0.788,,,Both candidate and baseline produced exact results
fuzz1_0133_join_topk__fz_str,parity-exact,exact,exact,3231.78,2145.98,1.506,,,Both candidate and baseline produced exact results
fuzz1_0134_topk__fz_snapshots,parity-exact,exact,exact,476.01,149.04,3.194,,,Both candidate and baseline produced exact results
fuzz1_0135_topk__fz_long,parity-exact,exact,exact,147.84,120.7,1.225,,,Both candidate and baseline produced exact results
fuzz1_0136_minmax__fz_unsorted,parity-exact,exact,exact,69.08,78.03,0.885,,,Both candidate and baseline produced exact results
fuzz1_0137_semi__fz_snapshots,parity-exact,exact,exact,448.86,217.59,2.063,,,Both candidate and baseline produced exact results
fuzz1_0138_join__fz_date,parity-exact,exact,exact,378.08,310.56,1.217,,,Both candidate and baseline produced exact results
fuzz1_0139_join__fz_reversed_files,parity-exact,exact,exact,415.19,211.66,1.962,,,Both candidate and baseline produced exact results
fuzz1_0140_join__fz_nan,parity-exact,exact,exact,992.11,962.74,1.031,,,Both candidate and baseline produced exact results
fuzz1_0141_topk__fz_evolved,parity-exact,exact,exact,240.65,114.04,2.11,,,Both candidate and baseline produced exact results
fuzz1_0142_topk__fz_pos_deletes,parity-exact,exact,exact,663.59,210.32,3.155,,,Both candidate and baseline produced exact results
fuzz1_0143_topk__fz_pos_deletes,parity-exact,exact,exact,299.17,125.38,2.386,,,Both candidate and baseline produced exact results
fuzz1_0144_minmax__fz_nulls,parity-exact,exact,exact,58.67,61.24,0.958,,,Both candidate and baseline produced exact results
fuzz1_0145_join__fz_updated,parity-exact,exact,exact,474.11,447.63,1.059,,,Both candidate and baseline produced exact results
fuzz1_0146_filtered_topk__fz_overlap,parity-exact,exact,exact,122.24,136.5,0.896,,,Both candidate and baseline produced exact results
fuzz1_0147_join__fz_pos_deletes,parity-exact,exact,exact,368.08,273.87,1.344,,,Both candidate and baseline produced exact results
fuzz1_0148_semi__fz_long,parity-exact,exact,exact,1057.78,962.61,1.099,,,Both candidate and baseline produced exact results
fuzz1_0149_join__fz_dec,parity-exact,exact,exact,481.06,437.82,1.099,,,Both candidate and baseline produced exact results
fuzz1_0150_join_min__fz_updated,parity-exact,exact,exact,174.29,196.49,0.887,,,Both candidate and baseline produced exact results
fuzz1_0151_join__fz_small_rg,parity-exact,exact,exact,689.47,603.07,1.143,,,Both candidate and baseline produced exact results
fuzz1_0152_join_min__fz_dec,parity-exact,exact,exact,629.93,642.51,0.98,,,Both candidate and baseline produced exact results
fuzz1_0153_join_min__fz_snapshots,parity-exact,exact,exact,503.5,344.67,1.461,,,Both candidate and baseline produced exact results
fuzz1_0154_topk__fz_evolved,parity-exact,exact,exact,104.94,87.5,1.199,,,Both candidate and baseline produced exact results
fuzz1_0155_join__fz_snapshots,parity-exact,exact,exact,316.48,229.07,1.382,,,Both candidate and baseline produced exact results
fuzz1_0156_semi__fz_skewed,parity-exact,exact,exact,202.72,232.73,0.871,,,Both candidate and baseline produced exact results
fuzz1_0157_topk__fz_long,parity-exact,exact,exact,320.61,72.05,4.45,,,Both candidate and baseline produced exact results
fuzz1_0158_minmax__fz_skewed,parity-exact,exact,exact,83.84,93.9,0.893,,,Both candidate and baseline produced exact results
fuzz1_0159_join__fz_unsorted,parity-exact,exact,exact,383.11,268.06,1.429,,,Both candidate and baseline produced exact results
fuzz1_0160_filtered_topk__fz_updated,parity-exact,exact,exact,99.37,98.11,1.013,,,Both candidate and baseline produced exact results
fuzz1_0161_semi__fz_reversed_files,parity-exact,exact,exact,298.98,251.59,1.188,,,Both candidate and baseline produced exact results
fuzz1_0162_join__fz_skewed,parity-exact,exact,exact,229.81,255.25,0.9,,,Both candidate and baseline produced exact results
fuzz1_0163_minmax__fz_nan,parity-exact,exact,exact,146.54,148.1,0.989,,,Both candidate and baseline produced exact results
fuzz1_0164_join_min__fz_evolved,parity-exact,exact,exact,215.03,218.76,0.983,,,Both candidate and baseline produced exact results
fuzz1_0165_join_topk__fz_small_rg,parity-exact,exact,exact,250.49,251.27,0.997,,,Both candidate and baseline produced exact results
fuzz1_0166_topk__fz_pos_deletes,parity-exact,exact,exact,631.38,181.68,3.475,,,Both candidate and baseline produced exact results
fuzz1_0167_topk__fz_snapshots,parity-exact,exact,exact,465.47,200.11,2.326,,,Both candidate and baseline produced exact results
fuzz1_0168_semi__fz_date,parity-exact,exact,exact,215.61,370.32,0.582,,,Both candidate and baseline produced exact results
fuzz1_0169_join__fz_nan,parity-exact,exact,exact,651.55,699.01,0.932,,,Both candidate and baseline produced exact results
fuzz1_0170_join__fz_dec,parity-exact,exact,exact,184.72,152.13,1.214,,,Both candidate and baseline produced exact results
fuzz1_0171_join__fz_pos_deletes,parity-exact,exact,exact,170.67,284.7,0.599,,,Both candidate and baseline produced exact results
fuzz1_0172_join__fz_updated,parity-exact,exact,exact,488.73,499.55,0.978,,,Both candidate and baseline produced exact results
fuzz1_0173_filtered_topk__fz_nulls,parity-exact,exact,exact,70.31,71.93,0.977,,,Both candidate and baseline produced exact results
fuzz1_0174_join_min__fz_small_rg,parity-exact,exact,exact,230.12,319.34,0.721,,,Both candidate and baseline produced exact results
fuzz1_0175_topk__fz_reversed_files,parity-exact,exact,exact,290.91,103.18,2.819,,,Both candidate and baseline produced exact results
fuzz1_0176_minmax__fz_str,parity-exact,exact,exact,375.77,453.75,0.828,,,Both candidate and baseline produced exact results
fuzz1_0177_topk__fz_evolved,parity-exact,exact,exact,148.18,145.11,1.021,,,Both candidate and baseline produced exact results
fuzz1_0178_join_min__fz_updated,parity-exact,exact,exact,249.48,460.25,0.542,,,Both candidate and baseline produced exact results
fuzz1_0179_join_topk__fz_updated,parity-exact,exact,exact,206.99,222.9,0.929,,,Both candidate and baseline produced exact results
fuzz1_0180_join__fz_reversed_files,parity-exact,exact,exact,167.94,159.21,1.055,,,Both candidate and baseline produced exact results
fuzz1_0181_topk__fz_long,parity-exact,exact,exact,499.16,107.27,4.653,,,Both candidate and baseline produced exact results
fuzz1_0182_join_topk__fz_updated,parity-exact,exact,exact,436.08,397.84,1.096,,,Both candidate and baseline produced exact results
fuzz1_0183_join__fz_date,parity-exact,exact,exact,235.81,346.16,0.681,,,Both candidate and baseline produced exact results
fuzz1_0184_join_min__fz_pos_deletes,parity-exact,exact,exact,365.37,244.85,1.492,,,Both candidate and baseline produced exact results
fuzz1_0185_minmax__fz_unsorted,parity-exact,exact,exact,68.16,57.29,1.19,,,Both candidate and baseline produced exact results
fuzz1_0186_minmax__fz_unsorted,parity-exact,exact,exact,66.11,61.17,1.081,,,Both candidate and baseline produced exact results
fuzz1_0187_topk__fz_nulls,parity-exact,exact,exact,91.62,67.8,1.351,,,Both candidate and baseline produced exact results
fuzz1_0188_topk__fz_sorted,parity-exact,exact,exact,542.3,101.07,5.366,,,Both candidate and baseline produced exact results
fuzz1_0189_join_topk__fz_pos_deletes,parity-exact,exact,exact,460.12,349.73,1.316,,,Both candidate and baseline produced exact results
fuzz1_0190_join_topk__fz_snapshots,parity-exact,exact,exact,391.21,531.47,0.736,,,Both candidate and baseline produced exact results
fuzz1_0191_join__fz_part_evolved,parity-exact,exact,exact,245.15,274.13,0.894,,,Both candidate and baseline produced exact results
fuzz1_0192_join_topk__fz_long,parity-exact,exact,exact,186.26,159.1,1.171,,,Both candidate and baseline produced exact results
fuzz1_0193_filtered_topk__fz_overlap,parity-exact,exact,exact,122.78,95.6,1.284,,,Both candidate and baseline produced exact results
fuzz1_0194_filtered_topk__fz_long,parity-exact,exact,exact,72.56,70.58,1.028,,,Both candidate and baseline produced exact results
fuzz1_0195_topk__fz_pos_deletes,parity-exact,exact,exact,302.05,106.11,2.847,,,Both candidate and baseline produced exact results
fuzz1_0196_join__fz_overlap,parity-exact,exact,exact,301.77,309.38,0.975,,,Both candidate and baseline produced exact results
fuzz1_0197_join_min__fz_long,parity-exact,exact,exact,201.87,176.18,1.146,,,Both candidate and baseline produced exact results
fuzz1_0198_semi__fz_overlap,parity-exact,exact,exact,117.39,111.6,1.052,,,Both candidate and baseline produced exact results
fuzz1_0199_join_topk__fz_pos_deletes,parity-exact,exact,exact,175.97,238.64,0.737,,,Both candidate and baseline produced exact results
fuzz1_0200_minmax__fz_overlap,parity-exact,exact,exact,91.66,76.73,1.195,,,Both candidate and baseline produced exact results
fuzz1_0201_topk__fz_small_rg,parity-exact,exact,exact,671.0,333.13,2.014,,,Both candidate and baseline produced exact results
fuzz1_0202_filtered_topk__fz_part_evolved,parity-exact,exact,exact,138.71,130.35,1.064,,,Both candidate and baseline produced exact results
fuzz1_0203_semi__fz_sorted,parity-exact,exact,exact,289.59,259.76,1.115,,,Both candidate and baseline produced exact results
fuzz1_0204_filtered_topk__fz_dec,parity-exact,exact,exact,89.68,75.73,1.184,,,Both candidate and baseline produced exact results
fuzz1_0205_topk__fz_sorted,parity-exact,exact,exact,443.38,129.9,3.413,,,Both candidate and baseline produced exact results
fuzz1_0206_join_min__fz_pos_deletes,parity-exact,exact,exact,259.49,222.8,1.165,,,Both candidate and baseline produced exact results
fuzz1_0207_topk__fz_unsorted,parity-exact,exact,exact,100.9,84.34,1.196,,,Both candidate and baseline produced exact results
fuzz1_0208_filtered_topk__fz_str,parity-exact,exact,exact,339.62,398.04,0.853,,,Both candidate and baseline produced exact results
fuzz1_0209_semi__fz_updated,parity-exact,exact,exact,223.65,264.15,0.847,,,Both candidate and baseline produced exact results
fuzz1_0210_minmax__fz_overlap,parity-exact,exact,exact,130.04,108.69,1.196,,,Both candidate and baseline produced exact results
fuzz1_0211_semi__fz_long,parity-exact,exact,exact,485.18,521.19,0.931,,,Both candidate and baseline produced exact results
fuzz1_0212_filtered_topk__fz_evolved,parity-exact,exact,exact,91.3,76.3,1.197,,,Both candidate and baseline produced exact results
fuzz1_0213_join__fz_nulls,parity-exact,exact,exact,244.15,238.22,1.025,,,Both candidate and baseline produced exact results
fuzz1_0214_join_topk__fz_reversed_files,parity-exact,exact,exact,678.94,623.87,1.088,,,Both candidate and baseline produced exact results
fuzz1_0215_join__fz_part_evolved,parity-exact,exact,exact,186.2,213.07,0.874,,,Both candidate and baseline produced exact results
fuzz1_0216_minmax__fz_pos_deletes,parity-exact,exact,exact,66.29,64.8,1.023,,,Both candidate and baseline produced exact results
fuzz1_0217_join__fz_snapshots,parity-exact,exact,exact,438.06,247.71,1.768,,,Both candidate and baseline produced exact results
fuzz1_0218_topk__fz_long,parity-exact,exact,exact,117.9,67.42,1.749,,,Both candidate and baseline produced exact results
fuzz1_0219_join__fz_evolved,parity-exact,exact,exact,338.97,247.66,1.369,,,Both candidate and baseline produced exact results
fuzz1_0220_filtered_topk__fz_pos_deletes,parity-exact,exact,exact,201.53,268.83,0.75,,,Both candidate and baseline produced exact results
fuzz1_0221_semi__fz_evolved,parity-exact,exact,exact,184.56,179.36,1.029,,,Both candidate and baseline produced exact results
fuzz1_0222_join_topk__fz_pos_deletes,parity-exact,exact,exact,166.18,133.33,1.246,,,Both candidate and baseline produced exact results
fuzz1_0223_filtered_topk__fz_sorted,parity-exact,exact,exact,226.67,243.47,0.931,,,Both candidate and baseline produced exact results
fuzz1_0224_topk__fz_part_evolved,parity-exact,exact,exact,127.3,98.44,1.293,,,Both candidate and baseline produced exact results
fuzz1_0225_topk__fz_nulls,parity-exact,exact,exact,101.78,97.73,1.041,,,Both candidate and baseline produced exact results
fuzz1_0226_filtered_topk__fz_pos_deletes,parity-exact,exact,exact,342.33,342.18,1.0,,,Both candidate and baseline produced exact results
fuzz1_0227_semi__fz_unsorted,parity-exact,exact,exact,259.49,291.62,0.89,,,Both candidate and baseline produced exact results
fuzz1_0228_join__fz_snapshots,parity-exact,exact,exact,241.29,157.67,1.53,,,Both candidate and baseline produced exact results
fuzz1_0229_topk__fz_nan,parity-exact,exact,exact,134.31,128.84,1.042,,,Both candidate and baseline produced exact results
fuzz1_0230_join_topk__fz_nan,parity-exact,exact,exact,1018.88,1144.14,0.891,,,Both candidate and baseline produced exact results
fuzz1_0231_topk__fz_sorted,parity-exact,exact,exact,307.28,98.24,3.128,,,Both candidate and baseline produced exact results
fuzz1_0232_join__fz_dec,parity-exact,exact,exact,535.31,600.4,0.892,,,Both candidate and baseline produced exact results
fuzz1_0233_join_topk__fz_dec,parity-exact,exact,exact,603.4,621.55,0.971,,,Both candidate and baseline produced exact results
fuzz1_0234_join_min__fz_skewed,parity-exact,exact,exact,181.92,240.19,0.757,,,Both candidate and baseline produced exact results
fuzz1_0235_semi__fz_updated,parity-exact,exact,exact,241.44,246.56,0.979,,,Both candidate and baseline produced exact results
fuzz1_0236_semi__fz_updated,parity-exact,exact,exact,217.66,219.25,0.993,,,Both candidate and baseline produced exact results
fuzz1_0237_minmax__fz_unsorted,parity-exact,exact,exact,111.63,114.76,0.973,,,Both candidate and baseline produced exact results
fuzz1_0238_topk__fz_unsorted,parity-exact,exact,exact,144.62,110.96,1.303,,,Both candidate and baseline produced exact results
fuzz1_0239_topk__fz_long,parity-exact,exact,exact,358.96,102.21,3.512,,,Both candidate and baseline produced exact results
fuzz1_0240_join_min__fz_str,parity-exact,exact,exact,250.56,286.9,0.873,,,Both candidate and baseline produced exact results
fuzz1_0241_join_topk__fz_overlap,parity-exact,exact,exact,204.1,246.4,0.828,,,Both candidate and baseline produced exact results
fuzz1_0242_join_min__fz_long,parity-exact,exact,exact,269.28,367.15,0.733,,,Both candidate and baseline produced exact results
fuzz1_0243_join_topk__fz_date,parity-exact,exact,exact,636.1,520.13,1.223,,,Both candidate and baseline produced exact results
fuzz1_0244_join_topk__fz_str,baseline-invalid-candidate-pass,exact,,,2508.7,,,,Baseline hit broadcast coalescing bug (mismatch / OversizedAllocationException); candidate passed exact
fuzz1_0245_topk__fz_long,parity-exact,exact,exact,523.1,163.4,3.201,,,Both candidate and baseline produced exact results
fuzz1_0246_join__fz_snapshots,parity-exact,exact,exact,278.87,203.43,1.371,,,Both candidate and baseline produced exact results
fuzz1_0247_join_topk__fz_part_evolved,parity-exact,exact,exact,363.22,329.24,1.103,,,Both candidate and baseline produced exact results
fuzz1_0248_semi__fz_nulls,parity-exact,exact,exact,214.49,183.67,1.168,,,Both candidate and baseline produced exact results
fuzz1_0249_topk__fz_date,parity-exact,exact,exact,94.49,57.34,1.648,,,Both candidate and baseline produced exact results
fuzz1_0250_semi__fz_nulls,parity-exact,exact,exact,176.03,195.66,0.9,,,Both candidate and baseline produced exact results
fuzz1_0251_filtered_topk__fz_skewed,parity-exact,exact,exact,60.35,58.61,1.03,,,Both candidate and baseline produced exact results
fuzz1_0252_join_topk__fz_nulls,parity-exact,exact,exact,236.99,216.17,1.096,,,Both candidate and baseline produced exact results
fuzz1_0253_topk__fz_pos_deletes,parity-exact,exact,exact,299.83,88.26,3.397,,,Both candidate and baseline produced exact results
fuzz1_0254_semi__fz_date,parity-exact,exact,exact,411.69,367.62,1.12,,,Both candidate and baseline produced exact results
fuzz1_0255_join__fz_overlap,parity-exact,exact,exact,217.94,198.56,1.098,,,Both candidate and baseline produced exact results
fuzz1_0256_filtered_topk__fz_overlap,parity-exact,exact,exact,98.84,95.22,1.038,,,Both candidate and baseline produced exact results
fuzz1_0257_filtered_topk__fz_nan,parity-exact,exact,exact,112.66,227.5,0.495,,,Both candidate and baseline produced exact results
fuzz1_0258_join__fz_evolved,parity-exact,exact,exact,474.93,423.51,1.121,,,Both candidate and baseline produced exact results
fuzz1_0259_join_topk__fz_date,parity-exact,exact,exact,276.46,252.15,1.096,,,Both candidate and baseline produced exact results
fuzz1_0260_filtered_topk__fz_nan,parity-exact,exact,exact,111.92,105.09,1.065,,,Both candidate and baseline produced exact results
fuzz1_0261_semi__fz_snapshots,parity-exact,exact,exact,444.46,321.96,1.38,,,Both candidate and baseline produced exact results
fuzz1_0262_minmax__fz_snapshots,parity-exact,exact,exact,337.89,227.66,1.484,,,Both candidate and baseline produced exact results
fuzz1_0263_minmax__fz_nan,parity-exact,exact,exact,112.0,142.49,0.786,,,Both candidate and baseline produced exact results
fuzz1_0264_topk__fz_updated,parity-exact,exact,exact,279.34,263.89,1.059,,,Both candidate and baseline produced exact results
fuzz1_0265_minmax__fz_long,parity-exact,exact,exact,165.1,129.7,1.273,,,Both candidate and baseline produced exact results
fuzz1_0266_minmax__fz_dec,parity-exact,exact,exact,228.85,217.09,1.054,,,Both candidate and baseline produced exact results
fuzz1_0267_join__fz_long,parity-exact,exact,exact,271.27,301.46,0.9,,,Both candidate and baseline produced exact results
fuzz1_0268_topk__fz_updated,parity-exact,exact,exact,387.16,215.48,1.797,,,Both candidate and baseline produced exact results
fuzz1_0269_topk__fz_snapshots,parity-exact,exact,exact,351.81,125.26,2.809,,,Both candidate and baseline produced exact results
fuzz1_0270_filtered_topk__fz_nulls,parity-exact,exact,exact,142.22,146.53,0.971,,,Both candidate and baseline produced exact results
fuzz1_0271_topk__fz_unsorted,parity-exact,exact,exact,111.19,95.36,1.166,,,Both candidate and baseline produced exact results
fuzz1_0272_join__fz_evolved,parity-exact,exact,exact,320.06,922.92,0.347,,,Both candidate and baseline produced exact results
fuzz1_0273_join_min__fz_reversed_files,parity-exact,exact,exact,374.55,198.01,1.892,,,Both candidate and baseline produced exact results
fuzz1_0274_join__fz_snapshots,parity-exact,exact,exact,603.65,434.69,1.389,,,Both candidate and baseline produced exact results
fuzz1_0275_join_topk__fz_small_rg,parity-exact,exact,exact,200.55,216.24,0.927,,,Both candidate and baseline produced exact results
fuzz1_0276_join__fz_long,parity-exact,exact,exact,119.75,133.23,0.899,,,Both candidate and baseline produced exact results
fuzz1_0277_join__fz_updated,parity-exact,exact,exact,1046.57,1007.96,1.038,,,Both candidate and baseline produced exact results
fuzz1_0278_filtered_topk__fz_small_rg,parity-exact,exact,exact,551.97,591.74,0.933,,,Both candidate and baseline produced exact results
fuzz1_0279_join_min__fz_evolved,parity-exact,exact,exact,204.15,188.35,1.084,,,Both candidate and baseline produced exact results
fuzz1_0280_minmax__fz_str,parity-exact,exact,exact,641.5,643.3,0.997,,,Both candidate and baseline produced exact results
fuzz1_0281_minmax__fz_skewed,parity-exact,exact,exact,48.77,61.56,0.792,,,Both candidate and baseline produced exact results
fuzz1_0282_join__fz_nan,parity-exact,exact,exact,526.27,516.98,1.018,,,Both candidate and baseline produced exact results
fuzz1_0283_join__fz_reversed_files,parity-exact,exact,exact,432.35,258.76,1.671,,,Both candidate and baseline produced exact results
fuzz1_0284_join__fz_sorted,parity-exact,exact,exact,302.31,259.7,1.164,,,Both candidate and baseline produced exact results
fuzz1_0285_topk__fz_pos_deletes,parity-exact,exact,exact,304.66,61.38,4.964,,,Both candidate and baseline produced exact results
fuzz1_0286_filtered_topk__fz_dec,parity-exact,exact,exact,159.29,146.45,1.088,,,Both candidate and baseline produced exact results
fuzz1_0287_minmax__fz_skewed,parity-exact,exact,exact,72.73,79.34,0.917,,,Both candidate and baseline produced exact results
fuzz1_0288_minmax__fz_str,parity-exact,exact,exact,532.71,616.32,0.864,,,Both candidate and baseline produced exact results
fuzz1_0289_semi__fz_sorted,parity-exact,exact,exact,196.31,202.87,0.968,,,Both candidate and baseline produced exact results
fuzz1_0290_filtered_topk__fz_dec,parity-exact,exact,exact,126.43,120.69,1.048,,,Both candidate and baseline produced exact results
fuzz1_0291_join__fz_part_evolved,parity-exact,exact,exact,125.39,87.4,1.435,,,Both candidate and baseline produced exact results
fuzz1_0292_filtered_topk__fz_nan,parity-exact,exact,exact,258.15,172.36,1.498,,,Both candidate and baseline produced exact results
fuzz1_0293_topk__fz_str,parity-exact,exact,exact,297.59,283.74,1.049,,,Both candidate and baseline produced exact results
fuzz1_0294_topk__fz_small_rg,parity-exact,exact,exact,351.59,302.67,1.162,,,Both candidate and baseline produced exact results
fuzz1_0295_semi__fz_dec,parity-exact,exact,exact,751.16,911.82,0.824,,,Both candidate and baseline produced exact results
fuzz1_0296_join__fz_part_evolved,parity-exact,exact,exact,77.5,83.41,0.929,,,Both candidate and baseline produced exact results
fuzz1_0297_join__fz_nulls,parity-exact,exact,exact,182.58,200.26,0.912,,,Both candidate and baseline produced exact results
fuzz1_0298_topk__fz_overlap,parity-exact,exact,exact,164.44,80.51,2.043,,,Both candidate and baseline produced exact results
fuzz1_0299_minmax__fz_updated,parity-exact,exact,exact,73.54,108.74,0.676,,,Both candidate and baseline produced exact results
fuzz1_0300_topk__fz_evolved,parity-exact,exact,exact,166.87,141.89,1.176,,,Both candidate and baseline produced exact results
fuzz1_0301_join_min__fz_sorted,parity-exact,exact,exact,347.74,347.81,1.0,,,Both candidate and baseline produced exact results
fuzz1_0302_join__fz_date,parity-exact,exact,exact,334.43,157.51,2.123,,,Both candidate and baseline produced exact results
fuzz1_0303_minmax__fz_sorted,parity-exact,exact,exact,101.99,190.44,0.536,,,Both candidate and baseline produced exact results
fuzz1_0304_filtered_topk__fz_overlap,parity-exact,exact,exact,104.89,104.63,1.002,,,Both candidate and baseline produced exact results
fuzz1_0305_join_min__fz_str,baseline-invalid-candidate-pass,exact,mismatch,,1291.03,,,,Baseline hit broadcast coalescing bug (mismatch / OversizedAllocationException); candidate passed exact
fuzz1_0306_topk__fz_updated,parity-exact,exact,exact,412.47,191.99,2.148,,,Both candidate and baseline produced exact results
fuzz1_0307_topk__fz_pos_deletes,parity-exact,exact,exact,88.21,91.34,0.966,,,Both candidate and baseline produced exact results
fuzz1_0308_topk__fz_small_rg,parity-exact,exact,exact,677.88,336.36,2.015,,,Both candidate and baseline produced exact results
fuzz1_0309_semi__fz_skewed,parity-exact,exact,exact,352.65,334.19,1.055,,,Both candidate and baseline produced exact results
fuzz1_0310_join__fz_skewed,parity-exact,exact,exact,191.3,254.55,0.752,,,Both candidate and baseline produced exact results
fuzz1_0311_semi__fz_evolved,parity-exact,exact,exact,188.94,252.33,0.749,,,Both candidate and baseline produced exact results
fuzz1_0312_minmax__fz_sorted,parity-exact,exact,exact,63.75,57.06,1.117,,,Both candidate and baseline produced exact results
fuzz1_0313_filtered_topk__fz_nulls,parity-exact,exact,exact,180.71,170.43,1.06,,,Both candidate and baseline produced exact results
fuzz1_0314_topk__fz_reversed_files,parity-exact,exact,exact,306.49,125.14,2.449,,,Both candidate and baseline produced exact results
fuzz1_0315_topk__fz_evolved,parity-exact,exact,exact,101.1,122.26,0.827,,,Both candidate and baseline produced exact results
fuzz1_0316_topk__fz_part_evolved,parity-exact,exact,exact,183.15,194.11,0.944,,,Both candidate and baseline produced exact results
fuzz1_0317_topk__fz_nan,parity-exact,exact,exact,1076.41,925.85,1.163,,,Both candidate and baseline produced exact results
fuzz1_0318_join_min__fz_str,baseline-invalid-candidate-pass,exact,mismatch,,679.56,,,,Baseline hit broadcast coalescing bug (mismatch / OversizedAllocationException); candidate passed exact
fuzz1_0319_join_topk__fz_small_rg,parity-exact,exact,exact,614.47,595.89,1.031,,,Both candidate and baseline produced exact results
fuzz1_0320_filtered_topk__fz_reversed_files,parity-exact,exact,exact,179.88,124.9,1.44,,,Both candidate and baseline produced exact results
fuzz1_0321_topk__fz_date,parity-exact,exact,exact,121.84,68.92,1.768,,,Both candidate and baseline produced exact results
fuzz1_0322_join_topk__fz_pos_deletes,parity-exact,exact,exact,329.48,446.24,0.738,,,Both candidate and baseline produced exact results
fuzz1_0323_filtered_topk__fz_updated,parity-exact,exact,exact,552.66,522.64,1.057,,,Both candidate and baseline produced exact results
fuzz1_0324_join__fz_dec,parity-exact,exact,exact,503.69,494.66,1.018,,,Both candidate and baseline produced exact results
fuzz1_0325_join__fz_sorted,parity-exact,exact,exact,225.76,188.15,1.2,,,Both candidate and baseline produced exact results
fuzz1_0326_minmax__fz_skewed,parity-exact,exact,exact,79.81,72.09,1.107,,,Both candidate and baseline produced exact results
fuzz1_0327_join_min__fz_overlap,parity-exact,exact,exact,417.4,416.36,1.003,,,Both candidate and baseline produced exact results
fuzz1_0328_topk__fz_updated,parity-exact,exact,exact,111.13,110.61,1.005,,,Both candidate and baseline produced exact results
fuzz1_0329_topk__fz_dec,parity-exact,exact,exact,530.29,507.16,1.046,,,Both candidate and baseline produced exact results
fuzz1_0330_join_topk__fz_skewed,parity-exact,exact,exact,159.86,141.27,1.132,,,Both candidate and baseline produced exact results
fuzz1_0331_filtered_topk__fz_nulls,parity-exact,exact,exact,86.36,77.17,1.119,,,Both candidate and baseline produced exact results
fuzz1_0332_topk__fz_overlap,parity-exact,exact,exact,164.91,80.93,2.038,,,Both candidate and baseline produced exact results
fuzz1_0333_semi__fz_skewed,parity-exact,exact,exact,491.85,555.75,0.885,,,Both candidate and baseline produced exact results
fuzz1_0334_join__fz_part_evolved,parity-exact,exact,exact,238.38,256.3,0.93,,,Both candidate and baseline produced exact results
fuzz1_0335_join__fz_small_rg,parity-exact,exact,exact,194.39,192.13,1.012,,,Both candidate and baseline produced exact results
fuzz1_0336_join_min__fz_evolved,parity-exact,exact,exact,415.64,443.18,0.938,,,Both candidate and baseline produced exact results
fuzz1_0337_join__fz_nulls,parity-exact,exact,exact,243.21,658.93,0.369,,,Both candidate and baseline produced exact results
fuzz1_0338_join__fz_long,parity-exact,exact,exact,146.78,514.95,0.285,,,Both candidate and baseline produced exact results
fuzz1_0339_topk__fz_reversed_files,parity-exact,exact,exact,290.36,144.62,2.008,,,Both candidate and baseline produced exact results
fuzz1_0340_topk__fz_pos_deletes,parity-exact,exact,exact,273.06,95.54,2.858,,,Both candidate and baseline produced exact results
fuzz1_0341_join_topk__fz_snapshots,parity-exact,exact,exact,2281.05,1090.02,2.093,,,Both candidate and baseline produced exact results
fuzz1_0342_semi__fz_skewed,parity-exact,exact,exact,116.0,127.49,0.91,,,Both candidate and baseline produced exact results
fuzz1_0343_topk__fz_long,parity-exact,exact,exact,246.81,76.6,3.222,,,Both candidate and baseline produced exact results
fuzz1_0344_minmax__fz_skewed,parity-exact,exact,exact,113.86,132.36,0.86,,,Both candidate and baseline produced exact results
fuzz1_0345_join_topk__fz_skewed,parity-exact,exact,exact,271.69,394.43,0.689,,,Both candidate and baseline produced exact results
fuzz1_0346_topk__fz_nulls,parity-exact,exact,exact,128.74,85.12,1.512,,,Both candidate and baseline produced exact results
fuzz1_0347_join_min__fz_nulls,parity-exact,exact,exact,276.4,257.42,1.074,,,Both candidate and baseline produced exact results
fuzz1_0348_semi__fz_nan,parity-exact,exact,exact,510.01,543.82,0.938,,,Both candidate and baseline produced exact results
fuzz1_0349_topk__fz_pos_deletes,parity-exact,exact,exact,265.24,87.73,3.023,,,Both candidate and baseline produced exact results
fuzz1_0350_topk__fz_unsorted,parity-exact,exact,exact,95.23,68.22,1.396,,,Both candidate and baseline produced exact results
fuzz1_0351_join__fz_str,baseline-invalid-candidate-pass,exact,mismatch,,553.44,,,,Baseline hit broadcast coalescing bug (mismatch / OversizedAllocationException); candidate passed exact
fuzz1_0352_join_min__fz_nulls,parity-exact,exact,exact,120.0,161.63,0.742,,,Both candidate and baseline produced exact results
fuzz1_0353_join__fz_dec,parity-exact,exact,exact,406.37,377.52,1.076,,,Both candidate and baseline produced exact results
fuzz1_0354_minmax__fz_small_rg,parity-exact,exact,exact,63.01,62.53,1.008,,,Both candidate and baseline produced exact results
fuzz1_0355_minmax__fz_small_rg,parity-exact,exact,exact,253.13,206.34,1.227,,,Both candidate and baseline produced exact results
fuzz1_0356_topk__fz_dec,parity-exact,exact,exact,157.95,175.31,0.901,,,Both candidate and baseline produced exact results
fuzz1_0357_minmax__fz_reversed_files,parity-exact,exact,exact,239.51,136.08,1.76,,,Both candidate and baseline produced exact results
fuzz1_0358_topk__fz_dec,parity-exact,exact,exact,122.03,128.84,0.947,,,Both candidate and baseline produced exact results
fuzz1_0359_topk__fz_nan,parity-exact,exact,exact,140.53,138.91,1.012,,,Both candidate and baseline produced exact results
fuzz1_0360_join__fz_part_evolved,parity-exact,exact,exact,249.63,260.92,0.957,,,Both candidate and baseline produced exact results
fuzz1_0361_filtered_topk__fz_str,parity-exact,exact,exact,233.6,201.7,1.158,,,Both candidate and baseline produced exact results
fuzz1_0362_join_topk__fz_overlap,parity-exact,exact,exact,284.71,237.18,1.2,,,Both candidate and baseline produced exact results
fuzz1_0363_topk__fz_nan,parity-exact,exact,exact,97.4,117.17,0.831,,,Both candidate and baseline produced exact results
fuzz1_0364_join__fz_nulls,parity-exact,exact,exact,385.11,403.06,0.955,,,Both candidate and baseline produced exact results
fuzz1_0365_topk__fz_part_evolved,parity-exact,exact,exact,284.33,178.09,1.597,,,Both candidate and baseline produced exact results
fuzz1_0366_semi__fz_skewed,parity-exact,exact,exact,139.5,111.47,1.252,,,Both candidate and baseline produced exact results
fuzz1_0367_topk__fz_date,parity-exact,exact,exact,128.99,66.51,1.939,,,Both candidate and baseline produced exact results
fuzz1_0368_minmax__fz_dec,parity-exact,exact,exact,95.39,83.33,1.145,,,Both candidate and baseline produced exact results
fuzz1_0369_join__fz_unsorted,parity-exact,exact,exact,131.43,115.74,1.136,,,Both candidate and baseline produced exact results
fuzz1_0370_topk__fz_skewed,parity-exact,exact,exact,551.41,119.51,4.614,,,Both candidate and baseline produced exact results
fuzz1_0371_minmax__fz_unsorted,parity-exact,exact,exact,104.69,96.93,1.08,,,Both candidate and baseline produced exact results
fuzz1_0372_join__fz_skewed,parity-exact,exact,exact,759.59,825.61,0.92,,,Both candidate and baseline produced exact results
fuzz1_0373_topk__fz_skewed,parity-exact,exact,exact,133.73,62.93,2.125,,,Both candidate and baseline produced exact results
fuzz1_0374_topk__fz_date,parity-exact,exact,exact,116.57,57.55,2.026,,,Both candidate and baseline produced exact results
fuzz1_0375_join_topk__fz_sorted,parity-exact,exact,exact,264.42,330.94,0.799,,,Both candidate and baseline produced exact results
fuzz1_0376_topk__fz_reversed_files,parity-exact,exact,exact,314.38,171.01,1.838,,,Both candidate and baseline produced exact results
fuzz1_0377_join__fz_small_rg,parity-exact,exact,exact,843.3,810.16,1.041,,,Both candidate and baseline produced exact results
fuzz1_0378_join_min__fz_unsorted,parity-exact,exact,exact,170.51,207.73,0.821,,,Both candidate and baseline produced exact results
fuzz1_0379_semi__fz_updated,parity-exact,exact,exact,193.5,162.07,1.194,,,Both candidate and baseline produced exact results
fuzz1_0380_join_topk__fz_unsorted,parity-exact,exact,exact,208.46,149.69,1.393,,,Both candidate and baseline produced exact results
fuzz1_0381_semi__fz_str,parity-exact,exact,exact,208.31,150.34,1.386,,,Both candidate and baseline produced exact results
fuzz1_0382_join__fz_small_rg,parity-exact,exact,exact,308.67,301.28,1.025,,,Both candidate and baseline produced exact results
fuzz1_0383_join_min__fz_small_rg,parity-exact,exact,exact,1373.66,1232.69,1.114,,,Both candidate and baseline produced exact results
fuzz1_0384_join__fz_reversed_files,parity-exact,exact,exact,403.09,227.32,1.773,,,Both candidate and baseline produced exact results
fuzz1_0385_join_min__fz_str,parity-exact,exact,exact,138.72,184.18,0.753,,,Both candidate and baseline produced exact results
fuzz1_0386_semi__fz_reversed_files,parity-exact,exact,exact,159.47,110.22,1.447,,,Both candidate and baseline produced exact results
fuzz1_0387_topk__fz_updated,parity-exact,exact,exact,197.93,190.54,1.039,,,Both candidate and baseline produced exact results
fuzz1_0388_minmax__fz_date,parity-exact,exact,exact,71.88,72.52,0.991,,,Both candidate and baseline produced exact results
fuzz1_0389_semi__fz_updated,parity-exact,exact,exact,198.8,197.15,1.008,,,Both candidate and baseline produced exact results
fuzz1_0390_join_min__fz_str,parity-exact,exact,exact,195.25,179.04,1.091,,,Both candidate and baseline produced exact results
fuzz1_0391_minmax__fz_str,parity-exact,exact,exact,348.45,413.8,0.842,,,Both candidate and baseline produced exact results
fuzz1_0392_join__fz_long,parity-exact,exact,exact,176.6,119.69,1.475,,,Both candidate and baseline produced exact results
fuzz1_0393_semi__fz_snapshots,parity-exact,exact,exact,341.17,382.05,0.893,,,Both candidate and baseline produced exact results
fuzz1_0394_filtered_topk__fz_date,parity-exact,exact,exact,109.56,102.27,1.071,,,Both candidate and baseline produced exact results
fuzz1_0395_join_min__fz_part_evolved,parity-exact,exact,exact,234.43,317.17,0.739,,,Both candidate and baseline produced exact results
fuzz1_0396_join_topk__fz_long,parity-exact,exact,exact,302.08,242.46,1.246,,,Both candidate and baseline produced exact results
fuzz1_0397_filtered_topk__fz_skewed,parity-exact,exact,exact,116.09,71.74,1.618,,,Both candidate and baseline produced exact results
fuzz1_0398_join_min__fz_sorted,parity-exact,exact,exact,458.4,179.27,2.557,,,Both candidate and baseline produced exact results
fuzz1_0399_minmax__fz_nan,parity-exact,exact,exact,131.87,137.99,0.956,,,Both candidate and baseline produced exact results
fuzz1_0400_topk__fz_overlap,parity-exact,exact,exact,167.8,80.99,2.072,,,Both candidate and baseline produced exact results
fuzz1_0401_join__fz_long,parity-exact,exact,exact,219.56,235.26,0.933,,,Both candidate and baseline produced exact results
fuzz1_0402_topk__fz_skewed,parity-exact,exact,exact,91.88,62.81,1.463,,,Both candidate and baseline produced exact results
fuzz1_0403_topk__fz_str,parity-exact,exact,exact,807.72,800.28,1.009,,,Both candidate and baseline produced exact results
fuzz1_0404_topk__fz_skewed,parity-exact,exact,exact,112.07,71.01,1.578,,,Both candidate and baseline produced exact results
fuzz1_0405_semi__fz_str,parity-exact,exact,exact,330.01,369.42,0.893,,,Both candidate and baseline produced exact results
fuzz1_0406_minmax__fz_skewed,parity-exact,exact,exact,121.48,119.02,1.021,,,Both candidate and baseline produced exact results
fuzz1_0407_join_min__fz_skewed,parity-exact,exact,exact,164.76,178.58,0.923,,,Both candidate and baseline produced exact results
fuzz1_0408_semi__fz_overlap,parity-exact,exact,exact,293.25,228.72,1.282,,,Both candidate and baseline produced exact results
fuzz1_0409_join__fz_part_evolved,parity-exact,exact,exact,811.43,1138.66,0.713,,,Both candidate and baseline produced exact results
fuzz1_0410_join__fz_sorted,parity-exact,exact,exact,224.46,248.54,0.903,,,Both candidate and baseline produced exact results
fuzz1_0411_topk__fz_sorted,parity-exact,exact,exact,78.66,65.31,1.205,,,Both candidate and baseline produced exact results
fuzz1_0412_semi__fz_snapshots,parity-exact,exact,exact,282.24,244.22,1.156,,,Both candidate and baseline produced exact results
fuzz1_0413_topk__fz_small_rg,parity-exact,exact,exact,171.86,129.47,1.327,,,Both candidate and baseline produced exact results
fuzz1_0414_topk__fz_snapshots,parity-exact,exact,exact,448.94,237.9,1.887,,,Both candidate and baseline produced exact results
fuzz1_0415_minmax__fz_date,parity-exact,exact,exact,61.11,59.89,1.02,,,Both candidate and baseline produced exact results
fuzz1_0416_filtered_topk__fz_long,parity-exact,exact,exact,96.46,82.99,1.162,,,Both candidate and baseline produced exact results
fuzz1_0417_semi__fz_skewed,parity-exact,exact,exact,237.44,259.09,0.916,,,Both candidate and baseline produced exact results
fuzz1_0418_semi__fz_skewed,parity-exact,exact,exact,175.93,182.96,0.962,,,Both candidate and baseline produced exact results
fuzz1_0419_topk__fz_part_evolved,parity-exact,exact,exact,578.36,322.0,1.796,,,Both candidate and baseline produced exact results
fuzz1_0420_join__fz_dec,parity-exact,exact,exact,484.46,639.73,0.757,,,Both candidate and baseline produced exact results
fuzz1_0421_topk__fz_nan,parity-exact,exact,exact,214.87,216.15,0.994,,,Both candidate and baseline produced exact results
fuzz1_0422_join_topk__fz_evolved,parity-exact,exact,exact,169.07,192.76,0.877,,,Both candidate and baseline produced exact results
fuzz1_0423_topk__fz_str,parity-exact,exact,exact,210.98,206.6,1.021,,,Both candidate and baseline produced exact results
fuzz1_0424_join__fz_reversed_files,parity-exact,exact,exact,452.62,304.86,1.485,,,Both candidate and baseline produced exact results
fuzz1_0425_join__fz_long,parity-exact,exact,exact,245.01,266.05,0.921,,,Both candidate and baseline produced exact results
fuzz1_0426_topk__fz_overlap,parity-exact,exact,exact,105.88,65.82,1.609,,,Both candidate and baseline produced exact results
fuzz1_0427_topk__fz_date,parity-exact,exact,exact,803.04,153.84,5.22,,,Both candidate and baseline produced exact results
fuzz1_0428_join__fz_long,parity-exact,exact,exact,568.97,563.25,1.01,,,Both candidate and baseline produced exact results
fuzz1_0429_join__fz_date,parity-exact,exact,exact,474.41,257.27,1.844,,,Both candidate and baseline produced exact results
fuzz1_0430_minmax__fz_updated,parity-exact,exact,exact,96.07,101.1,0.95,,,Both candidate and baseline produced exact results
fuzz1_0431_join__fz_part_evolved,parity-exact,exact,exact,422.86,436.74,0.968,,,Both candidate and baseline produced exact results
fuzz1_0432_join__fz_unsorted,parity-exact,exact,exact,193.47,193.26,1.001,,,Both candidate and baseline produced exact results
fuzz1_0433_join__fz_sorted,parity-exact,exact,exact,310.99,365.68,0.85,,,Both candidate and baseline produced exact results
fuzz1_0434_topk__fz_long,parity-exact,exact,exact,100.57,88.39,1.138,,,Both candidate and baseline produced exact results
fuzz1_0435_join__fz_part_evolved,parity-exact,exact,exact,227.7,235.77,0.966,,,Both candidate and baseline produced exact results
fuzz1_0436_join_topk__fz_dec,parity-exact,exact,exact,501.85,426.44,1.177,,,Both candidate and baseline produced exact results
fuzz1_0437_topk__fz_date,parity-exact,exact,exact,249.12,94.37,2.64,,,Both candidate and baseline produced exact results
fuzz1_0438_minmax__fz_pos_deletes,parity-exact,exact,exact,145.31,141.71,1.025,,,Both candidate and baseline produced exact results
fuzz1_0439_filtered_topk__fz_pos_deletes,parity-exact,exact,exact,398.33,403.5,0.987,,,Both candidate and baseline produced exact results
fuzz1_0440_topk__fz_str,parity-exact,exact,exact,182.68,218.24,0.837,,,Both candidate and baseline produced exact results
fuzz1_0441_filtered_topk__fz_sorted,parity-exact,exact,exact,177.62,166.98,1.064,,,Both candidate and baseline produced exact results
fuzz1_0442_topk__fz_part_evolved,parity-exact,exact,exact,105.8,81.51,1.298,,,Both candidate and baseline produced exact results
fuzz1_0443_minmax__fz_long,parity-exact,exact,exact,120.08,115.07,1.044,,,Both candidate and baseline produced exact results
fuzz1_0444_semi__fz_reversed_files,parity-exact,exact,exact,289.0,176.56,1.637,,,Both candidate and baseline produced exact results
fuzz1_0445_join__fz_str,parity-exact,exact,exact,313.46,324.42,0.966,,,Both candidate and baseline produced exact results
fuzz1_0446_join_min__fz_skewed,parity-exact,exact,exact,345.89,379.06,0.913,,,Both candidate and baseline produced exact results
fuzz1_0447_join__fz_skewed,parity-exact,exact,exact,208.0,209.5,0.993,,,Both candidate and baseline produced exact results
fuzz1_0448_join__fz_long,parity-exact,exact,exact,175.42,183.97,0.954,,,Both candidate and baseline produced exact results
fuzz1_0449_semi__fz_overlap,parity-exact,exact,exact,127.1,124.47,1.021,,,Both candidate and baseline produced exact results
fuzz1_0450_topk__fz_nan,parity-exact,exact,exact,205.85,113.98,1.806,,,Both candidate and baseline produced exact results
fuzz1_0451_topk__fz_sorted,parity-exact,exact,exact,126.53,80.19,1.578,,,Both candidate and baseline produced exact results
fuzz1_0452_topk__fz_evolved,parity-exact,exact,exact,95.54,74.88,1.276,,,Both candidate and baseline produced exact results
fuzz1_0453_join_topk__fz_unsorted,parity-exact,exact,exact,326.83,260.04,1.257,,,Both candidate and baseline produced exact results
fuzz1_0454_join_topk__fz_dec,parity-exact,exact,exact,477.31,662.18,0.721,,,Both candidate and baseline produced exact results
fuzz1_0455_topk__fz_part_evolved,parity-exact,exact,exact,268.1,165.6,1.619,,,Both candidate and baseline produced exact results
fuzz1_0456_topk__fz_skewed,parity-exact,exact,exact,154.46,66.75,2.314,,,Both candidate and baseline produced exact results
fuzz1_0457_join_min__fz_long,parity-exact,exact,exact,135.81,173.34,0.784,,,Both candidate and baseline produced exact results
fuzz1_0458_join_min__fz_date,parity-exact,exact,exact,174.99,241.54,0.725,,,Both candidate and baseline produced exact results
fuzz1_0459_topk__fz_reversed_files,parity-exact,exact,exact,249.65,103.75,2.406,,,Both candidate and baseline produced exact results
fuzz1_0460_join_min__fz_snapshots,parity-exact,exact,exact,355.58,167.62,2.121,,,Both candidate and baseline produced exact results
fuzz1_0461_semi__fz_date,parity-exact,exact,exact,315.0,474.36,0.664,,,Both candidate and baseline produced exact results
fuzz1_0462_topk__fz_long,parity-exact,exact,exact,728.13,219.05,3.324,,,Both candidate and baseline produced exact results
fuzz1_0463_topk__fz_long,parity-exact,exact,exact,402.28,75.15,5.353,,,Both candidate and baseline produced exact results
fuzz1_0464_join_min__fz_nulls,parity-exact,exact,exact,403.02,238.43,1.69,,,Both candidate and baseline produced exact results
fuzz1_0465_join__fz_sorted,parity-exact,exact,exact,193.81,178.7,1.085,,,Both candidate and baseline produced exact results
fuzz1_0466_join_topk__fz_nan,parity-exact,exact,exact,426.01,281.24,1.515,,,Both candidate and baseline produced exact results
fuzz1_0467_join__fz_sorted,parity-exact,exact,exact,218.21,205.0,1.064,,,Both candidate and baseline produced exact results
fuzz1_0468_topk__fz_sorted,parity-exact,exact,exact,116.34,77.9,1.493,,,Both candidate and baseline produced exact results
fuzz1_0469_join__fz_pos_deletes,parity-exact,exact,exact,116.91,106.07,1.102,,,Both candidate and baseline produced exact results
fuzz1_0470_minmax__fz_long,parity-exact,exact,exact,93.91,68.59,1.369,,,Both candidate and baseline produced exact results
fuzz1_0471_semi__fz_reversed_files,parity-exact,exact,exact,400.06,253.4,1.579,,,Both candidate and baseline produced exact results
fuzz1_0472_join_min__fz_date,parity-exact,exact,exact,188.74,155.2,1.216,,,Both candidate and baseline produced exact results
fuzz1_0473_filtered_topk__fz_nan,parity-exact,exact,exact,141.55,153.5,0.922,,,Both candidate and baseline produced exact results
fuzz1_0474_join__fz_updated,parity-exact,exact,exact,246.58,289.68,0.851,,,Both candidate and baseline produced exact results
fuzz1_0475_join_min__fz_dec,parity-exact,exact,exact,536.69,520.0,1.032,,,Both candidate and baseline produced exact results
fuzz1_0476_join__fz_small_rg,parity-exact,exact,exact,352.41,309.9,1.137,,,Both candidate and baseline produced exact results
fuzz1_0477_minmax__fz_reversed_files,parity-exact,exact,exact,265.73,123.38,2.154,,,Both candidate and baseline produced exact results
fuzz1_0478_minmax__fz_small_rg,parity-exact,exact,exact,143.32,111.72,1.283,,,Both candidate and baseline produced exact results
fuzz1_0479_minmax__fz_part_evolved,parity-exact,exact,exact,238.27,248.01,0.961,,,Both candidate and baseline produced exact results
fuzz1_0480_topk__fz_overlap,parity-exact,exact,exact,125.05,74.98,1.668,,,Both candidate and baseline produced exact results
fuzz1_0481_join_min__fz_date,parity-exact,exact,exact,384.48,336.1,1.144,,,Both candidate and baseline produced exact results
fuzz1_0482_semi__fz_part_evolved,parity-exact,exact,exact,213.64,365.8,0.584,,,Both candidate and baseline produced exact results
fuzz1_0483_semi__fz_nan,parity-exact,exact,exact,447.28,284.81,1.57,,,Both candidate and baseline produced exact results
fuzz1_0484_minmax__fz_evolved,parity-exact,exact,exact,76.75,78.62,0.976,,,Both candidate and baseline produced exact results
fuzz1_0485_join_min__fz_dec,parity-exact,exact,exact,330.0,455.44,0.725,,,Both candidate and baseline produced exact results
fuzz1_0486_topk__fz_reversed_files,parity-exact,exact,exact,281.24,189.41,1.485,,,Both candidate and baseline produced exact results
fuzz1_0487_join__fz_skewed,parity-exact,exact,exact,204.98,266.02,0.771,,,Both candidate and baseline produced exact results
fuzz1_0488_filtered_topk__fz_long,parity-exact,exact,exact,300.57,260.47,1.154,,,Both candidate and baseline produced exact results
fuzz1_0489_semi__fz_date,parity-exact,exact,exact,317.25,294.36,1.078,,,Both candidate and baseline produced exact results
fuzz1_0490_join_min__fz_skewed,parity-exact,exact,exact,305.39,180.65,1.691,,,Both candidate and baseline produced exact results
fuzz1_0491_topk__fz_long,parity-exact,exact,exact,196.84,152.09,1.294,,,Both candidate and baseline produced exact results
fuzz1_0492_semi__fz_overlap,parity-exact,exact,exact,144.7,133.65,1.083,,,Both candidate and baseline produced exact results
fuzz1_0493_join_min__fz_date,parity-exact,exact,exact,166.23,176.77,0.94,,,Both candidate and baseline produced exact results
fuzz1_0494_join_min__fz_part_evolved,parity-exact,exact,exact,1660.31,1683.14,0.986,,,Both candidate and baseline produced exact results
fuzz1_0495_semi__fz_part_evolved,parity-exact,exact,exact,277.04,207.73,1.334,,,Both candidate and baseline produced exact results
fuzz1_0496_join__fz_skewed,parity-exact,exact,exact,191.2,157.14,1.217,,,Both candidate and baseline produced exact results
fuzz1_0497_topk__fz_pos_deletes,parity-exact,exact,exact,79.41,69.71,1.139,,,Both candidate and baseline produced exact results
fuzz1_0498_topk__fz_small_rg,parity-exact,exact,exact,553.52,212.05,2.61,,,Both candidate and baseline produced exact results
fuzz1_0499_join__fz_pos_deletes,parity-exact,exact,exact,532.24,368.83,1.443,,,Both candidate and baseline produced exact results
fuzz2_0000_join__fz_dec,parity-exact,exact,exact,448.52,507.19,0.884,,,Both candidate and baseline produced exact results
fuzz2_0001_topk__fz_reversed_files,parity-exact,exact,exact,327.0,79.16,4.131,,,Both candidate and baseline produced exact results
fuzz2_0002_join_topk__fz_nulls,parity-exact,exact,exact,191.83,177.58,1.08,,,Both candidate and baseline produced exact results
fuzz2_0003_filtered_topk__fz_str,parity-exact,exact,exact,156.44,138.55,1.129,,,Both candidate and baseline produced exact results
fuzz2_0004_join_min__fz_small_rg,parity-exact,exact,exact,469.26,457.84,1.025,,,Both candidate and baseline produced exact results
fuzz2_0005_semi__fz_updated,parity-exact,exact,exact,183.79,265.95,0.691,,,Both candidate and baseline produced exact results
fuzz2_0006_topk__fz_nulls,parity-exact,exact,exact,87.23,66.19,1.318,,,Both candidate and baseline produced exact results
fuzz2_0007_semi__fz_nulls,parity-exact,exact,exact,149.82,158.12,0.948,,,Both candidate and baseline produced exact results
fuzz2_0008_minmax__fz_updated,parity-exact,exact,exact,102.56,110.65,0.927,,,Both candidate and baseline produced exact results
fuzz2_0009_join_topk__fz_str,parity-exact,exact,exact,510.19,547.45,0.932,,,Both candidate and baseline produced exact results
fuzz2_0010_join_min__fz_snapshots,parity-exact,exact,exact,326.05,228.72,1.426,,,Both candidate and baseline produced exact results
fuzz2_0011_join_min__fz_part_evolved,parity-exact,exact,exact,257.17,297.21,0.865,,,Both candidate and baseline produced exact results
fuzz2_0012_minmax__fz_updated,parity-exact,exact,exact,187.44,182.46,1.027,,,Both candidate and baseline produced exact results
fuzz2_0013_filtered_topk__fz_small_rg,parity-exact,exact,exact,158.0,205.76,0.768,,,Both candidate and baseline produced exact results
fuzz2_0014_minmax__fz_part_evolved,parity-exact,exact,exact,67.5,65.65,1.028,,,Both candidate and baseline produced exact results
fuzz2_0015_join_min__fz_pos_deletes,parity-exact,exact,exact,289.57,312.57,0.926,,,Both candidate and baseline produced exact results
fuzz2_0016_filtered_topk__fz_updated,parity-exact,exact,exact,359.71,317.8,1.132,,,Both candidate and baseline produced exact results
fuzz2_0017_topk__fz_reversed_files,parity-exact,exact,exact,428.48,207.62,2.064,,,Both candidate and baseline produced exact results
fuzz2_0018_join__fz_skewed,parity-exact,exact,exact,1468.04,1610.68,0.911,,,Both candidate and baseline produced exact results
fuzz2_0019_join__fz_dec,parity-exact,exact,exact,548.63,454.46,1.207,,,Both candidate and baseline produced exact results
fuzz2_0020_filtered_topk__fz_long,parity-exact,exact,exact,166.4,143.47,1.16,,,Both candidate and baseline produced exact results
fuzz2_0021_join__fz_overlap,parity-exact,exact,exact,278.52,279.28,0.997,,,Both candidate and baseline produced exact results
fuzz2_0022_topk__fz_date,parity-exact,exact,exact,74.65,71.13,1.049,,,Both candidate and baseline produced exact results
fuzz2_0023_join_min__fz_nan,parity-exact,exact,exact,728.48,751.21,0.97,,,Both candidate and baseline produced exact results
fuzz2_0024_join__fz_skewed,parity-exact,exact,exact,176.84,219.12,0.807,,,Both candidate and baseline produced exact results
fuzz2_0025_filtered_topk__fz_nan,parity-exact,exact,exact,120.98,108.05,1.12,,,Both candidate and baseline produced exact results
fuzz2_0026_minmax__fz_updated,parity-exact,exact,exact,144.03,177.59,0.811,,,Both candidate and baseline produced exact results
fuzz2_0027_join__fz_sorted,parity-exact,exact,exact,185.63,167.94,1.105,,,Both candidate and baseline produced exact results
fuzz2_0028_join__fz_nan,parity-exact,exact,exact,848.95,776.77,1.093,,,Both candidate and baseline produced exact results
fuzz2_0029_semi__fz_nulls,parity-exact,exact,exact,256.17,388.24,0.66,,,Both candidate and baseline produced exact results
fuzz2_0030_join__fz_updated,parity-exact,exact,exact,207.6,239.79,0.866,,,Both candidate and baseline produced exact results
fuzz2_0031_topk__fz_evolved,parity-exact,exact,exact,81.81,82.2,0.995,,,Both candidate and baseline produced exact results
fuzz2_0032_join_topk__fz_pos_deletes,parity-exact,exact,exact,181.13,193.29,0.937,,,Both candidate and baseline produced exact results
fuzz2_0033_join__fz_nulls,parity-exact,exact,exact,159.43,205.93,0.774,,,Both candidate and baseline produced exact results
fuzz2_0034_topk__fz_evolved,parity-exact,exact,exact,96.05,89.4,1.074,,,Both candidate and baseline produced exact results
fuzz2_0035_join__fz_part_evolved,parity-exact,exact,exact,290.29,233.9,1.241,,,Both candidate and baseline produced exact results
fuzz2_0036_join_min__fz_str,parity-exact,exact,exact,353.27,349.13,1.012,,,Both candidate and baseline produced exact results
fuzz2_0037_join_topk__fz_overlap,parity-exact,exact,exact,207.44,278.81,0.744,,,Both candidate and baseline produced exact results
fuzz2_0038_join_topk__fz_dec,parity-exact,exact,exact,461.63,438.51,1.053,,,Both candidate and baseline produced exact results
fuzz2_0039_minmax__fz_unsorted,parity-exact,exact,exact,65.44,67.49,0.97,,,Both candidate and baseline produced exact results
fuzz2_0040_topk__fz_small_rg,parity-exact,exact,exact,978.17,570.86,1.714,,,Both candidate and baseline produced exact results
fuzz2_0041_join__fz_sorted,parity-exact,exact,exact,268.76,202.76,1.325,,,Both candidate and baseline produced exact results
fuzz2_0042_join_min__fz_date,parity-exact,exact,exact,199.94,208.59,0.959,,,Both candidate and baseline produced exact results
fuzz2_0043_topk__fz_str,parity-exact,exact,exact,128.59,134.13,0.959,,,Both candidate and baseline produced exact results
fuzz2_0044_minmax__fz_date,parity-exact,exact,exact,66.7,74.09,0.9,,,Both candidate and baseline produced exact results
fuzz2_0045_topk__fz_unsorted,parity-exact,exact,exact,84.54,63.38,1.334,,,Both candidate and baseline produced exact results
fuzz2_0046_minmax__fz_nan,parity-exact,exact,exact,162.64,149.97,1.084,,,Both candidate and baseline produced exact results
fuzz2_0047_join__fz_long,parity-exact,exact,exact,107.02,112.0,0.956,,,Both candidate and baseline produced exact results
fuzz2_0048_join_topk__fz_skewed,parity-exact,exact,exact,221.62,541.99,0.409,,,Both candidate and baseline produced exact results
fuzz2_0049_join_min__fz_dec,parity-exact,exact,exact,405.65,517.56,0.784,,,Both candidate and baseline produced exact results
fuzz2_0050_minmax__fz_nan,parity-exact,exact,exact,141.7,158.27,0.895,,,Both candidate and baseline produced exact results
fuzz2_0051_join_min__fz_sorted,parity-exact,exact,exact,5393.37,5352.74,1.008,,,Both candidate and baseline produced exact results
fuzz2_0052_topk__fz_snapshots,parity-exact,exact,exact,365.55,141.35,2.586,,,Both candidate and baseline produced exact results
fuzz2_0053_join__fz_sorted,parity-exact,exact,exact,191.28,167.08,1.145,,,Both candidate and baseline produced exact results
fuzz2_0054_join__fz_long,parity-exact,exact,exact,203.62,209.22,0.973,,,Both candidate and baseline produced exact results
fuzz2_0055_join_topk__fz_nan,parity-exact,exact,exact,581.37,620.89,0.936,,,Both candidate and baseline produced exact results
fuzz2_0056_semi__fz_dec,parity-exact,exact,exact,447.78,462.54,0.968,,,Both candidate and baseline produced exact results
fuzz2_0057_join_min__fz_skewed,parity-exact,exact,exact,243.31,168.55,1.444,,,Both candidate and baseline produced exact results
fuzz2_0058_filtered_topk__fz_nan,parity-exact,exact,exact,68.65,61.75,1.112,,,Both candidate and baseline produced exact results
fuzz2_0059_filtered_topk__fz_skewed,parity-exact,exact,exact,119.36,111.96,1.066,,,Both candidate and baseline produced exact results
fuzz2_0060_semi__fz_nulls,parity-exact,exact,exact,234.6,191.33,1.226,,,Both candidate and baseline produced exact results
fuzz2_0061_join_topk__fz_overlap,parity-exact,exact,exact,284.98,325.83,0.875,,,Both candidate and baseline produced exact results
fuzz2_0062_semi__fz_str,parity-exact,exact,exact,342.04,360.78,0.948,,,Both candidate and baseline produced exact results
fuzz2_0063_join_topk__fz_overlap,parity-exact,exact,exact,166.99,184.68,0.904,,,Both candidate and baseline produced exact results
fuzz2_0064_minmax__fz_unsorted,parity-exact,exact,exact,289.41,243.59,1.188,,,Both candidate and baseline produced exact results
fuzz2_0065_join__fz_str,baseline-invalid-candidate-pass,exact,mismatch,,502.71,,,,Baseline hit broadcast coalescing bug (mismatch / OversizedAllocationException); candidate passed exact
fuzz2_0066_join_topk__fz_nulls,parity-exact,exact,exact,238.55,305.11,0.782,,,Both candidate and baseline produced exact results
fuzz2_0067_topk__fz_str,parity-exact,exact,exact,115.09,115.7,0.995,,,Both candidate and baseline produced exact results
fuzz2_0068_minmax__fz_date,parity-exact,exact,exact,129.52,115.49,1.121,,,Both candidate and baseline produced exact results
fuzz2_0069_topk__fz_str,parity-exact,exact,exact,872.95,895.98,0.974,,,Both candidate and baseline produced exact results
fuzz2_0070_filtered_topk__fz_unsorted,parity-exact,exact,exact,151.22,131.31,1.152,,,Both candidate and baseline produced exact results
fuzz2_0071_minmax__fz_pos_deletes,parity-exact,exact,exact,103.95,111.77,0.93,,,Both candidate and baseline produced exact results
fuzz2_0072_filtered_topk__fz_snapshots,parity-exact,exact,exact,151.33,83.69,1.808,,,Both candidate and baseline produced exact results
fuzz2_0073_filtered_topk__fz_snapshots,parity-exact,exact,exact,135.2,84.19,1.606,,,Both candidate and baseline produced exact results
fuzz2_0074_join__fz_reversed_files,parity-exact,exact,exact,1122.16,1137.39,0.987,,,Both candidate and baseline produced exact results
fuzz2_0075_filtered_topk__fz_part_evolved,parity-exact,exact,exact,134.16,136.0,0.986,,,Both candidate and baseline produced exact results
fuzz2_0076_join_topk__fz_long,parity-exact,exact,exact,236.53,324.68,0.728,,,Both candidate and baseline produced exact results
fuzz2_0077_join_min__fz_skewed,parity-exact,exact,exact,563.67,437.22,1.289,,,Both candidate and baseline produced exact results
fuzz2_0078_topk__fz_str,parity-exact,exact,exact,127.77,197.48,0.647,,,Both candidate and baseline produced exact results
fuzz2_0079_topk__fz_overlap,parity-exact,exact,exact,172.37,92.52,1.863,,,Both candidate and baseline produced exact results
fuzz2_0080_topk__fz_unsorted,parity-exact,exact,exact,576.55,304.9,1.891,,,Both candidate and baseline produced exact results
fuzz2_0081_semi__fz_nan,parity-exact,exact,exact,458.36,433.79,1.057,,,Both candidate and baseline produced exact results
fuzz2_0082_join_topk__fz_snapshots,parity-exact,exact,exact,419.93,290.33,1.446,,,Both candidate and baseline produced exact results
fuzz2_0083_minmax__fz_updated,parity-exact,exact,exact,99.51,99.36,1.001,,,Both candidate and baseline produced exact results
fuzz2_0084_filtered_topk__fz_reversed_files,parity-exact,exact,exact,169.87,106.73,1.592,,,Both candidate and baseline produced exact results
fuzz2_0085_topk__fz_small_rg,parity-exact,exact,exact,546.96,232.69,2.351,,,Both candidate and baseline produced exact results
fuzz2_0086_join_min__fz_small_rg,parity-exact,exact,exact,349.82,326.28,1.072,,,Both candidate and baseline produced exact results
fuzz2_0087_join__fz_date,parity-exact,exact,exact,324.36,285.66,1.135,,,Both candidate and baseline produced exact results
fuzz2_0088_join_topk__fz_evolved,parity-exact,exact,exact,555.55,563.83,0.985,,,Both candidate and baseline produced exact results
fuzz2_0089_filtered_topk__fz_snapshots,parity-exact,exact,exact,332.74,137.03,2.428,,,Both candidate and baseline produced exact results
fuzz2_0090_minmax__fz_small_rg,parity-exact,exact,exact,130.09,108.49,1.199,,,Both candidate and baseline produced exact results
fuzz2_0091_minmax__fz_overlap,parity-exact,exact,exact,121.75,127.09,0.958,,,Both candidate and baseline produced exact results
fuzz2_0092_join__fz_pos_deletes,parity-exact,exact,exact,590.48,316.0,1.869,,,Both candidate and baseline produced exact results
fuzz2_0093_join__fz_part_evolved,parity-exact,exact,exact,337.64,326.34,1.035,,,Both candidate and baseline produced exact results
fuzz2_0094_semi__fz_dec,parity-exact,exact,exact,1154.2,1238.08,0.932,,,Both candidate and baseline produced exact results
fuzz2_0095_topk__fz_str,parity-exact,exact,exact,371.36,388.02,0.957,,,Both candidate and baseline produced exact results
fuzz2_0096_join_topk__fz_skewed,parity-exact,exact,exact,315.52,310.55,1.016,,,Both candidate and baseline produced exact results
fuzz2_0097_semi__fz_date,parity-exact,exact,exact,294.54,220.55,1.335,,,Both candidate and baseline produced exact results
fuzz2_0098_join__fz_overlap,parity-exact,exact,exact,140.19,162.26,0.864,,,Both candidate and baseline produced exact results
fuzz2_0099_join_topk__fz_overlap,parity-exact,exact,exact,174.02,177.31,0.981,,,Both candidate and baseline produced exact results
fuzz2_0100_semi__fz_updated,parity-exact,exact,exact,362.73,194.35,1.866,,,Both candidate and baseline produced exact results
fuzz2_0101_semi__fz_long,parity-exact,exact,exact,124.27,147.98,0.84,,,Both candidate and baseline produced exact results
fuzz2_0102_join_topk__fz_nulls,parity-exact,exact,exact,376.29,320.35,1.175,,,Both candidate and baseline produced exact results
fuzz2_0103_semi__fz_sorted,parity-exact,exact,exact,294.51,206.61,1.425,,,Both candidate and baseline produced exact results
fuzz2_0104_filtered_topk__fz_date,parity-exact,exact,exact,72.24,73.15,0.988,,,Both candidate and baseline produced exact results
fuzz2_0105_join_topk__fz_overlap,parity-exact,exact,exact,233.3,252.98,0.922,,,Both candidate and baseline produced exact results
fuzz2_0106_join_min__fz_pos_deletes,parity-exact,exact,exact,142.09,152.5,0.932,,,Both candidate and baseline produced exact results
fuzz2_0107_topk__fz_dec,parity-exact,exact,exact,357.45,348.28,1.026,,,Both candidate and baseline produced exact results
fuzz2_0108_semi__fz_long,parity-exact,exact,exact,136.63,129.57,1.054,,,Both candidate and baseline produced exact results
fuzz2_0109_join__fz_nulls,parity-exact,exact,exact,316.13,231.7,1.364,,,Both candidate and baseline produced exact results
fuzz2_0110_topk__fz_str,parity-exact,exact,exact,181.07,233.15,0.777,,,Both candidate and baseline produced exact results
fuzz2_0111_join__fz_updated,parity-exact,exact,exact,515.9,301.29,1.712,,,Both candidate and baseline produced exact results
fuzz2_0112_join_topk__fz_overlap,parity-exact,exact,exact,185.21,197.4,0.938,,,Both candidate and baseline produced exact results
fuzz2_0113_topk__fz_nan,parity-exact,exact,exact,144.12,161.96,0.89,,,Both candidate and baseline produced exact results
fuzz2_0114_topk__fz_date,parity-exact,exact,exact,73.35,64.0,1.146,,,Both candidate and baseline produced exact results
fuzz2_0115_join_min__fz_skewed,parity-exact,exact,exact,164.45,164.36,1.0,,,Both candidate and baseline produced exact results
fuzz2_0116_topk__fz_date,parity-exact,exact,exact,97.1,70.9,1.37,,,Both candidate and baseline produced exact results
fuzz2_0117_join_topk__fz_nulls,parity-exact,exact,exact,414.87,437.76,0.948,,,Both candidate and baseline produced exact results
fuzz2_0118_topk__fz_unsorted,parity-exact,exact,exact,103.44,430.35,0.24,,,Both candidate and baseline produced exact results
fuzz2_0119_join_topk__fz_skewed,parity-exact,exact,exact,199.91,169.59,1.179,,,Both candidate and baseline produced exact results
fuzz2_0120_topk__fz_dec,parity-exact,exact,exact,187.56,182.99,1.025,,,Both candidate and baseline produced exact results
fuzz2_0121_join__fz_sorted,parity-exact,exact,exact,479.99,217.76,2.204,,,Both candidate and baseline produced exact results
fuzz2_0122_minmax__fz_long,parity-exact,exact,exact,134.47,144.19,0.933,,,Both candidate and baseline produced exact results
fuzz2_0123_join_min__fz_evolved,parity-exact,exact,exact,342.71,278.29,1.231,,,Both candidate and baseline produced exact results
fuzz2_0124_topk__fz_part_evolved,parity-exact,exact,exact,128.49,112.06,1.147,,,Both candidate and baseline produced exact results
fuzz2_0125_semi__fz_nan,parity-exact,exact,exact,541.57,795.69,0.681,,,Both candidate and baseline produced exact results
fuzz2_0126_semi__fz_dec,parity-exact,exact,exact,482.79,537.08,0.899,,,Both candidate and baseline produced exact results
fuzz2_0127_filtered_topk__fz_long,parity-exact,exact,exact,199.53,193.07,1.033,,,Both candidate and baseline produced exact results
fuzz2_0128_semi__fz_sorted,parity-exact,exact,exact,182.67,169.91,1.075,,,Both candidate and baseline produced exact results
fuzz2_0129_join_min__fz_pos_deletes,parity-exact,exact,exact,1097.85,1001.92,1.096,,,Both candidate and baseline produced exact results
fuzz2_0130_join__fz_skewed,parity-exact,exact,exact,222.82,244.11,0.913,,,Both candidate and baseline produced exact results
fuzz2_0131_join__fz_small_rg,parity-exact,exact,exact,249.05,175.58,1.418,,,Both candidate and baseline produced exact results
fuzz2_0132_minmax__fz_small_rg,parity-exact,exact,exact,250.01,228.1,1.096,,,Both candidate and baseline produced exact results
fuzz2_0133_filtered_topk__fz_reversed_files,parity-exact,exact,exact,163.55,78.46,2.085,,,Both candidate and baseline produced exact results
fuzz2_0134_minmax__fz_dec,parity-exact,exact,exact,142.08,135.02,1.052,,,Both candidate and baseline produced exact results
fuzz2_0135_join__fz_dec,parity-exact,exact,exact,406.45,299.83,1.356,,,Both candidate and baseline produced exact results
fuzz2_0136_join_topk__fz_updated,parity-exact,exact,exact,618.37,713.05,0.867,,,Both candidate and baseline produced exact results
fuzz2_0137_join__fz_dec,parity-exact,exact,exact,257.06,350.33,0.734,,,Both candidate and baseline produced exact results
fuzz2_0138_semi__fz_small_rg,parity-exact,exact,exact,846.49,818.23,1.035,,,Both candidate and baseline produced exact results
fuzz2_0139_topk__fz_dec,parity-exact,exact,exact,140.18,140.11,1.0,,,Both candidate and baseline produced exact results
fuzz2_0140_join__fz_small_rg,parity-exact,exact,exact,348.95,238.58,1.463,,,Both candidate and baseline produced exact results
fuzz2_0141_topk__fz_evolved,parity-exact,exact,exact,102.92,85.14,1.209,,,Both candidate and baseline produced exact results
fuzz2_0142_join__fz_snapshots,parity-exact,exact,exact,296.07,241.49,1.226,,,Both candidate and baseline produced exact results
fuzz2_0143_topk__fz_pos_deletes,parity-exact,exact,exact,276.14,105.51,2.617,,,Both candidate and baseline produced exact results
fuzz2_0144_join_topk__fz_nan,parity-exact,exact,exact,610.1,603.21,1.011,,,Both candidate and baseline produced exact results
fuzz2_0145_semi__fz_dec,parity-exact,exact,exact,190.11,203.98,0.932,,,Both candidate and baseline produced exact results
fuzz2_0146_join_topk__fz_str,parity-exact,exact,exact,394.65,263.29,1.499,,,Both candidate and baseline produced exact results
fuzz2_0147_topk__fz_unsorted,parity-exact,exact,exact,573.04,338.23,1.694,,,Both candidate and baseline produced exact results
fuzz2_0148_minmax__fz_str,parity-exact,exact,exact,704.25,731.0,0.963,,,Both candidate and baseline produced exact results
fuzz2_0149_filtered_topk__fz_part_evolved,parity-exact,exact,exact,83.9,74.1,1.132,,,Both candidate and baseline produced exact results
fuzz2_0150_topk__fz_str,parity-exact,exact,exact,398.62,404.53,0.985,,,Both candidate and baseline produced exact results
fuzz2_0151_join__fz_snapshots,parity-exact,exact,exact,389.04,236.66,1.644,,,Both candidate and baseline produced exact results
fuzz2_0152_topk__fz_snapshots,parity-exact,exact,exact,460.57,206.23,2.233,,,Both candidate and baseline produced exact results
fuzz2_0153_join_topk__fz_date,parity-exact,exact,exact,312.72,213.75,1.463,,,Both candidate and baseline produced exact results
fuzz2_0154_join_topk__fz_skewed,parity-exact,exact,exact,556.81,750.06,0.742,,,Both candidate and baseline produced exact results
fuzz2_0155_topk__fz_snapshots,parity-exact,exact,exact,437.69,138.58,3.158,,,Both candidate and baseline produced exact results
fuzz2_0156_join__fz_small_rg,parity-exact,exact,exact,296.69,284.83,1.042,,,Both candidate and baseline produced exact results
fuzz2_0157_join__fz_dec,parity-exact,exact,exact,392.76,377.8,1.04,,,Both candidate and baseline produced exact results
fuzz2_0158_join_min__fz_date,parity-exact,exact,exact,156.95,158.71,0.989,,,Both candidate and baseline produced exact results
fuzz2_0159_topk__fz_overlap,parity-exact,exact,exact,391.86,280.91,1.395,,,Both candidate and baseline produced exact results
fuzz2_0160_join_topk__fz_reversed_files,parity-exact,exact,exact,544.27,409.45,1.329,,,Both candidate and baseline produced exact results
fuzz2_0161_minmax__fz_overlap,parity-exact,exact,exact,106.88,107.95,0.99,,,Both candidate and baseline produced exact results
fuzz2_0162_topk__fz_nulls,parity-exact,exact,exact,104.07,92.73,1.122,,,Both candidate and baseline produced exact results
fuzz2_0163_join_topk__fz_part_evolved,parity-exact,exact,exact,64.46,86.73,0.743,,,Both candidate and baseline produced exact results
fuzz2_0164_join__fz_nulls,parity-exact,exact,exact,219.25,227.73,0.963,,,Both candidate and baseline produced exact results
fuzz2_0165_semi__fz_nulls,parity-exact,exact,exact,339.5,384.57,0.883,,,Both candidate and baseline produced exact results
fuzz2_0166_topk__fz_small_rg,parity-exact,exact,exact,335.94,304.69,1.103,,,Both candidate and baseline produced exact results
fuzz2_0167_join__fz_part_evolved,parity-exact,exact,exact,862.87,1213.15,0.711,,,Both candidate and baseline produced exact results
fuzz2_0168_minmax__fz_long,parity-exact,exact,exact,76.62,113.28,0.676,,,Both candidate and baseline produced exact results
fuzz2_0169_minmax__fz_nan,parity-exact,exact,exact,83.71,108.45,0.772,,,Both candidate and baseline produced exact results
fuzz2_0170_topk__fz_overlap,parity-exact,exact,exact,96.41,68.37,1.41,,,Both candidate and baseline produced exact results
fuzz2_0171_join__fz_nan,parity-exact,exact,exact,413.22,490.54,0.842,,,Both candidate and baseline produced exact results
fuzz2_0172_semi__fz_dec,parity-exact,exact,exact,677.77,520.37,1.302,,,Both candidate and baseline produced exact results
fuzz2_0173_minmax__fz_sorted,parity-exact,exact,exact,104.13,113.59,0.917,,,Both candidate and baseline produced exact results
fuzz2_0174_semi__fz_evolved,parity-exact,exact,exact,178.74,249.1,0.718,,,Both candidate and baseline produced exact results
fuzz2_0175_join__fz_date,parity-exact,exact,exact,214.85,173.51,1.238,,,Both candidate and baseline produced exact results
fuzz2_0176_topk__fz_nan,parity-exact,exact,exact,204.38,231.25,0.884,,,Both candidate and baseline produced exact results
fuzz2_0177_minmax__fz_part_evolved,parity-exact,exact,exact,128.5,140.76,0.913,,,Both candidate and baseline produced exact results
fuzz2_0178_join_topk__fz_overlap,parity-exact,exact,exact,238.12,171.82,1.386,,,Both candidate and baseline produced exact results
fuzz2_0179_topk__fz_nulls,parity-exact,exact,exact,181.97,182.92,0.995,,,Both candidate and baseline produced exact results
fuzz2_0180_filtered_topk__fz_nan,parity-exact,exact,exact,145.32,145.55,0.998,,,Both candidate and baseline produced exact results
fuzz2_0181_join_min__fz_snapshots,parity-exact,exact,exact,379.91,189.72,2.002,,,Both candidate and baseline produced exact results
fuzz2_0182_join__fz_small_rg,parity-exact,exact,exact,252.59,266.29,0.949,,,Both candidate and baseline produced exact results
fuzz2_0183_minmax__fz_pos_deletes,parity-exact,exact,exact,143.89,149.92,0.96,,,Both candidate and baseline produced exact results
fuzz2_0184_join__fz_part_evolved,parity-exact,exact,exact,197.46,221.88,0.89,,,Both candidate and baseline produced exact results
fuzz2_0185_join_topk__fz_nulls,parity-exact,exact,exact,186.49,225.3,0.828,,,Both candidate and baseline produced exact results
fuzz2_0186_join_min__fz_sorted,parity-exact,exact,exact,180.98,153.34,1.18,,,Both candidate and baseline produced exact results
fuzz2_0187_join__fz_long,parity-exact,exact,exact,128.77,211.76,0.608,,,Both candidate and baseline produced exact results
fuzz2_0188_minmax__fz_snapshots,parity-exact,exact,exact,300.57,157.05,1.914,,,Both candidate and baseline produced exact results
fuzz2_0189_topk__fz_pos_deletes,parity-exact,exact,exact,435.79,109.96,3.963,,,Both candidate and baseline produced exact results
fuzz2_0190_join_min__fz_unsorted,parity-exact,exact,exact,213.01,183.74,1.159,,,Both candidate and baseline produced exact results
fuzz2_0191_semi__fz_snapshots,parity-exact,exact,exact,532.15,493.21,1.079,,,Both candidate and baseline produced exact results
fuzz2_0192_filtered_topk__fz_nan,parity-exact,exact,exact,233.7,241.43,0.968,,,Both candidate and baseline produced exact results
fuzz2_0193_topk__fz_nulls,parity-exact,exact,exact,130.33,126.5,1.03,,,Both candidate and baseline produced exact results
fuzz2_0194_filtered_topk__fz_snapshots,parity-exact,exact,exact,184.7,136.54,1.353,,,Both candidate and baseline produced exact results
fuzz2_0195_join_topk__fz_nulls,parity-exact,exact,exact,128.85,135.97,0.948,,,Both candidate and baseline produced exact results
fuzz2_0196_filtered_topk__fz_part_evolved,parity-exact,exact,exact,150.15,181.37,0.828,,,Both candidate and baseline produced exact results
fuzz2_0197_semi__fz_pos_deletes,parity-exact,exact,exact,313.05,270.13,1.159,,,Both candidate and baseline produced exact results
fuzz2_0198_join__fz_updated,parity-exact,exact,exact,401.47,416.82,0.963,,,Both candidate and baseline produced exact results
fuzz2_0199_topk__fz_skewed,parity-exact,exact,exact,152.37,133.38,1.142,,,Both candidate and baseline produced exact results
fuzz2_0200_join_min__fz_nulls,parity-exact,exact,exact,188.54,182.08,1.035,,,Both candidate and baseline produced exact results
fuzz2_0201_topk__fz_str,parity-exact,exact,exact,796.71,790.06,1.008,,,Both candidate and baseline produced exact results
fuzz2_0202_join_topk__fz_date,parity-exact,exact,exact,248.41,203.84,1.219,,,Both candidate and baseline produced exact results
fuzz2_0203_filtered_topk__fz_updated,parity-exact,exact,exact,176.28,180.01,0.979,,,Both candidate and baseline produced exact results
fuzz2_0204_topk__fz_reversed_files,parity-exact,exact,exact,270.76,60.07,4.507,,,Both candidate and baseline produced exact results
fuzz2_0205_topk__fz_small_rg,parity-exact,exact,exact,421.54,230.54,1.829,,,Both candidate and baseline produced exact results
fuzz2_0206_join__fz_sorted,parity-exact,exact,exact,296.64,258.53,1.147,,,Both candidate and baseline produced exact results
fuzz2_0207_filtered_topk__fz_sorted,parity-exact,exact,exact,191.65,194.57,0.985,,,Both candidate and baseline produced exact results
fuzz2_0208_topk__fz_long,parity-exact,exact,exact,118.64,99.29,1.195,,,Both candidate and baseline produced exact results
fuzz2_0209_semi__fz_part_evolved,parity-exact,exact,exact,122.33,100.65,1.215,,,Both candidate and baseline produced exact results
fuzz2_0210_semi__fz_date,parity-exact,exact,exact,330.8,263.82,1.254,,,Both candidate and baseline produced exact results
fuzz2_0211_topk__fz_part_evolved,parity-exact,exact,exact,151.18,108.77,1.39,,,Both candidate and baseline produced exact results
fuzz2_0212_topk__fz_nan,parity-exact,exact,exact,135.63,121.14,1.12,,,Both candidate and baseline produced exact results
fuzz2_0213_topk__fz_overlap,parity-exact,exact,exact,350.07,189.21,1.85,,,Both candidate and baseline produced exact results
fuzz2_0214_topk__fz_part_evolved,parity-exact,exact,exact,452.38,262.44,1.724,,,Both candidate and baseline produced exact results
fuzz2_0215_topk__fz_dec,parity-exact,exact,exact,308.63,314.94,0.98,,,Both candidate and baseline produced exact results
fuzz2_0216_topk__fz_small_rg,parity-exact,exact,exact,789.82,322.03,2.453,,,Both candidate and baseline produced exact results
fuzz2_0217_filtered_topk__fz_long,parity-exact,exact,exact,153.63,158.37,0.97,,,Both candidate and baseline produced exact results
fuzz2_0218_join__fz_nan,parity-exact,exact,exact,460.75,427.04,1.079,,,Both candidate and baseline produced exact results
fuzz2_0219_join_min__fz_overlap,parity-exact,exact,exact,326.54,347.78,0.939,,,Both candidate and baseline produced exact results
fuzz2_0220_join__fz_overlap,parity-exact,exact,exact,282.35,310.92,0.908,,,Both candidate and baseline produced exact results
fuzz2_0221_semi__fz_sorted,parity-exact,exact,exact,228.73,214.51,1.066,,,Both candidate and baseline produced exact results
fuzz2_0222_join__fz_skewed,parity-exact,exact,exact,357.34,176.13,2.029,,,Both candidate and baseline produced exact results
fuzz2_0223_join__fz_dec,parity-exact,exact,exact,355.0,372.58,0.953,,,Both candidate and baseline produced exact results
fuzz2_0224_filtered_topk__fz_str,parity-exact,exact,exact,144.36,143.65,1.005,,,Both candidate and baseline produced exact results
fuzz2_0225_join__fz_part_evolved,parity-exact,exact,exact,206.64,224.15,0.922,,,Both candidate and baseline produced exact results
fuzz2_0226_join_topk__fz_long,parity-exact,exact,exact,178.26,205.58,0.867,,,Both candidate and baseline produced exact results
fuzz2_0227_join__fz_nulls,parity-exact,exact,exact,505.55,530.5,0.953,,,Both candidate and baseline produced exact results
fuzz2_0228_filtered_topk__fz_pos_deletes,parity-exact,exact,exact,77.42,76.74,1.009,,,Both candidate and baseline produced exact results
fuzz2_0229_semi__fz_long,parity-exact,exact,exact,91.12,155.39,0.586,,,Both candidate and baseline produced exact results
fuzz2_0230_topk__fz_reversed_files,parity-exact,exact,exact,319.09,171.86,1.857,,,Both candidate and baseline produced exact results
fuzz2_0231_join__fz_date,parity-exact,exact,exact,393.67,352.32,1.117,,,Both candidate and baseline produced exact results
fuzz2_0232_join_min__fz_str,baseline-invalid-candidate-pass,exact,mismatch,,590.83,,,,Baseline hit broadcast coalescing bug (mismatch / OversizedAllocationException); candidate passed exact
fuzz2_0233_topk__fz_date,parity-exact,exact,exact,865.01,177.4,4.876,,,Both candidate and baseline produced exact results
fuzz2_0234_topk__fz_part_evolved,parity-exact,exact,exact,178.83,98.16,1.822,,,Both candidate and baseline produced exact results
fuzz2_0235_topk__fz_sorted,parity-exact,exact,exact,117.18,78.44,1.494,,,Both candidate and baseline produced exact results
fuzz2_0236_join_topk__fz_skewed,parity-exact,exact,exact,678.95,573.55,1.184,,,Both candidate and baseline produced exact results
fuzz2_0237_join_min__fz_long,parity-exact,exact,exact,250.08,203.44,1.229,,,Both candidate and baseline produced exact results
fuzz2_0238_topk__fz_nulls,parity-exact,exact,exact,145.46,111.55,1.304,,,Both candidate and baseline produced exact results
fuzz2_0239_join_topk__fz_snapshots,parity-exact,exact,exact,474.5,220.47,2.152,,,Both candidate and baseline produced exact results
fuzz2_0240_join__fz_dec,parity-exact,exact,exact,338.07,336.67,1.004,,,Both candidate and baseline produced exact results
fuzz2_0241_filtered_topk__fz_pos_deletes,parity-exact,exact,exact,84.66,80.31,1.054,,,Both candidate and baseline produced exact results
fuzz2_0242_minmax__fz_unsorted,parity-exact,exact,exact,164.61,111.91,1.471,,,Both candidate and baseline produced exact results
fuzz2_0243_join__fz_nulls,parity-exact,exact,exact,253.37,315.92,0.802,,,Both candidate and baseline produced exact results
fuzz2_0244_join__fz_date,parity-exact,exact,exact,202.72,255.06,0.795,,,Both candidate and baseline produced exact results
fuzz2_0245_filtered_topk__fz_updated,parity-exact,exact,exact,166.91,141.64,1.178,,,Both candidate and baseline produced exact results
fuzz2_0246_join_min__fz_str,parity-exact,exact,exact,184.18,191.46,0.962,,,Both candidate and baseline produced exact results
fuzz2_0247_filtered_topk__fz_nulls,parity-exact,exact,exact,154.62,145.14,1.065,,,Both candidate and baseline produced exact results
fuzz2_0248_filtered_topk__fz_long,parity-exact,exact,exact,301.09,286.63,1.05,,,Both candidate and baseline produced exact results
fuzz2_0249_topk__fz_dec,parity-exact,exact,exact,996.54,1002.95,0.994,,,Both candidate and baseline produced exact results
fuzz2_0250_topk__fz_evolved,parity-exact,exact,exact,378.55,191.98,1.972,,,Both candidate and baseline produced exact results
fuzz2_0251_topk__fz_dec,parity-exact,exact,exact,104.79,105.59,0.992,,,Both candidate and baseline produced exact results
fuzz2_0252_join__fz_dec,parity-exact,exact,exact,365.22,408.82,0.893,,,Both candidate and baseline produced exact results
fuzz2_0253_semi__fz_snapshots,parity-exact,exact,exact,499.56,321.47,1.554,,,Both candidate and baseline produced exact results
fuzz2_0254_join__fz_sorted,parity-exact,exact,exact,281.06,284.89,0.987,,,Both candidate and baseline produced exact results
fuzz2_0255_topk__fz_updated,parity-exact,exact,exact,244.53,162.79,1.502,,,Both candidate and baseline produced exact results
fuzz2_0256_topk__fz_unsorted,parity-exact,exact,exact,114.68,106.87,1.073,,,Both candidate and baseline produced exact results
fuzz2_0257_join__fz_date,parity-exact,exact,exact,329.13,185.71,1.772,,,Both candidate and baseline produced exact results
fuzz2_0258_join__fz_skewed,parity-exact,exact,exact,203.99,222.73,0.916,,,Both candidate and baseline produced exact results
fuzz2_0259_semi__fz_reversed_files,parity-exact,exact,exact,979.5,214.36,4.57,,,Both candidate and baseline produced exact results
fuzz2_0260_topk__fz_nan,parity-exact,exact,exact,127.1,116.04,1.095,,,Both candidate and baseline produced exact results
fuzz2_0261_minmax__fz_reversed_files,parity-exact,exact,exact,75.76,49.72,1.524,,,Both candidate and baseline produced exact results
fuzz2_0262_join_topk__fz_str,parity-exact,exact,exact,336.94,335.11,1.005,,,Both candidate and baseline produced exact results
fuzz2_0263_join__fz_unsorted,parity-exact,exact,exact,261.43,319.08,0.819,,,Both candidate and baseline produced exact results
fuzz2_0264_join_min__fz_snapshots,parity-exact,exact,exact,631.53,254.24,2.484,,,Both candidate and baseline produced exact results
fuzz2_0265_join_min__fz_pos_deletes,parity-exact,exact,exact,291.94,296.08,0.986,,,Both candidate and baseline produced exact results
fuzz2_0266_join_topk__fz_small_rg,parity-exact,exact,exact,346.05,348.27,0.994,,,Both candidate and baseline produced exact results
fuzz2_0267_join__fz_pos_deletes,parity-exact,exact,exact,480.97,405.45,1.186,,,Both candidate and baseline produced exact results
fuzz2_0268_topk__fz_sorted,parity-exact,exact,exact,70.53,70.93,0.994,,,Both candidate and baseline produced exact results
fuzz2_0269_topk__fz_updated,parity-exact,exact,exact,430.68,174.2,2.472,,,Both candidate and baseline produced exact results
fuzz2_0270_topk__fz_date,parity-exact,exact,exact,134.62,74.82,1.799,,,Both candidate and baseline produced exact results
fuzz2_0271_topk__fz_date,parity-exact,exact,exact,115.43,74.16,1.557,,,Both candidate and baseline produced exact results
fuzz2_0272_join_topk__fz_skewed,parity-exact,exact,exact,346.35,247.05,1.402,,,Both candidate and baseline produced exact results
fuzz2_0273_join_topk__fz_long,parity-exact,exact,exact,396.01,430.23,0.92,,,Both candidate and baseline produced exact results
fuzz2_0274_join_topk__fz_dec,parity-exact,exact,exact,362.32,475.71,0.762,,,Both candidate and baseline produced exact results
fuzz2_0275_filtered_topk__fz_nan,parity-exact,exact,exact,96.19,99.77,0.964,,,Both candidate and baseline produced exact results
fuzz2_0276_topk__fz_unsorted,parity-exact,exact,exact,135.51,97.28,1.393,,,Both candidate and baseline produced exact results
fuzz2_0277_join_min__fz_part_evolved,parity-exact,exact,exact,270.63,290.09,0.933,,,Both candidate and baseline produced exact results
fuzz2_0278_join_min__fz_overlap,parity-exact,exact,exact,328.32,284.66,1.153,,,Both candidate and baseline produced exact results
fuzz2_0279_topk__fz_pos_deletes,parity-exact,exact,exact,79.33,61.85,1.283,,,Both candidate and baseline produced exact results
fuzz2_0280_join__fz_dec,parity-exact,exact,exact,866.96,1005.99,0.862,,,Both candidate and baseline produced exact results
fuzz2_0281_topk__fz_skewed,parity-exact,exact,exact,98.87,74.33,1.33,,,Both candidate and baseline produced exact results
fuzz2_0282_join__fz_evolved,parity-exact,exact,exact,126.88,120.56,1.052,,,Both candidate and baseline produced exact results
fuzz2_0283_filtered_topk__fz_pos_deletes,parity-exact,exact,exact,122.61,117.11,1.047,,,Both candidate and baseline produced exact results
fuzz2_0284_topk__fz_overlap,parity-exact,exact,exact,116.52,80.91,1.44,,,Both candidate and baseline produced exact results
fuzz2_0285_join_min__fz_unsorted,parity-exact,exact,exact,209.9,181.31,1.158,,,Both candidate and baseline produced exact results
fuzz2_0286_minmax__fz_updated,parity-exact,exact,exact,132.85,170.2,0.781,,,Both candidate and baseline produced exact results
fuzz2_0287_join_topk__fz_date,parity-exact,exact,exact,228.39,199.57,1.144,,,Both candidate and baseline produced exact results
fuzz2_0288_topk__fz_sorted,parity-exact,exact,exact,77.94,71.0,1.098,,,Both candidate and baseline produced exact results
fuzz2_0289_join__fz_sorted,parity-exact,exact,exact,388.47,379.08,1.025,,,Both candidate and baseline produced exact results
fuzz2_0290_topk__fz_updated,parity-exact,exact,exact,427.21,156.58,2.728,,,Both candidate and baseline produced exact results
fuzz2_0291_semi__fz_pos_deletes,parity-exact,exact,exact,252.06,211.62,1.191,,,Both candidate and baseline produced exact results
fuzz2_0292_join__fz_part_evolved,parity-exact,exact,exact,516.84,513.57,1.006,,,Both candidate and baseline produced exact results
fuzz2_0293_join__fz_unsorted,parity-exact,exact,exact,156.46,156.77,0.998,,,Both candidate and baseline produced exact results
fuzz2_0294_join__fz_overlap,parity-exact,exact,exact,448.27,405.31,1.106,,,Both candidate and baseline produced exact results
fuzz2_0295_join_topk__fz_nulls,parity-exact,exact,exact,178.18,194.6,0.916,,,Both candidate and baseline produced exact results
fuzz2_0296_join_min__fz_long,parity-exact,exact,exact,195.88,172.81,1.133,,,Both candidate and baseline produced exact results
fuzz2_0297_join__fz_reversed_files,parity-exact,exact,exact,352.19,285.37,1.234,,,Both candidate and baseline produced exact results
fuzz2_0298_topk__fz_long,parity-exact,exact,exact,726.8,225.92,3.217,,,Both candidate and baseline produced exact results
fuzz2_0299_join_min__fz_part_evolved,parity-exact,exact,exact,229.97,207.06,1.111,,,Both candidate and baseline produced exact results
fuzz2_0300_join__fz_overlap,parity-exact,exact,exact,543.05,553.32,0.981,,,Both candidate and baseline produced exact results
fuzz2_0301_topk__fz_small_rg,parity-exact,exact,exact,357.24,217.91,1.639,,,Both candidate and baseline produced exact results
fuzz2_0302_topk__fz_small_rg,parity-exact,exact,exact,337.17,170.32,1.98,,,Both candidate and baseline produced exact results
fuzz2_0303_join__fz_evolved,parity-exact,exact,exact,133.91,133.98,0.999,,,Both candidate and baseline produced exact results
fuzz2_0304_minmax__fz_nan,parity-exact,exact,exact,133.57,127.61,1.047,,,Both candidate and baseline produced exact results
fuzz2_0305_join_topk__fz_part_evolved,parity-exact,exact,exact,555.7,434.56,1.279,,,Both candidate and baseline produced exact results
fuzz2_0306_join_topk__fz_date,parity-exact,exact,exact,194.27,195.2,0.995,,,Both candidate and baseline produced exact results
fuzz2_0307_semi__fz_long,parity-exact,exact,exact,82.62,73.58,1.123,,,Both candidate and baseline produced exact results
fuzz2_0308_minmax__fz_snapshots,parity-exact,exact,exact,269.85,177.63,1.519,,,Both candidate and baseline produced exact results
fuzz2_0309_join__fz_snapshots,parity-exact,exact,exact,424.56,240.15,1.768,,,Both candidate and baseline produced exact results
fuzz2_0310_semi__fz_dec,parity-exact,exact,exact,681.46,759.6,0.897,,,Both candidate and baseline produced exact results
fuzz2_0311_minmax__fz_skewed,parity-exact,exact,exact,55.47,56.91,0.975,,,Both candidate and baseline produced exact results
fuzz2_0312_join_topk__fz_str,parity-exact,exact,exact,187.24,298.21,0.628,,,Both candidate and baseline produced exact results
fuzz2_0313_topk__fz_nan,parity-exact,exact,exact,539.6,533.8,1.011,,,Both candidate and baseline produced exact results
fuzz2_0314_join__fz_long,parity-exact,exact,exact,161.53,268.17,0.602,,,Both candidate and baseline produced exact results
fuzz2_0315_semi__fz_str,parity-exact,exact,exact,263.1,273.77,0.961,,,Both candidate and baseline produced exact results
fuzz2_0316_join__fz_date,parity-exact,exact,exact,248.76,207.5,1.199,,,Both candidate and baseline produced exact results
fuzz2_0317_minmax__fz_nan,parity-exact,exact,exact,137.12,134.42,1.02,,,Both candidate and baseline produced exact results
fuzz2_0318_semi__fz_part_evolved,parity-exact,exact,exact,87.97,92.1,0.955,,,Both candidate and baseline produced exact results
fuzz2_0319_topk__fz_part_evolved,parity-exact,exact,exact,436.33,290.63,1.501,,,Both candidate and baseline produced exact results
fuzz2_0320_join_min__fz_reversed_files,parity-exact,exact,exact,251.75,304.94,0.826,,,Both candidate and baseline produced exact results
fuzz2_0321_semi__fz_dec,parity-exact,exact,exact,320.89,338.08,0.949,,,Both candidate and baseline produced exact results
fuzz2_0322_join__fz_part_evolved,parity-exact,exact,exact,1907.25,2118.78,0.9,,,Both candidate and baseline produced exact results
fuzz2_0323_join_topk__fz_date,parity-exact,exact,exact,195.19,166.08,1.175,,,Both candidate and baseline produced exact results
fuzz2_0324_join_min__fz_unsorted,parity-exact,exact,exact,240.6,225.98,1.065,,,Both candidate and baseline produced exact results
fuzz2_0325_join_min__fz_reversed_files,parity-exact,exact,exact,478.54,391.23,1.223,,,Both candidate and baseline produced exact results
fuzz2_0326_join_topk__fz_date,parity-exact,exact,exact,220.2,202.95,1.085,,,Both candidate and baseline produced exact results
fuzz2_0327_semi__fz_overlap,parity-exact,exact,exact,261.19,237.86,1.098,,,Both candidate and baseline produced exact results
fuzz2_0328_join__fz_nan,parity-exact,exact,exact,954.91,789.47,1.21,,,Both candidate and baseline produced exact results
fuzz2_0329_semi__fz_evolved,parity-exact,exact,exact,155.83,169.86,0.917,,,Both candidate and baseline produced exact results
fuzz2_0330_join__fz_part_evolved,parity-exact,exact,exact,1149.84,1079.85,1.065,,,Both candidate and baseline produced exact results
fuzz2_0331_join_topk__fz_dec,parity-exact,exact,exact,567.61,537.35,1.056,,,Both candidate and baseline produced exact results
fuzz2_0332_semi__fz_str,parity-exact,exact,exact,513.38,480.84,1.068,,,Both candidate and baseline produced exact results
fuzz2_0333_topk__fz_dec,parity-exact,exact,exact,423.84,462.79,0.916,,,Both candidate and baseline produced exact results
fuzz2_0334_join_min__fz_nulls,parity-exact,exact,exact,355.46,379.72,0.936,,,Both candidate and baseline produced exact results
fuzz2_0335_topk__fz_reversed_files,parity-exact,exact,exact,535.32,64.38,8.315,,,Both candidate and baseline produced exact results
fuzz2_0336_semi__fz_date,parity-exact,exact,exact,724.95,704.82,1.029,,,Both candidate and baseline produced exact results
fuzz2_0337_topk__fz_small_rg,parity-exact,exact,exact,226.74,143.59,1.579,,,Both candidate and baseline produced exact results
fuzz2_0338_topk__fz_nulls,parity-exact,exact,exact,322.32,74.54,4.324,,,Both candidate and baseline produced exact results
fuzz2_0339_semi__fz_sorted,parity-exact,exact,exact,300.89,330.24,0.911,,,Both candidate and baseline produced exact results
fuzz2_0340_semi__fz_unsorted,parity-exact,exact,exact,481.54,502.52,0.958,,,Both candidate and baseline produced exact results
fuzz2_0341_filtered_topk__fz_sorted,parity-exact,exact,exact,84.94,97.37,0.872,,,Both candidate and baseline produced exact results
fuzz2_0342_join_min__fz_date,parity-exact,exact,exact,219.06,212.57,1.031,,,Both candidate and baseline produced exact results
fuzz2_0343_semi__fz_dec,parity-exact,exact,exact,339.43,396.22,0.857,,,Both candidate and baseline produced exact results
fuzz2_0344_join__fz_unsorted,parity-exact,exact,exact,516.46,485.38,1.064,,,Both candidate and baseline produced exact results
fuzz2_0345_filtered_topk__fz_part_evolved,parity-exact,exact,exact,173.6,163.0,1.065,,,Both candidate and baseline produced exact results
fuzz2_0346_topk__fz_nan,parity-exact,exact,exact,469.67,482.89,0.973,,,Both candidate and baseline produced exact results
fuzz2_0347_join__fz_unsorted,parity-exact,exact,exact,281.72,269.77,1.044,,,Both candidate and baseline produced exact results
fuzz2_0348_topk__fz_pos_deletes,parity-exact,exact,exact,108.84,77.81,1.399,,,Both candidate and baseline produced exact results
fuzz2_0349_topk__fz_updated,parity-exact,exact,exact,425.91,223.53,1.905,,,Both candidate and baseline produced exact results
fuzz2_0350_minmax__fz_small_rg,parity-exact,exact,exact,140.51,138.19,1.017,,,Both candidate and baseline produced exact results
fuzz2_0351_join_topk__fz_small_rg,parity-exact,exact,exact,311.6,447.11,0.697,,,Both candidate and baseline produced exact results
fuzz2_0352_minmax__fz_str,parity-exact,exact,exact,335.29,321.29,1.044,,,Both candidate and baseline produced exact results
fuzz2_0353_minmax__fz_reversed_files,parity-exact,exact,exact,122.09,50.23,2.431,,,Both candidate and baseline produced exact results
fuzz2_0354_topk__fz_snapshots,parity-exact,exact,exact,314.28,128.62,2.443,,,Both candidate and baseline produced exact results
fuzz2_0355_filtered_topk__fz_updated,parity-exact,exact,exact,300.24,309.17,0.971,,,Both candidate and baseline produced exact results
fuzz2_0356_join__fz_nulls,parity-exact,exact,exact,215.95,268.67,0.804,,,Both candidate and baseline produced exact results
fuzz2_0357_join_topk__fz_reversed_files,parity-exact,exact,exact,507.13,354.82,1.429,,,Both candidate and baseline produced exact results
fuzz2_0358_topk__fz_str,parity-exact,exact,exact,333.73,366.93,0.91,,,Both candidate and baseline produced exact results
fuzz2_0359_join_topk__fz_long,parity-exact,exact,exact,87.2,107.4,0.812,,,Both candidate and baseline produced exact results
fuzz2_0360_topk__fz_sorted,parity-exact,exact,exact,105.73,77.48,1.365,,,Both candidate and baseline produced exact results
fuzz2_0361_minmax__fz_str,parity-exact,exact,exact,535.39,436.59,1.226,,,Both candidate and baseline produced exact results
fuzz2_0362_join_min__fz_updated,parity-exact,exact,exact,244.93,227.92,1.075,,,Both candidate and baseline produced exact results
fuzz2_0363_filtered_topk__fz_overlap,parity-exact,exact,exact,112.63,116.7,0.965,,,Both candidate and baseline produced exact results
fuzz2_0364_join_topk__fz_long,parity-exact,exact,exact,272.81,127.99,2.131,,,Both candidate and baseline produced exact results
fuzz2_0365_semi__fz_snapshots,parity-exact,exact,exact,243.53,220.58,1.104,,,Both candidate and baseline produced exact results
fuzz2_0366_minmax__fz_snapshots,parity-exact,exact,exact,249.53,117.03,2.132,,,Both candidate and baseline produced exact results
fuzz2_0367_join__fz_reversed_files,parity-exact,exact,exact,483.24,363.21,1.33,,,Both candidate and baseline produced exact results
fuzz2_0368_topk__fz_pos_deletes,parity-exact,exact,exact,117.45,82.78,1.419,,,Both candidate and baseline produced exact results
fuzz2_0369_topk__fz_small_rg,parity-exact,exact,exact,876.49,547.12,1.602,,,Both candidate and baseline produced exact results
fuzz2_0370_semi__fz_part_evolved,parity-exact,exact,exact,102.1,185.31,0.551,,,Both candidate and baseline produced exact results
fuzz2_0371_filtered_topk__fz_dec,parity-exact,exact,exact,308.29,308.1,1.001,,,Both candidate and baseline produced exact results
fuzz2_0372_topk__fz_nulls,parity-exact,exact,exact,409.36,83.32,4.913,,,Both candidate and baseline produced exact results
fuzz2_0373_join__fz_long,parity-exact,exact,exact,230.61,285.7,0.807,,,Both candidate and baseline produced exact results
fuzz2_0374_semi__fz_sorted,parity-exact,exact,exact,392.14,455.42,0.861,,,Both candidate and baseline produced exact results
fuzz2_0375_minmax__fz_evolved,parity-exact,exact,exact,93.56,84.52,1.107,,,Both candidate and baseline produced exact results
fuzz2_0376_topk__fz_snapshots,parity-exact,exact,exact,320.45,111.65,2.87,,,Both candidate and baseline produced exact results
fuzz2_0377_semi__fz_dec,parity-exact,exact,exact,298.69,221.64,1.348,,,Both candidate and baseline produced exact results
fuzz2_0378_join_topk__fz_updated,parity-exact,exact,exact,360.39,377.79,0.954,,,Both candidate and baseline produced exact results
fuzz2_0379_topk__fz_overlap,parity-exact,exact,exact,151.91,84.52,1.797,,,Both candidate and baseline produced exact results
fuzz2_0380_topk__fz_sorted,parity-exact,exact,exact,402.59,87.07,4.624,,,Both candidate and baseline produced exact results
fuzz2_0381_filtered_topk__fz_unsorted,parity-exact,exact,exact,139.02,136.95,1.015,,,Both candidate and baseline produced exact results
fuzz2_0382_minmax__fz_evolved,parity-exact,exact,exact,80.31,93.4,0.86,,,Both candidate and baseline produced exact results
fuzz2_0383_semi__fz_nan,parity-exact,exact,exact,428.58,481.86,0.889,,,Both candidate and baseline produced exact results
fuzz2_0384_semi__fz_str,baseline-invalid-candidate-pass,exact,mismatch,,760.41,,,,Baseline hit broadcast coalescing bug (mismatch / OversizedAllocationException); candidate passed exact
fuzz2_0385_filtered_topk__fz_pos_deletes,parity-exact,exact,exact,93.63,94.67,0.989,,,Both candidate and baseline produced exact results
fuzz2_0386_join__fz_skewed,parity-exact,exact,exact,220.15,223.81,0.984,,,Both candidate and baseline produced exact results
fuzz2_0387_join_min__fz_reversed_files,parity-exact,exact,exact,204.46,500.84,0.408,,,Both candidate and baseline produced exact results
fuzz2_0388_topk__fz_pos_deletes,parity-exact,exact,exact,628.99,198.5,3.169,,,Both candidate and baseline produced exact results
fuzz2_0389_minmax__fz_str,parity-exact,exact,exact,377.29,373.27,1.011,,,Both candidate and baseline produced exact results
fuzz2_0390_filtered_topk__fz_small_rg,parity-exact,exact,exact,233.75,272.0,0.859,,,Both candidate and baseline produced exact results
fuzz2_0391_join__fz_reversed_files,parity-exact,exact,exact,273.39,213.87,1.278,,,Both candidate and baseline produced exact results
fuzz2_0392_semi__fz_evolved,parity-exact,exact,exact,216.27,267.65,0.808,,,Both candidate and baseline produced exact results
fuzz2_0393_filtered_topk__fz_nulls,parity-exact,exact,exact,61.41,61.68,0.996,,,Both candidate and baseline produced exact results
fuzz2_0394_join__fz_small_rg,parity-exact,exact,exact,427.24,529.82,0.806,,,Both candidate and baseline produced exact results
fuzz2_0395_join_topk__fz_part_evolved,parity-exact,exact,exact,67.54,92.72,0.728,,,Both candidate and baseline produced exact results
fuzz2_0396_join__fz_sorted,parity-exact,exact,exact,282.27,267.16,1.057,,,Both candidate and baseline produced exact results
fuzz2_0397_join_topk__fz_reversed_files,parity-exact,exact,exact,311.98,194.51,1.604,,,Both candidate and baseline produced exact results
fuzz2_0398_join_min__fz_snapshots,parity-exact,exact,exact,493.18,341.11,1.446,,,Both candidate and baseline produced exact results
fuzz2_0399_topk__fz_snapshots,parity-exact,exact,exact,333.28,126.39,2.637,,,Both candidate and baseline produced exact results
fuzz2_0400_join__fz_unsorted,parity-exact,exact,exact,209.15,303.07,0.69,,,Both candidate and baseline produced exact results
fuzz2_0401_semi__fz_unsorted,parity-exact,exact,exact,197.01,214.57,0.918,,,Both candidate and baseline produced exact results
fuzz2_0402_minmax__fz_nan,parity-exact,exact,exact,100.44,130.51,0.77,,,Both candidate and baseline produced exact results
fuzz2_0403_topk__fz_reversed_files,parity-exact,exact,exact,322.0,150.8,2.135,,,Both candidate and baseline produced exact results
fuzz2_0404_join_min__fz_pos_deletes,parity-exact,exact,exact,136.51,141.29,0.966,,,Both candidate and baseline produced exact results
fuzz2_0405_join_min__fz_updated,parity-exact,exact,exact,210.32,328.05,0.641,,,Both candidate and baseline produced exact results
fuzz2_0406_semi__fz_sorted,parity-exact,exact,exact,184.25,346.46,0.532,,,Both candidate and baseline produced exact results
fuzz2_0407_join__fz_str,parity-exact,exact,exact,319.69,334.38,0.956,,,Both candidate and baseline produced exact results
fuzz2_0408_topk__fz_evolved,parity-exact,exact,exact,329.21,137.11,2.401,,,Both candidate and baseline produced exact results
fuzz2_0409_semi__fz_snapshots,parity-exact,exact,exact,471.41,322.7,1.461,,,Both candidate and baseline produced exact results
fuzz2_0410_join_topk__fz_skewed,parity-exact,exact,exact,283.26,368.26,0.769,,,Both candidate and baseline produced exact results
fuzz2_0411_topk__fz_part_evolved,parity-exact,exact,exact,203.15,128.52,1.581,,,Both candidate and baseline produced exact results
fuzz2_0412_filtered_topk__fz_snapshots,parity-exact,exact,exact,146.18,138.63,1.054,,,Both candidate and baseline produced exact results
fuzz2_0413_topk__fz_evolved,parity-exact,exact,exact,532.05,225.64,2.358,,,Both candidate and baseline produced exact results
fuzz2_0414_join_topk__fz_date,parity-exact,exact,exact,276.15,329.9,0.837,,,Both candidate and baseline produced exact results
fuzz2_0415_topk__fz_pos_deletes,parity-exact,exact,exact,421.03,142.4,2.957,,,Both candidate and baseline produced exact results
fuzz2_0416_join__fz_overlap,parity-exact,exact,exact,410.16,436.45,0.94,,,Both candidate and baseline produced exact results
fuzz2_0417_minmax__fz_sorted,parity-exact,exact,exact,142.65,161.43,0.884,,,Both candidate and baseline produced exact results
fuzz2_0418_join__fz_updated,parity-exact,exact,exact,472.97,512.18,0.923,,,Both candidate and baseline produced exact results
fuzz2_0419_join__fz_nan,parity-exact,exact,exact,525.04,480.35,1.093,,,Both candidate and baseline produced exact results
fuzz2_0420_join_topk__fz_evolved,parity-exact,exact,exact,172.18,244.27,0.705,,,Both candidate and baseline produced exact results
fuzz2_0421_filtered_topk__fz_small_rg,parity-exact,exact,exact,573.25,554.23,1.034,,,Both candidate and baseline produced exact results
fuzz2_0422_join__fz_skewed,parity-exact,exact,exact,126.5,141.7,0.893,,,Both candidate and baseline produced exact results
fuzz2_0423_join_min__fz_evolved,parity-exact,exact,exact,534.37,560.44,0.953,,,Both candidate and baseline produced exact results
fuzz2_0424_join_topk__fz_skewed,parity-exact,exact,exact,298.51,474.79,0.629,,,Both candidate and baseline produced exact results
fuzz2_0425_topk__fz_date,parity-exact,exact,exact,81.16,68.91,1.178,,,Both candidate and baseline produced exact results
fuzz2_0426_filtered_topk__fz_reversed_files,parity-exact,exact,exact,417.58,114.1,3.66,,,Both candidate and baseline produced exact results
fuzz2_0427_topk__fz_str,parity-exact,exact,exact,343.56,335.75,1.023,,,Both candidate and baseline produced exact results
fuzz2_0428_join__fz_nan,parity-exact,exact,exact,403.55,376.59,1.072,,,Both candidate and baseline produced exact results
fuzz2_0429_topk__fz_overlap,parity-exact,exact,exact,87.98,72.61,1.212,,,Both candidate and baseline produced exact results
fuzz2_0430_topk__fz_small_rg,parity-exact,exact,exact,174.76,140.41,1.245,,,Both candidate and baseline produced exact results
fuzz2_0431_minmax__fz_small_rg,parity-exact,exact,exact,131.14,136.97,0.957,,,Both candidate and baseline produced exact results
fuzz2_0432_semi__fz_unsorted,parity-exact,exact,exact,223.27,183.15,1.219,,,Both candidate and baseline produced exact results
fuzz2_0433_topk__fz_overlap,parity-exact,exact,exact,258.5,178.24,1.45,,,Both candidate and baseline produced exact results
fuzz2_0434_filtered_topk__fz_overlap,parity-exact,exact,exact,502.51,565.45,0.889,,,Both candidate and baseline produced exact results
fuzz2_0435_join_min__fz_part_evolved,parity-exact,exact,exact,199.46,329.5,0.605,,,Both candidate and baseline produced exact results
fuzz2_0436_topk__fz_skewed,parity-exact,exact,exact,131.03,63.12,2.076,,,Both candidate and baseline produced exact results
fuzz2_0437_minmax__fz_sorted,parity-exact,exact,exact,116.56,120.97,0.964,,,Both candidate and baseline produced exact results
fuzz2_0438_filtered_topk__fz_date,parity-exact,exact,exact,197.3,244.74,0.806,,,Both candidate and baseline produced exact results
fuzz2_0439_minmax__fz_nulls,parity-exact,exact,exact,73.17,74.7,0.98,,,Both candidate and baseline produced exact results
fuzz2_0440_filtered_topk__fz_unsorted,parity-exact,exact,exact,215.08,201.15,1.069,,,Both candidate and baseline produced exact results
fuzz2_0441_join__fz_skewed,parity-exact,exact,exact,781.46,872.1,0.896,,,Both candidate and baseline produced exact results
fuzz2_0442_topk__fz_part_evolved,parity-exact,exact,exact,310.55,194.58,1.596,,,Both candidate and baseline produced exact results
fuzz2_0443_semi__fz_dec,parity-exact,exact,exact,1133.94,1202.46,0.943,,,Both candidate and baseline produced exact results
fuzz2_0444_topk__fz_dec,parity-exact,exact,exact,372.89,375.22,0.994,,,Both candidate and baseline produced exact results
fuzz2_0445_topk__fz_pos_deletes,parity-exact,exact,exact,707.82,234.36,3.02,,,Both candidate and baseline produced exact results
fuzz2_0446_join_topk__fz_skewed,parity-exact,exact,exact,191.04,163.82,1.166,,,Both candidate and baseline produced exact results
fuzz2_0447_topk__fz_reversed_files,parity-exact,exact,exact,308.67,184.64,1.672,,,Both candidate and baseline produced exact results
fuzz2_0448_minmax__fz_sorted,parity-exact,exact,exact,65.0,62.54,1.039,,,Both candidate and baseline produced exact results
fuzz2_0449_join__fz_evolved,parity-exact,exact,exact,525.88,208.4,2.523,,,Both candidate and baseline produced exact results
fuzz2_0450_join_topk__fz_snapshots,parity-exact,exact,exact,572.24,283.07,2.022,,,Both candidate and baseline produced exact results
fuzz2_0451_join__fz_sorted,parity-exact,exact,exact,260.22,254.93,1.021,,,Both candidate and baseline produced exact results
fuzz2_0452_topk__fz_skewed,parity-exact,exact,exact,81.83,54.58,1.499,,,Both candidate and baseline produced exact results
fuzz2_0453_semi__fz_nan,parity-exact,exact,exact,536.17,784.4,0.684,,,Both candidate and baseline produced exact results
fuzz2_0454_join_topk__fz_overlap,parity-exact,exact,exact,377.79,357.36,1.057,,,Both candidate and baseline produced exact results
fuzz2_0455_topk__fz_updated,parity-exact,exact,exact,422.58,237.25,1.781,,,Both candidate and baseline produced exact results
fuzz2_0456_semi__fz_part_evolved,parity-exact,exact,exact,1296.25,1612.07,0.804,,,Both candidate and baseline produced exact results
fuzz2_0457_join__fz_pos_deletes,parity-exact,exact,exact,172.24,145.38,1.185,,,Both candidate and baseline produced exact results
fuzz2_0458_join_min__fz_snapshots,parity-exact,exact,exact,375.72,250.83,1.498,,,Both candidate and baseline produced exact results
fuzz2_0459_join_min__fz_skewed,parity-exact,exact,exact,101.24,102.96,0.983,,,Both candidate and baseline produced exact results
fuzz2_0460_minmax__fz_updated,parity-exact,exact,exact,106.01,118.22,0.897,,,Both candidate and baseline produced exact results
fuzz2_0461_topk__fz_snapshots,parity-exact,exact,exact,394.88,117.17,3.37,,,Both candidate and baseline produced exact results
fuzz2_0462_join_min__fz_nulls,parity-exact,exact,exact,1420.57,1355.57,1.048,,,Both candidate and baseline produced exact results
fuzz2_0463_join__fz_date,parity-exact,exact,exact,271.8,375.9,0.723,,,Both candidate and baseline produced exact results
fuzz2_0464_topk__fz_skewed,parity-exact,exact,exact,80.99,73.14,1.107,,,Both candidate and baseline produced exact results
fuzz2_0465_topk__fz_part_evolved,parity-exact,exact,exact,568.31,278.21,2.043,,,Both candidate and baseline produced exact results
fuzz2_0466_join_min__fz_skewed,parity-exact,exact,exact,248.86,239.65,1.038,,,Both candidate and baseline produced exact results
fuzz2_0467_minmax__fz_updated,parity-exact,exact,exact,117.34,124.94,0.939,,,Both candidate and baseline produced exact results
fuzz2_0468_topk__fz_evolved,parity-exact,exact,exact,344.95,139.96,2.465,,,Both candidate and baseline produced exact results
fuzz2_0469_topk__fz_str,parity-exact,exact,exact,151.39,145.78,1.038,,,Both candidate and baseline produced exact results
fuzz2_0470_join__fz_nulls,parity-exact,exact,exact,143.17,141.14,1.014,,,Both candidate and baseline produced exact results
fuzz2_0471_join_min__fz_long,parity-exact,exact,exact,152.1,378.29,0.402,,,Both candidate and baseline produced exact results
fuzz2_0472_minmax__fz_long,parity-exact,exact,exact,83.97,70.35,1.194,,,Both candidate and baseline produced exact results
fuzz2_0473_join__fz_pos_deletes,parity-exact,exact,exact,258.9,265.01,0.977,,,Both candidate and baseline produced exact results
fuzz2_0474_join_topk__fz_skewed,parity-exact,exact,exact,288.17,185.23,1.556,,,Both candidate and baseline produced exact results
fuzz2_0475_minmax__fz_updated,parity-exact,exact,exact,113.17,134.22,0.843,,,Both candidate and baseline produced exact results
fuzz2_0476_join__fz_pos_deletes,parity-exact,exact,exact,236.79,176.28,1.343,,,Both candidate and baseline produced exact results
fuzz2_0477_minmax__fz_updated,parity-exact,exact,exact,156.66,190.24,0.823,,,Both candidate and baseline produced exact results
fuzz2_0478_topk__fz_sorted,parity-exact,exact,exact,126.38,78.91,1.602,,,Both candidate and baseline produced exact results
fuzz2_0479_join__fz_reversed_files,parity-exact,exact,exact,1162.54,523.8,2.219,,,Both candidate and baseline produced exact results
fuzz2_0480_join_min__fz_unsorted,parity-exact,exact,exact,782.21,850.12,0.92,,,Both candidate and baseline produced exact results
fuzz2_0481_topk__fz_updated,parity-exact,exact,exact,668.28,318.32,2.099,,,Both candidate and baseline produced exact results
fuzz2_0482_minmax__fz_snapshots,parity-exact,exact,exact,304.06,147.24,2.065,,,Both candidate and baseline produced exact results
fuzz2_0483_join__fz_reversed_files,parity-exact,exact,exact,163.17,207.37,0.787,,,Both candidate and baseline produced exact results
fuzz2_0484_semi__fz_nulls,parity-exact,exact,exact,219.46,203.79,1.077,,,Both candidate and baseline produced exact results
fuzz2_0485_topk__fz_evolved,parity-exact,exact,exact,253.39,115.09,2.202,,,Both candidate and baseline produced exact results
fuzz2_0486_topk__fz_dec,parity-exact,exact,exact,102.91,113.42,0.907,,,Both candidate and baseline produced exact results
fuzz2_0487_topk__fz_skewed,parity-exact,exact,exact,132.19,66.16,1.998,,,Both candidate and baseline produced exact results
fuzz2_0488_join_min__fz_dec,parity-exact,exact,exact,342.19,377.43,0.907,,,Both candidate and baseline produced exact results
fuzz2_0489_join_topk__fz_reversed_files,parity-exact,exact,exact,274.93,218.98,1.256,,,Both candidate and baseline produced exact results
fuzz2_0490_topk__fz_small_rg,parity-exact,exact,exact,1032.33,571.76,1.806,,,Both candidate and baseline produced exact results
fuzz2_0491_join_min__fz_date,parity-exact,exact,exact,234.02,301.08,0.777,,,Both candidate and baseline produced exact results
fuzz2_0492_join_min__fz_unsorted,parity-exact,exact,exact,129.1,129.86,0.994,,,Both candidate and baseline produced exact results
fuzz2_0493_join__fz_sorted,parity-exact,exact,exact,294.14,314.51,0.935,,,Both candidate and baseline produced exact results
fuzz2_0494_join__fz_unsorted,parity-exact,exact,exact,537.76,376.05,1.43,,,Both candidate and baseline produced exact results
fuzz2_0495_join_topk__fz_part_evolved,parity-exact,exact,exact,214.86,244.76,0.878,,,Both candidate and baseline produced exact results
fuzz2_0496_filtered_topk__fz_part_evolved,parity-exact,exact,exact,134.08,130.68,1.026,,,Both candidate and baseline produced exact results
fuzz2_0497_join__fz_overlap,parity-exact,exact,exact,224.05,290.54,0.771,,,Both candidate and baseline produced exact results
fuzz2_0498_join__fz_reversed_files,parity-exact,exact,exact,225.44,316.36,0.713,,,Both candidate and baseline produced exact results
fuzz2_0499_filtered_topk__fz_pos_deletes,parity-exact,exact,exact,96.13,108.79,0.884,,,Both candidate and baseline produced exact results
fuzz3_0000_filtered_topk__fz_part_evolved,parity-exact,exact,exact,221.85,225.22,0.985,,,Both candidate and baseline produced exact results
fuzz3_0001_join__fz_evolved,parity-exact,exact,exact,195.1,157.58,1.238,,,Both candidate and baseline produced exact results
fuzz3_0002_join_topk__fz_updated,parity-exact,exact,exact,374.94,445.76,0.841,,,Both candidate and baseline produced exact results
fuzz3_0003_topk__fz_dec,parity-exact,exact,exact,282.53,353.87,0.798,,,Both candidate and baseline produced exact results
fuzz3_0004_join_topk__fz_sorted,parity-exact,exact,exact,405.43,479.19,0.846,,,Both candidate and baseline produced exact results
fuzz3_0005_join_min__fz_nan,parity-exact,exact,exact,946.75,946.31,1.0,,,Both candidate and baseline produced exact results
fuzz3_0006_topk__fz_sorted,parity-exact,exact,exact,362.14,99.1,3.654,,,Both candidate and baseline produced exact results
fuzz3_0007_topk__fz_sorted,parity-exact,exact,exact,98.95,74.58,1.327,,,Both candidate and baseline produced exact results
fuzz3_0008_filtered_topk__fz_skewed,parity-exact,exact,exact,43.54,60.43,0.721,,,Both candidate and baseline produced exact results
fuzz3_0009_topk__fz_overlap,parity-exact,exact,exact,95.19,74.76,1.273,,,Both candidate and baseline produced exact results
fuzz3_0010_join__fz_unsorted,parity-exact,exact,exact,737.52,564.96,1.305,,,Both candidate and baseline produced exact results
fuzz3_0011_join__fz_nan,parity-exact,exact,exact,414.03,361.61,1.145,,,Both candidate and baseline produced exact results
fuzz3_0012_join__fz_sorted,parity-exact,exact,exact,322.1,400.62,0.804,,,Both candidate and baseline produced exact results
fuzz3_0013_join_topk__fz_dec,parity-exact,exact,exact,208.21,230.65,0.903,,,Both candidate and baseline produced exact results
fuzz3_0014_join__fz_part_evolved,parity-exact,exact,exact,975.11,996.26,0.979,,,Both candidate and baseline produced exact results
fuzz3_0015_filtered_topk__fz_long,parity-exact,exact,exact,319.24,301.26,1.06,,,Both candidate and baseline produced exact results
fuzz3_0016_topk__fz_reversed_files,parity-exact,exact,exact,282.75,70.58,4.006,,,Both candidate and baseline produced exact results
fuzz3_0017_semi__fz_small_rg,parity-exact,exact,exact,390.16,372.49,1.047,,,Both candidate and baseline produced exact results
fuzz3_0018_filtered_topk__fz_reversed_files,parity-exact,exact,exact,327.63,200.77,1.632,,,Both candidate and baseline produced exact results
fuzz3_0019_join__fz_skewed,parity-exact,exact,exact,193.16,161.33,1.197,,,Both candidate and baseline produced exact results
fuzz3_0020_join__fz_snapshots,parity-exact,exact,exact,1469.13,1376.04,1.068,,,Both candidate and baseline produced exact results
fuzz3_0021_topk__fz_nan,parity-exact,exact,exact,141.07,137.14,1.029,,,Both candidate and baseline produced exact results
fuzz3_0022_minmax__fz_part_evolved,parity-exact,exact,exact,481.36,95.23,5.054,,,Both candidate and baseline produced exact results
fuzz3_0023_join__fz_long,parity-exact,exact,exact,90.67,83.27,1.089,,,Both candidate and baseline produced exact results
fuzz3_0024_minmax__fz_skewed,parity-exact,exact,exact,144.42,170.12,0.849,,,Both candidate and baseline produced exact results
fuzz3_0025_minmax__fz_evolved,parity-exact,exact,exact,76.87,93.06,0.826,,,Both candidate and baseline produced exact results
fuzz3_0026_topk__fz_str,parity-exact,exact,exact,170.69,156.64,1.09,,,Both candidate and baseline produced exact results
fuzz3_0027_semi__fz_skewed,parity-exact,exact,exact,267.47,227.39,1.176,,,Both candidate and baseline produced exact results
fuzz3_0028_minmax__fz_evolved,parity-exact,exact,exact,131.91,119.56,1.103,,,Both candidate and baseline produced exact results
fuzz3_0029_topk__fz_updated,parity-exact,exact,exact,336.4,148.45,2.266,,,Both candidate and baseline produced exact results
fuzz3_0030_join_topk__fz_reversed_files,parity-exact,exact,exact,471.6,349.2,1.351,,,Both candidate and baseline produced exact results
fuzz3_0031_join__fz_part_evolved,parity-exact,exact,exact,199.83,325.05,0.615,,,Both candidate and baseline produced exact results
fuzz3_0032_topk__fz_updated,parity-exact,exact,exact,509.28,243.86,2.088,,,Both candidate and baseline produced exact results
fuzz3_0033_join__fz_reversed_files,parity-exact,exact,exact,358.22,179.69,1.994,,,Both candidate and baseline produced exact results
fuzz3_0034_topk__fz_updated,parity-exact,exact,exact,185.6,110.5,1.68,,,Both candidate and baseline produced exact results
fuzz3_0035_semi__fz_long,parity-exact,exact,exact,248.49,249.37,0.996,,,Both candidate and baseline produced exact results
fuzz3_0036_topk__fz_reversed_files,parity-exact,exact,exact,281.41,150.61,1.868,,,Both candidate and baseline produced exact results
fuzz3_0037_join__fz_dec,parity-exact,exact,exact,486.42,514.75,0.945,,,Both candidate and baseline produced exact results
fuzz3_0038_join__fz_unsorted,parity-exact,exact,exact,282.87,293.36,0.964,,,Both candidate and baseline produced exact results
fuzz3_0039_filtered_topk__fz_long,parity-exact,exact,exact,74.41,58.43,1.274,,,Both candidate and baseline produced exact results
fuzz3_0040_topk__fz_part_evolved,parity-exact,exact,exact,127.72,96.7,1.321,,,Both candidate and baseline produced exact results
fuzz3_0041_topk__fz_dec,parity-exact,exact,exact,312.84,317.61,0.985,,,Both candidate and baseline produced exact results
fuzz3_0042_join_min__fz_dec,parity-exact,exact,exact,1344.66,1246.74,1.079,,,Both candidate and baseline produced exact results
fuzz3_0043_semi__fz_dec,parity-exact,exact,exact,480.99,589.64,0.816,,,Both candidate and baseline produced exact results
fuzz3_0044_join__fz_unsorted,parity-exact,exact,exact,248.96,176.87,1.408,,,Both candidate and baseline produced exact results
fuzz3_0045_filtered_topk__fz_updated,parity-exact,exact,exact,129.28,124.62,1.037,,,Both candidate and baseline produced exact results
fuzz3_0046_join__fz_skewed,parity-exact,exact,exact,220.12,388.82,0.566,,,Both candidate and baseline produced exact results
fuzz3_0047_topk__fz_snapshots,parity-exact,exact,exact,333.48,129.17,2.582,,,Both candidate and baseline produced exact results
fuzz3_0048_join__fz_sorted,parity-exact,exact,exact,244.54,245.77,0.995,,,Both candidate and baseline produced exact results
fuzz3_0049_join__fz_snapshots,parity-exact,exact,exact,266.37,195.99,1.359,,,Both candidate and baseline produced exact results
fuzz3_0050_join__fz_nulls,parity-exact,exact,exact,274.33,256.02,1.072,,,Both candidate and baseline produced exact results
fuzz3_0051_join__fz_snapshots,parity-exact,exact,exact,363.83,225.33,1.615,,,Both candidate and baseline produced exact results
fuzz3_0052_join__fz_sorted,parity-exact,exact,exact,383.88,231.14,1.661,,,Both candidate and baseline produced exact results
fuzz3_0053_join_topk__fz_skewed,parity-exact,exact,exact,208.86,171.23,1.22,,,Both candidate and baseline produced exact results
fuzz3_0054_join__fz_pos_deletes,parity-exact,exact,exact,172.31,159.71,1.079,,,Both candidate and baseline produced exact results
fuzz3_0055_filtered_topk__fz_long,parity-exact,exact,exact,137.83,113.75,1.212,,,Both candidate and baseline produced exact results
fuzz3_0056_filtered_topk__fz_skewed,parity-exact,exact,exact,161.9,155.14,1.044,,,Both candidate and baseline produced exact results
fuzz3_0057_semi__fz_unsorted,parity-exact,exact,exact,433.77,426.04,1.018,,,Both candidate and baseline produced exact results
fuzz3_0058_join__fz_updated,parity-exact,exact,exact,169.81,189.07,0.898,,,Both candidate and baseline produced exact results
fuzz3_0059_join_topk__fz_long,parity-exact,exact,exact,651.4,741.88,0.878,,,Both candidate and baseline produced exact results
fuzz3_0060_join_min__fz_long,parity-exact,exact,exact,254.56,276.01,0.922,,,Both candidate and baseline produced exact results
fuzz3_0061_topk__fz_reversed_files,parity-exact,exact,exact,553.31,113.19,4.888,,,Both candidate and baseline produced exact results
fuzz3_0062_filtered_topk__fz_long,parity-exact,exact,exact,84.67,93.63,0.904,,,Both candidate and baseline produced exact results
fuzz3_0063_semi__fz_skewed,parity-exact,exact,exact,515.1,429.11,1.2,,,Both candidate and baseline produced exact results
fuzz3_0064_join_min__fz_part_evolved,parity-exact,exact,exact,267.35,191.37,1.397,,,Both candidate and baseline produced exact results
fuzz3_0065_topk__fz_snapshots,parity-exact,exact,exact,334.37,134.47,2.487,,,Both candidate and baseline produced exact results
fuzz3_0066_join_topk__fz_evolved,parity-exact,exact,exact,233.21,185.78,1.255,,,Both candidate and baseline produced exact results
fuzz3_0067_filtered_topk__fz_sorted,parity-exact,exact,exact,93.75,85.53,1.096,,,Both candidate and baseline produced exact results
fuzz3_0068_semi__fz_snapshots,parity-exact,exact,exact,524.72,224.53,2.337,,,Both candidate and baseline produced exact results
fuzz3_0069_filtered_topk__fz_unsorted,parity-exact,exact,exact,133.73,115.41,1.159,,,Both candidate and baseline produced exact results
fuzz3_0070_topk__fz_nan,parity-exact,exact,exact,140.22,140.25,1.0,,,Both candidate and baseline produced exact results
fuzz3_0071_filtered_topk__fz_part_evolved,parity-exact,exact,exact,71.57,75.04,0.954,,,Both candidate and baseline produced exact results
fuzz3_0072_topk__fz_pos_deletes,parity-exact,exact,exact,85.32,84.23,1.013,,,Both candidate and baseline produced exact results
fuzz3_0073_topk__fz_snapshots,parity-exact,exact,exact,400.35,131.82,3.037,,,Both candidate and baseline produced exact results
fuzz3_0074_semi__fz_unsorted,parity-exact,exact,exact,310.09,201.0,1.543,,,Both candidate and baseline produced exact results
fuzz3_0075_topk__fz_dec,parity-exact,exact,exact,145.46,117.63,1.237,,,Both candidate and baseline produced exact results
fuzz3_0076_join__fz_sorted,parity-exact,exact,exact,170.68,207.87,0.821,,,Both candidate and baseline produced exact results
fuzz3_0077_join__fz_evolved,parity-exact,exact,exact,163.01,228.8,0.712,,,Both candidate and baseline produced exact results
fuzz3_0078_join__fz_reversed_files,parity-exact,exact,exact,309.58,229.62,1.348,,,Both candidate and baseline produced exact results
fuzz3_0079_join__fz_skewed,parity-exact,exact,exact,241.19,213.79,1.128,,,Both candidate and baseline produced exact results
fuzz3_0080_join_min__fz_snapshots,parity-exact,exact,exact,351.16,203.63,1.725,,,Both candidate and baseline produced exact results
fuzz3_0081_join_topk__fz_unsorted,parity-exact,exact,exact,989.15,966.39,1.024,,,Both candidate and baseline produced exact results
fuzz3_0082_join__fz_sorted,parity-exact,exact,exact,197.0,179.49,1.098,,,Both candidate and baseline produced exact results
fuzz3_0083_topk__fz_dec,parity-exact,exact,exact,220.21,295.09,0.746,,,Both candidate and baseline produced exact results
fuzz3_0084_minmax__fz_nulls,parity-exact,exact,exact,75.67,80.19,0.944,,,Both candidate and baseline produced exact results
fuzz3_0085_minmax__fz_nan,parity-exact,exact,exact,128.46,146.64,0.876,,,Both candidate and baseline produced exact results
fuzz3_0086_filtered_topk__fz_sorted,parity-exact,exact,exact,118.16,142.33,0.83,,,Both candidate and baseline produced exact results
fuzz3_0087_join_min__fz_str,parity-exact,exact,exact,276.3,409.25,0.675,,,Both candidate and baseline produced exact results
fuzz3_0088_join__fz_evolved,parity-exact,exact,exact,413.98,351.24,1.179,,,Both candidate and baseline produced exact results
fuzz3_0089_minmax__fz_snapshots,parity-exact,exact,exact,356.99,148.4,2.406,,,Both candidate and baseline produced exact results
fuzz3_0090_semi__fz_dec,parity-exact,exact,exact,627.22,568.75,1.103,,,Both candidate and baseline produced exact results
fuzz3_0091_filtered_topk__fz_part_evolved,parity-exact,exact,exact,199.57,202.61,0.985,,,Both candidate and baseline produced exact results
fuzz3_0092_filtered_topk__fz_str,parity-exact,exact,exact,143.57,134.06,1.071,,,Both candidate and baseline produced exact results
fuzz3_0093_join__fz_unsorted,parity-exact,exact,exact,354.52,189.35,1.872,,,Both candidate and baseline produced exact results
fuzz3_0094_join__fz_long,parity-exact,exact,exact,281.41,392.23,0.717,,,Both candidate and baseline produced exact results
fuzz3_0095_join_topk__fz_sorted,parity-exact,exact,exact,154.3,143.4,1.076,,,Both candidate and baseline produced exact results
fuzz3_0096_join_topk__fz_str,parity-exact,exact,exact,139.07,246.94,0.563,,,Both candidate and baseline produced exact results
fuzz3_0097_join_min__fz_reversed_files,parity-exact,exact,exact,136.68,109.15,1.252,,,Both candidate and baseline produced exact results
fuzz3_0098_join_min__fz_reversed_files,parity-exact,exact,exact,287.17,216.96,1.324,,,Both candidate and baseline produced exact results
fuzz3_0099_join__fz_date,parity-exact,exact,exact,883.02,978.13,0.903,,,Both candidate and baseline produced exact results
fuzz3_0100_semi__fz_unsorted,parity-exact,exact,exact,129.86,176.53,0.736,,,Both candidate and baseline produced exact results
fuzz3_0101_topk__fz_str,parity-exact,exact,exact,174.7,139.02,1.257,,,Both candidate and baseline produced exact results
fuzz3_0102_topk__fz_long,parity-exact,exact,exact,252.92,188.21,1.344,,,Both candidate and baseline produced exact results
fuzz3_0103_join__fz_evolved,parity-exact,exact,exact,207.3,385.68,0.537,,,Both candidate and baseline produced exact results
fuzz3_0104_join__fz_updated,parity-exact,exact,exact,243.96,253.04,0.964,,,Both candidate and baseline produced exact results
fuzz3_0105_join_topk__fz_dec,parity-exact,exact,exact,452.09,430.81,1.049,,,Both candidate and baseline produced exact results
fuzz3_0106_join_min__fz_snapshots,parity-exact,exact,exact,343.96,295.59,1.164,,,Both candidate and baseline produced exact results
fuzz3_0107_filtered_topk__fz_snapshots,parity-exact,exact,exact,397.11,195.55,2.031,,,Both candidate and baseline produced exact results
fuzz3_0108_join__fz_nan,parity-exact,exact,exact,302.72,286.78,1.056,,,Both candidate and baseline produced exact results
fuzz3_0109_join_min__fz_nulls,parity-exact,exact,exact,271.67,214.98,1.264,,,Both candidate and baseline produced exact results
fuzz3_0110_join__fz_snapshots,parity-exact,exact,exact,453.0,307.52,1.473,,,Both candidate and baseline produced exact results
fuzz3_0111_minmax__fz_date,parity-exact,exact,exact,67.76,76.51,0.886,,,Both candidate and baseline produced exact results
fuzz3_0112_join_topk__fz_dec,parity-exact,exact,exact,547.76,443.45,1.235,,,Both candidate and baseline produced exact results
fuzz3_0113_semi__fz_date,parity-exact,exact,exact,225.38,244.15,0.923,,,Both candidate and baseline produced exact results
fuzz3_0114_join_min__fz_dec,parity-exact,exact,exact,428.53,472.98,0.906,,,Both candidate and baseline produced exact results
fuzz3_0115_topk__fz_skewed,parity-exact,exact,exact,341.35,79.65,4.286,,,Both candidate and baseline produced exact results
fuzz3_0116_join_topk__fz_dec,parity-exact,exact,exact,1942.44,1959.39,0.991,,,Both candidate and baseline produced exact results
fuzz3_0117_join__fz_sorted,parity-exact,exact,exact,178.03,155.96,1.142,,,Both candidate and baseline produced exact results
fuzz3_0118_filtered_topk__fz_snapshots,parity-exact,exact,exact,386.5,340.97,1.134,,,Both candidate and baseline produced exact results
fuzz3_0119_join_topk__fz_nulls,parity-exact,exact,exact,343.8,492.65,0.698,,,Both candidate and baseline produced exact results
fuzz3_0120_join_min__fz_part_evolved,parity-exact,exact,exact,219.16,224.07,0.978,,,Both candidate and baseline produced exact results
fuzz3_0121_topk__fz_small_rg,parity-exact,exact,exact,376.75,153.44,2.455,,,Both candidate and baseline produced exact results
fuzz3_0122_semi__fz_nan,parity-exact,exact,exact,485.01,531.86,0.912,,,Both candidate and baseline produced exact results
fuzz3_0123_join_min__fz_date,parity-exact,exact,exact,224.53,240.75,0.933,,,Both candidate and baseline produced exact results
fuzz3_0124_minmax__fz_long,parity-exact,exact,exact,61.73,66.11,0.934,,,Both candidate and baseline produced exact results
fuzz3_0125_join__fz_dec,parity-exact,exact,exact,675.63,522.29,1.294,,,Both candidate and baseline produced exact results
fuzz3_0126_join__fz_date,parity-exact,exact,exact,463.02,313.96,1.475,,,Both candidate and baseline produced exact results
fuzz3_0127_filtered_topk__fz_part_evolved,parity-exact,exact,exact,188.55,231.53,0.814,,,Both candidate and baseline produced exact results
fuzz3_0128_join_min__fz_overlap,parity-exact,exact,exact,205.19,219.96,0.933,,,Both candidate and baseline produced exact results
fuzz3_0129_join__fz_long,parity-exact,exact,exact,186.1,155.27,1.199,,,Both candidate and baseline produced exact results
fuzz3_0130_join__fz_pos_deletes,parity-exact,exact,exact,389.58,327.89,1.188,,,Both candidate and baseline produced exact results
fuzz3_0131_join_min__fz_long,parity-exact,exact,exact,282.41,247.64,1.14,,,Both candidate and baseline produced exact results
fuzz3_0132_join_topk__fz_small_rg,parity-exact,exact,exact,309.94,326.1,0.95,,,Both candidate and baseline produced exact results
fuzz3_0133_topk__fz_snapshots,parity-exact,exact,exact,646.04,280.49,2.303,,,Both candidate and baseline produced exact results
fuzz3_0134_minmax__fz_evolved,parity-exact,exact,exact,73.11,75.26,0.971,,,Both candidate and baseline produced exact results
fuzz3_0135_join_topk__fz_small_rg,parity-exact,exact,exact,316.76,314.76,1.006,,,Both candidate and baseline produced exact results
fuzz3_0136_topk__fz_skewed,parity-exact,exact,exact,344.85,84.73,4.07,,,Both candidate and baseline produced exact results
fuzz3_0137_minmax__fz_overlap,parity-exact,exact,exact,65.52,56.06,1.169,,,Both candidate and baseline produced exact results
fuzz3_0138_join_min__fz_overlap,parity-exact,exact,exact,303.73,166.77,1.821,,,Both candidate and baseline produced exact results
fuzz3_0139_minmax__fz_sorted,parity-exact,exact,exact,122.78,143.37,0.856,,,Both candidate and baseline produced exact results
fuzz3_0140_join_topk__fz_unsorted,parity-exact,exact,exact,521.64,459.14,1.136,,,Both candidate and baseline produced exact results
fuzz3_0141_join__fz_long,parity-exact,exact,exact,105.37,111.13,0.948,,,Both candidate and baseline produced exact results
fuzz3_0142_filtered_topk__fz_reversed_files,parity-exact,exact,exact,265.9,134.11,1.983,,,Both candidate and baseline produced exact results
fuzz3_0143_topk__fz_dec,parity-exact,exact,exact,185.2,266.4,0.695,,,Both candidate and baseline produced exact results
fuzz3_0144_join__fz_sorted,parity-exact,exact,exact,230.27,220.38,1.045,,,Both candidate and baseline produced exact results
fuzz3_0145_topk__fz_overlap,parity-exact,exact,exact,75.63,65.53,1.154,,,Both candidate and baseline produced exact results
fuzz3_0146_join_min__fz_sorted,parity-exact,exact,exact,256.52,168.17,1.525,,,Both candidate and baseline produced exact results
fuzz3_0147_join_topk__fz_reversed_files,parity-exact,exact,exact,554.01,505.27,1.096,,,Both candidate and baseline produced exact results
fuzz3_0148_join__fz_updated,parity-exact,exact,exact,326.88,434.07,0.753,,,Both candidate and baseline produced exact results
fuzz3_0149_filtered_topk__fz_nan,parity-exact,exact,exact,190.73,179.89,1.06,,,Both candidate and baseline produced exact results
fuzz3_0150_topk__fz_date,parity-exact,exact,exact,297.14,99.25,2.994,,,Both candidate and baseline produced exact results
fuzz3_0151_semi__fz_unsorted,parity-exact,exact,exact,192.02,220.33,0.872,,,Both candidate and baseline produced exact results
fuzz3_0152_join__fz_skewed,parity-exact,exact,exact,144.28,145.02,0.995,,,Both candidate and baseline produced exact results
fuzz3_0153_join_min__fz_long,parity-exact,exact,exact,287.8,226.22,1.272,,,Both candidate and baseline produced exact results
fuzz3_0154_join_topk__fz_unsorted,parity-exact,exact,exact,225.7,188.51,1.197,,,Both candidate and baseline produced exact results
fuzz3_0155_topk__fz_nulls,parity-exact,exact,exact,279.33,86.46,3.231,,,Both candidate and baseline produced exact results
fuzz3_0156_topk__fz_nan,parity-exact,exact,exact,156.44,136.82,1.143,,,Both candidate and baseline produced exact results
fuzz3_0157_join__fz_unsorted,parity-exact,exact,exact,310.08,230.17,1.347,,,Both candidate and baseline produced exact results
fuzz3_0158_filtered_topk__fz_reversed_files,parity-exact,exact,exact,327.95,225.49,1.454,,,Both candidate and baseline produced exact results
fuzz3_0159_filtered_topk__fz_nan,parity-exact,exact,exact,355.98,318.99,1.116,,,Both candidate and baseline produced exact results
fuzz3_0160_join_min__fz_part_evolved,parity-exact,exact,exact,209.2,165.66,1.263,,,Both candidate and baseline produced exact results
fuzz3_0161_join__fz_pos_deletes,parity-exact,exact,exact,376.17,424.24,0.887,,,Both candidate and baseline produced exact results
fuzz3_0162_topk__fz_nan,parity-exact,exact,exact,960.4,963.95,0.996,,,Both candidate and baseline produced exact results
fuzz3_0163_minmax__fz_evolved,parity-exact,exact,exact,71.73,81.67,0.878,,,Both candidate and baseline produced exact results
fuzz3_0164_topk__fz_str,parity-exact,exact,exact,333.37,363.3,0.918,,,Both candidate and baseline produced exact results
fuzz3_0165_minmax__fz_snapshots,parity-exact,exact,exact,297.16,114.38,2.598,,,Both candidate and baseline produced exact results
fuzz3_0166_minmax__fz_skewed,parity-exact,exact,exact,130.24,127.06,1.025,,,Both candidate and baseline produced exact results
fuzz3_0167_semi__fz_dec,parity-exact,exact,exact,503.79,643.84,0.782,,,Both candidate and baseline produced exact results
fuzz3_0168_topk__fz_date,parity-exact,exact,exact,135.25,129.71,1.043,,,Both candidate and baseline produced exact results
fuzz3_0169_join_min__fz_unsorted,parity-exact,exact,exact,270.77,285.98,0.947,,,Both candidate and baseline produced exact results
fuzz3_0170_semi__fz_dec,parity-exact,exact,exact,444.6,427.95,1.039,,,Both candidate and baseline produced exact results
fuzz3_0171_semi__fz_nan,parity-exact,exact,exact,393.26,543.22,0.724,,,Both candidate and baseline produced exact results
fuzz3_0172_join_topk__fz_str,parity-exact,exact,exact,288.66,261.3,1.105,,,Both candidate and baseline produced exact results
fuzz3_0173_topk__fz_reversed_files,parity-exact,exact,exact,352.26,183.1,1.924,,,Both candidate and baseline produced exact results
fuzz3_0174_semi__fz_updated,parity-exact,exact,exact,237.05,212.26,1.117,,,Both candidate and baseline produced exact results
fuzz3_0175_join_topk__fz_overlap,parity-exact,exact,exact,240.39,158.33,1.518,,,Both candidate and baseline produced exact results
fuzz3_0176_topk__fz_evolved,parity-exact,exact,exact,198.04,165.17,1.199,,,Both candidate and baseline produced exact results
fuzz3_0177_join__fz_part_evolved,parity-exact,exact,exact,703.97,700.66,1.005,,,Both candidate and baseline produced exact results
fuzz3_0178_join_min__fz_skewed,parity-exact,exact,exact,320.28,300.04,1.067,,,Both candidate and baseline produced exact results
fuzz3_0179_join_topk__fz_str,parity-exact,exact,exact,445.25,431.94,1.031,,,Both candidate and baseline produced exact results
fuzz3_0180_topk__fz_nulls,parity-exact,exact,exact,123.19,98.74,1.248,,,Both candidate and baseline produced exact results
fuzz3_0181_join__fz_nan,parity-exact,exact,exact,296.88,267.57,1.11,,,Both candidate and baseline produced exact results
fuzz3_0182_join_topk__fz_dec,parity-exact,exact,exact,203.2,223.25,0.91,,,Both candidate and baseline produced exact results
fuzz3_0183_semi__fz_date,parity-exact,exact,exact,373.83,460.99,0.811,,,Both candidate and baseline produced exact results
fuzz3_0184_filtered_topk__fz_small_rg,parity-exact,exact,exact,148.34,166.34,0.892,,,Both candidate and baseline produced exact results
fuzz3_0185_filtered_topk__fz_str,parity-exact,exact,exact,217.29,211.42,1.028,,,Both candidate and baseline produced exact results
fuzz3_0186_topk__fz_nan,parity-exact,exact,exact,150.86,157.42,0.958,,,Both candidate and baseline produced exact results
fuzz3_0187_minmax__fz_skewed,parity-exact,exact,exact,73.41,59.44,1.235,,,Both candidate and baseline produced exact results
fuzz3_0188_minmax__fz_small_rg,parity-exact,exact,exact,123.13,127.7,0.964,,,Both candidate and baseline produced exact results
fuzz3_0189_filtered_topk__fz_long,parity-exact,exact,exact,416.32,493.67,0.843,,,Both candidate and baseline produced exact results
fuzz3_0190_topk__fz_part_evolved,parity-exact,exact,exact,299.74,128.88,2.326,,,Both candidate and baseline produced exact results
fuzz3_0191_minmax__fz_unsorted,parity-exact,exact,exact,146.65,124.55,1.177,,,Both candidate and baseline produced exact results
fuzz3_0192_join_min__fz_updated,parity-exact,exact,exact,233.15,224.38,1.039,,,Both candidate and baseline produced exact results
fuzz3_0193_join__fz_dec,parity-exact,exact,exact,734.28,731.84,1.003,,,Both candidate and baseline produced exact results
fuzz3_0194_minmax__fz_reversed_files,parity-exact,exact,exact,207.81,128.56,1.616,,,Both candidate and baseline produced exact results
fuzz3_0195_join__fz_small_rg,parity-exact,exact,exact,241.09,340.27,0.709,,,Both candidate and baseline produced exact results
fuzz3_0196_semi__fz_unsorted,parity-exact,exact,exact,259.68,267.31,0.971,,,Both candidate and baseline produced exact results
fuzz3_0197_join__fz_small_rg,parity-exact,exact,exact,299.11,227.87,1.313,,,Both candidate and baseline produced exact results
fuzz3_0198_semi__fz_date,parity-exact,exact,exact,235.2,197.87,1.189,,,Both candidate and baseline produced exact results
fuzz3_0199_topk__fz_reversed_files,parity-exact,exact,exact,345.11,77.92,4.429,,,Both candidate and baseline produced exact results
fuzz3_0200_minmax__fz_str,parity-exact,exact,exact,489.18,391.03,1.251,,,Both candidate and baseline produced exact results
fuzz3_0201_filtered_topk__fz_long,parity-exact,exact,exact,93.55,77.28,1.21,,,Both candidate and baseline produced exact results
fuzz3_0202_semi__fz_unsorted,parity-exact,exact,exact,223.73,245.96,0.91,,,Both candidate and baseline produced exact results
fuzz3_0203_join__fz_overlap,parity-exact,exact,exact,312.19,221.76,1.408,,,Both candidate and baseline produced exact results
fuzz3_0204_join__fz_sorted,parity-exact,exact,exact,251.69,206.92,1.216,,,Both candidate and baseline produced exact results
fuzz3_0205_semi__fz_unsorted,parity-exact,exact,exact,231.32,198.1,1.168,,,Both candidate and baseline produced exact results
fuzz3_0206_join__fz_evolved,parity-exact,exact,exact,232.35,232.99,0.997,,,Both candidate and baseline produced exact results
fuzz3_0207_filtered_topk__fz_str,parity-exact,exact,exact,294.18,277.67,1.059,,,Both candidate and baseline produced exact results
fuzz3_0208_semi__fz_skewed,parity-exact,exact,exact,134.28,145.6,0.922,,,Both candidate and baseline produced exact results
fuzz3_0209_filtered_topk__fz_small_rg,parity-exact,exact,exact,234.37,199.44,1.175,,,Both candidate and baseline produced exact results
fuzz3_0210_join__fz_str,parity-exact,exact,exact,269.11,256.27,1.05,,,Both candidate and baseline produced exact results
fuzz3_0211_topk__fz_reversed_files,parity-exact,exact,exact,190.32,96.92,1.964,,,Both candidate and baseline produced exact results
fuzz3_0212_join__fz_str,parity-exact,exact,exact,140.95,135.1,1.043,,,Both candidate and baseline produced exact results
fuzz3_0213_topk__fz_snapshots,parity-exact,exact,exact,287.52,118.42,2.428,,,Both candidate and baseline produced exact results
fuzz3_0214_topk__fz_unsorted,parity-exact,exact,exact,75.77,104.77,0.723,,,Both candidate and baseline produced exact results
fuzz3_0215_join_topk__fz_small_rg,parity-exact,exact,exact,268.86,303.76,0.885,,,Both candidate and baseline produced exact results
fuzz3_0216_join__fz_pos_deletes,parity-exact,exact,exact,312.39,213.4,1.464,,,Both candidate and baseline produced exact results
fuzz3_0217_topk__fz_long,parity-exact,exact,exact,524.25,182.04,2.88,,,Both candidate and baseline produced exact results
fuzz3_0218_topk__fz_nulls,parity-exact,exact,exact,73.4,57.42,1.278,,,Both candidate and baseline produced exact results
fuzz3_0219_semi__fz_part_evolved,parity-exact,exact,exact,340.43,301.65,1.129,,,Both candidate and baseline produced exact results
fuzz3_0220_join_topk__fz_updated,parity-exact,exact,exact,300.6,267.66,1.123,,,Both candidate and baseline produced exact results
fuzz3_0221_minmax__fz_str,parity-exact,exact,exact,436.62,384.44,1.136,,,Both candidate and baseline produced exact results
fuzz3_0222_join_min__fz_str,baseline-invalid-candidate-pass,exact,mismatch,,572.03,,,,Baseline hit broadcast coalescing bug (mismatch / OversizedAllocationException); candidate passed exact
fuzz3_0223_join_topk__fz_updated,parity-exact,exact,exact,188.9,283.24,0.667,,,Both candidate and baseline produced exact results
fuzz3_0224_topk__fz_small_rg,parity-exact,exact,exact,268.96,207.57,1.296,,,Both candidate and baseline produced exact results
fuzz3_0225_filtered_topk__fz_reversed_files,parity-exact,exact,exact,393.62,301.66,1.305,,,Both candidate and baseline produced exact results
fuzz3_0226_join_topk__fz_date,parity-exact,exact,exact,321.6,250.33,1.285,,,Both candidate and baseline produced exact results
fuzz3_0227_filtered_topk__fz_sorted,parity-exact,exact,exact,89.58,89.03,1.006,,,Both candidate and baseline produced exact results
fuzz3_0228_join_min__fz_dec,parity-exact,exact,exact,501.15,383.3,1.307,,,Both candidate and baseline produced exact results
fuzz3_0229_filtered_topk__fz_nulls,parity-exact,exact,exact,86.75,79.12,1.096,,,Both candidate and baseline produced exact results
fuzz3_0230_filtered_topk__fz_long,parity-exact,exact,exact,182.3,178.97,1.019,,,Both candidate and baseline produced exact results
fuzz3_0231_minmax__fz_updated,parity-exact,exact,exact,164.96,188.07,0.877,,,Both candidate and baseline produced exact results
fuzz3_0232_minmax__fz_pos_deletes,parity-exact,exact,exact,93.35,86.79,1.076,,,Both candidate and baseline produced exact results
fuzz3_0233_join_min__fz_long,parity-exact,exact,exact,220.15,229.12,0.961,,,Both candidate and baseline produced exact results
fuzz3_0234_minmax__fz_pos_deletes,parity-exact,exact,exact,100.42,90.88,1.105,,,Both candidate and baseline produced exact results
fuzz3_0235_topk__fz_updated,parity-exact,exact,exact,294.92,276.49,1.067,,,Both candidate and baseline produced exact results
fuzz3_0236_minmax__fz_small_rg,parity-exact,exact,exact,68.95,88.36,0.78,,,Both candidate and baseline produced exact results
fuzz3_0237_join__fz_nan,parity-exact,exact,exact,2071.29,2043.42,1.014,,,Both candidate and baseline produced exact results
fuzz3_0238_minmax__fz_long,parity-exact,exact,exact,94.19,81.39,1.157,,,Both candidate and baseline produced exact results
fuzz3_0239_topk__fz_unsorted,parity-exact,exact,exact,148.92,113.33,1.314,,,Both candidate and baseline produced exact results
fuzz3_0240_filtered_topk__fz_sorted,parity-exact,exact,exact,255.36,275.05,0.928,,,Both candidate and baseline produced exact results
fuzz3_0241_topk__fz_sorted,parity-exact,exact,exact,344.63,132.56,2.6,,,Both candidate and baseline produced exact results
fuzz3_0242_join__fz_nan,parity-exact,exact,exact,336.79,490.93,0.686,,,Both candidate and baseline produced exact results
fuzz3_0243_topk__fz_date,parity-exact,exact,exact,106.12,61.52,1.725,,,Both candidate and baseline produced exact results
fuzz3_0244_join__fz_pos_deletes,parity-exact,exact,exact,178.26,220.2,0.81,,,Both candidate and baseline produced exact results
fuzz3_0245_topk__fz_small_rg,parity-exact,exact,exact,579.06,450.45,1.286,,,Both candidate and baseline produced exact results
fuzz3_0246_join_topk__fz_unsorted,parity-exact,exact,exact,299.54,192.58,1.555,,,Both candidate and baseline produced exact results
fuzz3_0247_topk__fz_nulls,parity-exact,exact,exact,192.97,130.41,1.48,,,Both candidate and baseline produced exact results
fuzz3_0248_join__fz_nan,parity-exact,exact,exact,873.08,862.87,1.012,,,Both candidate and baseline produced exact results
fuzz3_0249_join_topk__fz_updated,parity-exact,exact,exact,270.68,341.54,0.793,,,Both candidate and baseline produced exact results
fuzz3_0250_join__fz_date,parity-exact,exact,exact,211.39,184.75,1.144,,,Both candidate and baseline produced exact results
fuzz3_0251_join__fz_date,parity-exact,exact,exact,437.55,189.72,2.306,,,Both candidate and baseline produced exact results
fuzz3_0252_join__fz_long,parity-exact,exact,exact,192.71,178.06,1.082,,,Both candidate and baseline produced exact results
fuzz3_0253_minmax__fz_str,parity-exact,exact,exact,455.68,344.22,1.324,,,Both candidate and baseline produced exact results
fuzz3_0254_join__fz_part_evolved,parity-exact,exact,exact,321.04,280.76,1.143,,,Both candidate and baseline produced exact results
fuzz3_0255_join_topk__fz_nulls,parity-exact,exact,exact,297.77,172.57,1.726,,,Both candidate and baseline produced exact results
fuzz3_0256_topk__fz_snapshots,parity-exact,exact,exact,342.19,162.71,2.103,,,Both candidate and baseline produced exact results
fuzz3_0257_semi__fz_evolved,parity-exact,exact,exact,231.1,238.55,0.969,,,Both candidate and baseline produced exact results
fuzz3_0258_join__fz_unsorted,parity-exact,exact,exact,308.25,348.7,0.884,,,Both candidate and baseline produced exact results
fuzz3_0259_join__fz_unsorted,parity-exact,exact,exact,219.12,243.51,0.9,,,Both candidate and baseline produced exact results
fuzz3_0260_join_min__fz_reversed_files,parity-exact,exact,exact,215.36,260.29,0.827,,,Both candidate and baseline produced exact results
fuzz3_0261_semi__fz_updated,parity-exact,exact,exact,387.53,273.15,1.419,,,Both candidate and baseline produced exact results
fuzz3_0262_topk__fz_evolved,parity-exact,exact,exact,100.13,92.87,1.078,,,Both candidate and baseline produced exact results
fuzz3_0263_join_min__fz_small_rg,parity-exact,exact,exact,408.93,317.24,1.289,,,Both candidate and baseline produced exact results
fuzz3_0264_filtered_topk__fz_skewed,parity-exact,exact,exact,79.99,77.89,1.027,,,Both candidate and baseline produced exact results
fuzz3_0265_minmax__fz_str,parity-exact,exact,exact,415.47,586.14,0.709,,,Both candidate and baseline produced exact results
fuzz3_0266_topk__fz_unsorted,parity-exact,exact,exact,82.56,110.36,0.748,,,Both candidate and baseline produced exact results
fuzz3_0267_topk__fz_long,parity-exact,exact,exact,749.96,245.1,3.06,,,Both candidate and baseline produced exact results
fuzz3_0268_minmax__fz_overlap,parity-exact,exact,exact,72.61,79.63,0.912,,,Both candidate and baseline produced exact results
fuzz3_0269_join_topk__fz_dec,parity-exact,exact,exact,624.76,612.38,1.02,,,Both candidate and baseline produced exact results
fuzz3_0270_filtered_topk__fz_nulls,parity-exact,exact,exact,209.57,222.76,0.941,,,Both candidate and baseline produced exact results
fuzz3_0271_minmax__fz_sorted,parity-exact,exact,exact,67.22,67.93,0.99,,,Both candidate and baseline produced exact results
fuzz3_0272_join_topk__fz_small_rg,parity-exact,exact,exact,312.07,359.48,0.868,,,Both candidate and baseline produced exact results
fuzz3_0273_topk__fz_part_evolved,parity-exact,exact,exact,240.99,163.28,1.476,,,Both candidate and baseline produced exact results
fuzz3_0274_join_topk__fz_long,parity-exact,exact,exact,252.36,325.34,0.776,,,Both candidate and baseline produced exact results
fuzz3_0275_filtered_topk__fz_reversed_files,parity-exact,exact,exact,114.34,89.14,1.283,,,Both candidate and baseline produced exact results
fuzz3_0276_semi__fz_sorted,parity-exact,exact,exact,340.12,225.25,1.51,,,Both candidate and baseline produced exact results
fuzz3_0277_join_min__fz_sorted,parity-exact,exact,exact,217.43,235.84,0.922,,,Both candidate and baseline produced exact results
fuzz3_0278_topk__fz_date,parity-exact,exact,exact,75.76,68.62,1.104,,,Both candidate and baseline produced exact results
fuzz3_0279_filtered_topk__fz_skewed,parity-exact,exact,exact,69.61,52.57,1.324,,,Both candidate and baseline produced exact results
fuzz3_0280_topk__fz_reversed_files,parity-exact,exact,exact,287.5,70.27,4.092,,,Both candidate and baseline produced exact results
fuzz3_0281_minmax__fz_part_evolved,parity-exact,exact,exact,86.67,94.29,0.919,,,Both candidate and baseline produced exact results
fuzz3_0282_filtered_topk__fz_skewed,parity-exact,exact,exact,83.63,55.94,1.495,,,Both candidate and baseline produced exact results
fuzz3_0283_join__fz_snapshots,parity-exact,exact,exact,629.65,549.74,1.145,,,Both candidate and baseline produced exact results
fuzz3_0284_topk__fz_reversed_files,parity-exact,exact,exact,316.84,139.58,2.27,,,Both candidate and baseline produced exact results
fuzz3_0285_minmax__fz_pos_deletes,parity-exact,exact,exact,106.53,134.03,0.795,,,Both candidate and baseline produced exact results
fuzz3_0286_topk__fz_overlap,parity-exact,exact,exact,288.43,241.34,1.195,,,Both candidate and baseline produced exact results
fuzz3_0287_join__fz_pos_deletes,parity-exact,exact,exact,118.48,193.54,0.612,,,Both candidate and baseline produced exact results
fuzz3_0288_topk__fz_snapshots,parity-exact,exact,exact,590.82,164.95,3.582,,,Both candidate and baseline produced exact results
fuzz3_0289_topk__fz_str,parity-exact,exact,exact,386.65,463.55,0.834,,,Both candidate and baseline produced exact results
fuzz3_0290_join_topk__fz_long,parity-exact,exact,exact,241.71,191.31,1.263,,,Both candidate and baseline produced exact results
fuzz3_0291_topk__fz_part_evolved,parity-exact,exact,exact,253.62,178.25,1.423,,,Both candidate and baseline produced exact results
fuzz3_0292_semi__fz_date,parity-exact,exact,exact,329.12,241.54,1.363,,,Both candidate and baseline produced exact results
fuzz3_0293_topk__fz_nulls,parity-exact,exact,exact,438.29,287.56,1.524,,,Both candidate and baseline produced exact results
fuzz3_0294_join_topk__fz_evolved,parity-exact,exact,exact,190.8,244.24,0.781,,,Both candidate and baseline produced exact results
fuzz3_0295_semi__fz_str,parity-exact,exact,exact,371.13,231.97,1.6,,,Both candidate and baseline produced exact results
fuzz3_0296_minmax__fz_nulls,parity-exact,exact,exact,80.48,69.76,1.154,,,Both candidate and baseline produced exact results
fuzz3_0297_join_min__fz_overlap,parity-exact,exact,exact,186.57,207.01,0.901,,,Both candidate and baseline produced exact results
fuzz3_0298_filtered_topk__fz_small_rg,parity-exact,exact,exact,401.29,513.97,0.781,,,Both candidate and baseline produced exact results
fuzz3_0299_join__fz_date,parity-exact,exact,exact,243.42,277.51,0.877,,,Both candidate and baseline produced exact results
fuzz3_0300_filtered_topk__fz_sorted,parity-exact,exact,exact,71.43,76.6,0.933,,,Both candidate and baseline produced exact results
fuzz3_0301_join__fz_evolved,parity-exact,exact,exact,532.97,515.33,1.034,,,Both candidate and baseline produced exact results
fuzz3_0302_minmax__fz_evolved,parity-exact,exact,exact,76.6,80.06,0.957,,,Both candidate and baseline produced exact results
fuzz3_0303_join__fz_str,baseline-invalid-candidate-pass,exact,mismatch,,414.0,,,,Baseline hit broadcast coalescing bug (mismatch / OversizedAllocationException); candidate passed exact
fuzz3_0304_minmax__fz_overlap,parity-exact,exact,exact,85.29,84.66,1.007,,,Both candidate and baseline produced exact results
fuzz3_0305_minmax__fz_reversed_files,parity-exact,exact,exact,186.47,72.8,2.561,,,Both candidate and baseline produced exact results
fuzz3_0306_topk__fz_date,parity-exact,exact,exact,188.68,72.97,2.586,,,Both candidate and baseline produced exact results
fuzz3_0307_filtered_topk__fz_str,parity-exact,exact,exact,235.05,281.18,0.836,,,Both candidate and baseline produced exact results
fuzz3_0308_topk__fz_nan,parity-exact,exact,exact,1093.78,1094.0,1.0,,,Both candidate and baseline produced exact results
fuzz3_0309_filtered_topk__fz_nulls,parity-exact,exact,exact,81.42,112.0,0.727,,,Both candidate and baseline produced exact results
fuzz3_0310_topk__fz_snapshots,parity-exact,exact,exact,362.49,129.78,2.793,,,Both candidate and baseline produced exact results
fuzz3_0311_semi__fz_small_rg,parity-exact,exact,exact,329.71,322.82,1.021,,,Both candidate and baseline produced exact results
fuzz3_0312_join_topk__fz_nulls,parity-exact,exact,exact,168.51,308.78,0.546,,,Both candidate and baseline produced exact results
fuzz3_0313_join__fz_reversed_files,parity-exact,exact,exact,285.15,215.68,1.322,,,Both candidate and baseline produced exact results
fuzz3_0314_join_min__fz_unsorted,parity-exact,exact,exact,156.82,178.99,0.876,,,Both candidate and baseline produced exact results
fuzz3_0315_topk__fz_unsorted,parity-exact,exact,exact,178.1,137.65,1.294,,,Both candidate and baseline produced exact results
fuzz3_0316_topk__fz_evolved,parity-exact,exact,exact,173.03,89.05,1.943,,,Both candidate and baseline produced exact results
fuzz3_0317_join__fz_small_rg,parity-exact,exact,exact,299.04,340.43,0.878,,,Both candidate and baseline produced exact results
fuzz3_0318_join__fz_skewed,parity-exact,exact,exact,521.5,604.09,0.863,,,Both candidate and baseline produced exact results
fuzz3_0319_join_min__fz_part_evolved,parity-exact,exact,exact,200.63,222.49,0.902,,,Both candidate and baseline produced exact results
fuzz3_0320_join__fz_dec,parity-exact,exact,exact,214.26,223.34,0.959,,,Both candidate and baseline produced exact results
fuzz3_0321_minmax__fz_part_evolved,parity-exact,exact,exact,172.17,157.08,1.096,,,Both candidate and baseline produced exact results
fuzz3_0322_minmax__fz_part_evolved,parity-exact,exact,exact,155.65,120.09,1.296,,,Both candidate and baseline produced exact results
fuzz3_0323_join_topk__fz_str,parity-exact,exact,exact,259.41,305.16,0.85,,,Both candidate and baseline produced exact results
fuzz3_0324_join__fz_part_evolved,parity-exact,exact,exact,239.74,248.9,0.963,,,Both candidate and baseline produced exact results
fuzz3_0325_semi__fz_small_rg,parity-exact,exact,exact,276.34,284.69,0.971,,,Both candidate and baseline produced exact results
fuzz3_0326_semi__fz_str,parity-exact,exact,exact,301.34,259.39,1.162,,,Both candidate and baseline produced exact results
fuzz3_0327_topk__fz_small_rg,parity-exact,exact,exact,408.77,172.4,2.371,,,Both candidate and baseline produced exact results
fuzz3_0328_minmax__fz_nan,parity-exact,exact,exact,147.79,166.23,0.889,,,Both candidate and baseline produced exact results
fuzz3_0329_topk__fz_pos_deletes,parity-exact,exact,exact,308.55,90.59,3.406,,,Both candidate and baseline produced exact results
fuzz3_0330_filtered_topk__fz_overlap,parity-exact,exact,exact,251.91,161.48,1.56,,,Both candidate and baseline produced exact results
fuzz3_0331_topk__fz_str,parity-exact,exact,exact,205.69,218.06,0.943,,,Both candidate and baseline produced exact results
fuzz3_0332_join__fz_updated,parity-exact,exact,exact,303.81,294.47,1.032,,,Both candidate and baseline produced exact results
fuzz3_0333_join__fz_sorted,parity-exact,exact,exact,133.85,116.2,1.152,,,Both candidate and baseline produced exact results
fuzz3_0334_topk__fz_reversed_files,parity-exact,exact,exact,673.94,145.31,4.638,,,Both candidate and baseline produced exact results
fuzz3_0335_semi__fz_pos_deletes,parity-exact,exact,exact,202.27,195.75,1.033,,,Both candidate and baseline produced exact results
fuzz3_0336_topk__fz_long,parity-exact,exact,exact,337.08,259.79,1.297,,,Both candidate and baseline produced exact results
fuzz3_0337_topk__fz_pos_deletes,parity-exact,exact,exact,457.4,129.64,3.528,,,Both candidate and baseline produced exact results
fuzz3_0338_join__fz_evolved,parity-exact,exact,exact,162.5,209.29,0.776,,,Both candidate and baseline produced exact results
fuzz3_0339_topk__fz_long,parity-exact,exact,exact,115.76,93.46,1.239,,,Both candidate and baseline produced exact results
fuzz3_0340_join_topk__fz_nulls,parity-exact,exact,exact,571.38,497.88,1.148,,,Both candidate and baseline produced exact results
fuzz3_0341_join_topk__fz_snapshots,parity-exact,exact,exact,431.39,218.25,1.977,,,Both candidate and baseline produced exact results
fuzz3_0342_topk__fz_reversed_files,parity-exact,exact,exact,223.71,112.67,1.986,,,Both candidate and baseline produced exact results
fuzz3_0343_join__fz_small_rg,parity-exact,exact,exact,275.17,286.79,0.959,,,Both candidate and baseline produced exact results
fuzz3_0344_semi__fz_long,parity-exact,exact,exact,186.27,210.23,0.886,,,Both candidate and baseline produced exact results
fuzz3_0345_topk__fz_skewed,parity-exact,exact,exact,582.92,179.28,3.251,,,Both candidate and baseline produced exact results
fuzz3_0346_join_min__fz_evolved,parity-exact,exact,exact,519.89,275.92,1.884,,,Both candidate and baseline produced exact results
fuzz3_0347_join_topk__fz_long,parity-exact,exact,exact,181.43,296.32,0.612,,,Both candidate and baseline produced exact results
fuzz3_0348_topk__fz_updated,parity-exact,exact,exact,125.68,132.53,0.948,,,Both candidate and baseline produced exact results
fuzz3_0349_join_topk__fz_date,parity-exact,exact,exact,156.72,163.15,0.961,,,Both candidate and baseline produced exact results
fuzz3_0350_semi__fz_sorted,parity-exact,exact,exact,246.94,189.97,1.3,,,Both candidate and baseline produced exact results
fuzz3_0351_semi__fz_date,parity-exact,exact,exact,223.37,189.76,1.177,,,Both candidate and baseline produced exact results
fuzz3_0352_join_min__fz_skewed,parity-exact,exact,exact,138.49,165.56,0.836,,,Both candidate and baseline produced exact results
fuzz3_0353_join__fz_reversed_files,parity-exact,exact,exact,993.48,603.11,1.647,,,Both candidate and baseline produced exact results
fuzz3_0354_join__fz_dec,parity-exact,exact,exact,548.17,570.18,0.961,,,Both candidate and baseline produced exact results
fuzz3_0355_semi__fz_evolved,parity-exact,exact,exact,463.89,587.96,0.789,,,Both candidate and baseline produced exact results
fuzz3_0356_join_min__fz_reversed_files,parity-exact,exact,exact,387.08,594.1,0.652,,,Both candidate and baseline produced exact results
fuzz3_0357_join_topk__fz_sorted,parity-exact,exact,exact,230.17,247.5,0.93,,,Both candidate and baseline produced exact results
fuzz3_0358_topk__fz_small_rg,parity-exact,exact,exact,424.74,475.55,0.893,,,Both candidate and baseline produced exact results
fuzz3_0359_semi__fz_snapshots,parity-exact,exact,exact,602.36,435.59,1.383,,,Both candidate and baseline produced exact results
fuzz3_0360_topk__fz_skewed,parity-exact,exact,exact,75.46,72.74,1.037,,,Both candidate and baseline produced exact results
fuzz3_0361_topk__fz_str,parity-exact,exact,exact,218.13,217.62,1.002,,,Both candidate and baseline produced exact results
fuzz3_0362_semi__fz_part_evolved,parity-exact,exact,exact,87.2,99.63,0.875,,,Both candidate and baseline produced exact results
fuzz3_0363_minmax__fz_str,parity-exact,exact,exact,411.25,324.91,1.266,,,Both candidate and baseline produced exact results
fuzz3_0364_join_min__fz_snapshots,parity-exact,exact,exact,278.47,254.8,1.093,,,Both candidate and baseline produced exact results
fuzz3_0365_join_topk__fz_reversed_files,parity-exact,exact,exact,505.69,289.47,1.747,,,Both candidate and baseline produced exact results
fuzz3_0366_join__fz_skewed,parity-exact,exact,exact,913.49,891.04,1.025,,,Both candidate and baseline produced exact results
fuzz3_0367_topk__fz_sorted,parity-exact,exact,exact,765.87,180.62,4.24,,,Both candidate and baseline produced exact results
fuzz3_0368_join_min__fz_part_evolved,parity-exact,exact,exact,74.13,86.43,0.858,,,Both candidate and baseline produced exact results
fuzz3_0369_semi__fz_unsorted,parity-exact,exact,exact,214.62,366.37,0.586,,,Both candidate and baseline produced exact results
fuzz3_0370_topk__fz_unsorted,parity-exact,exact,exact,644.38,379.12,1.7,,,Both candidate and baseline produced exact results
fuzz3_0371_topk__fz_reversed_files,parity-exact,exact,exact,226.72,66.29,3.42,,,Both candidate and baseline produced exact results
fuzz3_0372_join__fz_dec,parity-exact,exact,exact,589.85,554.66,1.063,,,Both candidate and baseline produced exact results
fuzz3_0373_minmax__fz_small_rg,parity-exact,exact,exact,291.18,196.98,1.478,,,Both candidate and baseline produced exact results
fuzz3_0374_topk__fz_dec,parity-exact,exact,exact,439.59,455.88,0.964,,,Both candidate and baseline produced exact results
fuzz3_0375_join__fz_snapshots,parity-exact,exact,exact,2572.7,1736.8,1.481,,,Both candidate and baseline produced exact results
fuzz3_0376_minmax__fz_part_evolved,parity-exact,exact,exact,129.15,128.38,1.006,,,Both candidate and baseline produced exact results
fuzz3_0377_join__fz_snapshots,parity-exact,exact,exact,408.73,300.98,1.358,,,Both candidate and baseline produced exact results
fuzz3_0378_join_topk__fz_nan,parity-exact,exact,exact,614.82,875.31,0.702,,,Both candidate and baseline produced exact results
fuzz3_0379_semi__fz_skewed,parity-exact,exact,exact,342.25,360.99,0.948,,,Both candidate and baseline produced exact results
fuzz3_0380_join_min__fz_nan,parity-exact,exact,exact,287.61,325.97,0.882,,,Both candidate and baseline produced exact results
fuzz3_0381_join_min__fz_reversed_files,parity-exact,exact,exact,152.83,132.06,1.157,,,Both candidate and baseline produced exact results
fuzz3_0382_filtered_topk__fz_reversed_files,parity-exact,exact,exact,369.8,189.81,1.948,,,Both candidate and baseline produced exact results
fuzz3_0383_join__fz_overlap,parity-exact,exact,exact,860.52,793.2,1.085,,,Both candidate and baseline produced exact results
fuzz3_0384_topk__fz_part_evolved,parity-exact,exact,exact,160.75,104.16,1.543,,,Both candidate and baseline produced exact results
fuzz3_0385_join__fz_updated,parity-exact,exact,exact,203.77,223.62,0.911,,,Both candidate and baseline produced exact results
fuzz3_0386_topk__fz_nan,parity-exact,exact,exact,129.12,143.03,0.903,,,Both candidate and baseline produced exact results
fuzz3_0387_join_topk__fz_nulls,parity-exact,exact,exact,313.75,279.55,1.122,,,Both candidate and baseline produced exact results
fuzz3_0388_join_min__fz_small_rg,parity-exact,exact,exact,325.39,299.95,1.085,,,Both candidate and baseline produced exact results
fuzz3_0389_minmax__fz_reversed_files,parity-exact,exact,exact,203.37,91.33,2.227,,,Both candidate and baseline produced exact results
fuzz3_0390_topk__fz_skewed,parity-exact,exact,exact,832.89,205.44,4.054,,,Both candidate and baseline produced exact results
fuzz3_0391_join_min__fz_part_evolved,parity-exact,exact,exact,261.8,251.28,1.042,,,Both candidate and baseline produced exact results
fuzz3_0392_join__fz_small_rg,parity-exact,exact,exact,392.41,393.87,0.996,,,Both candidate and baseline produced exact results
fuzz3_0393_join__fz_skewed,parity-exact,exact,exact,128.1,185.09,0.692,,,Both candidate and baseline produced exact results
fuzz3_0394_join__fz_pos_deletes,parity-exact,exact,exact,407.43,280.58,1.452,,,Both candidate and baseline produced exact results
fuzz3_0395_semi__fz_pos_deletes,parity-exact,exact,exact,170.65,164.94,1.035,,,Both candidate and baseline produced exact results
fuzz3_0396_semi__fz_str,parity-exact,exact,exact,377.29,490.71,0.769,,,Both candidate and baseline produced exact results
fuzz3_0397_topk__fz_updated,parity-exact,exact,exact,614.03,328.83,1.867,,,Both candidate and baseline produced exact results
fuzz3_0398_join_topk__fz_evolved,parity-exact,exact,exact,481.03,426.88,1.127,,,Both candidate and baseline produced exact results
fuzz3_0399_filtered_topk__fz_nan,parity-exact,exact,exact,223.1,168.01,1.328,,,Both candidate and baseline produced exact results
fuzz3_0400_minmax__fz_pos_deletes,parity-exact,exact,exact,186.99,123.76,1.511,,,Both candidate and baseline produced exact results
fuzz3_0401_join__fz_evolved,parity-exact,exact,exact,238.75,262.31,0.91,,,Both candidate and baseline produced exact results
fuzz3_0402_semi__fz_updated,parity-exact,exact,exact,438.74,350.32,1.252,,,Both candidate and baseline produced exact results
fuzz3_0403_filtered_topk__fz_nulls,parity-exact,exact,exact,183.36,183.9,0.997,,,Both candidate and baseline produced exact results
fuzz3_0404_join_topk__fz_skewed,parity-exact,exact,exact,242.87,304.46,0.798,,,Both candidate and baseline produced exact results
fuzz3_0405_filtered_topk__fz_updated,parity-exact,exact,exact,312.8,326.58,0.958,,,Both candidate and baseline produced exact results
fuzz3_0406_minmax__fz_nulls,parity-exact,exact,exact,126.18,90.55,1.393,,,Both candidate and baseline produced exact results
fuzz3_0407_semi__fz_nulls,parity-exact,exact,exact,256.68,306.05,0.839,,,Both candidate and baseline produced exact results
fuzz3_0408_join__fz_sorted,parity-exact,exact,exact,178.21,193.04,0.923,,,Both candidate and baseline produced exact results
fuzz3_0409_join_min__fz_date,parity-exact,exact,exact,355.01,313.38,1.133,,,Both candidate and baseline produced exact results
fuzz3_0410_topk__fz_nan,parity-exact,exact,exact,115.51,106.96,1.08,,,Both candidate and baseline produced exact results
fuzz3_0411_join__fz_evolved,parity-exact,exact,exact,178.88,206.47,0.866,,,Both candidate and baseline produced exact results
fuzz3_0412_topk__fz_sorted,parity-exact,exact,exact,680.55,188.21,3.616,,,Both candidate and baseline produced exact results
fuzz3_0413_minmax__fz_pos_deletes,parity-exact,exact,exact,86.35,74.64,1.157,,,Both candidate and baseline produced exact results
fuzz3_0414_filtered_topk__fz_dec,parity-exact,exact,exact,107.17,122.73,0.873,,,Both candidate and baseline produced exact results
fuzz3_0415_topk__fz_nulls,parity-exact,exact,exact,222.83,171.71,1.298,,,Both candidate and baseline produced exact results
fuzz3_0416_topk__fz_overlap,parity-exact,exact,exact,224.3,98.2,2.284,,,Both candidate and baseline produced exact results
fuzz3_0417_topk__fz_skewed,parity-exact,exact,exact,71.55,64.11,1.116,,,Both candidate and baseline produced exact results
fuzz3_0418_minmax__fz_evolved,parity-exact,exact,exact,164.74,114.51,1.439,,,Both candidate and baseline produced exact results
fuzz3_0419_semi__fz_long,parity-exact,exact,exact,166.44,250.91,0.663,,,Both candidate and baseline produced exact results
fuzz3_0420_minmax__fz_long,parity-exact,exact,exact,80.14,64.97,1.233,,,Both candidate and baseline produced exact results
fuzz3_0421_filtered_topk__fz_overlap,parity-exact,exact,exact,205.44,227.06,0.905,,,Both candidate and baseline produced exact results
fuzz3_0422_topk__fz_unsorted,parity-exact,exact,exact,101.16,73.22,1.382,,,Both candidate and baseline produced exact results
fuzz3_0423_minmax__fz_small_rg,parity-exact,exact,exact,144.28,148.18,0.974,,,Both candidate and baseline produced exact results
fuzz3_0424_minmax__fz_overlap,parity-exact,exact,exact,168.82,132.83,1.271,,,Both candidate and baseline produced exact results
fuzz3_0425_topk__fz_pos_deletes,parity-exact,exact,exact,318.55,98.23,3.243,,,Both candidate and baseline produced exact results
fuzz3_0426_join__fz_long,parity-exact,exact,exact,135.91,138.02,0.985,,,Both candidate and baseline produced exact results
fuzz3_0427_filtered_topk__fz_str,parity-exact,exact,exact,261.3,265.2,0.985,,,Both candidate and baseline produced exact results
fuzz3_0428_minmax__fz_str,parity-exact,exact,exact,621.35,386.93,1.606,,,Both candidate and baseline produced exact results
fuzz3_0429_join__fz_long,parity-exact,exact,exact,120.9,143.63,0.842,,,Both candidate and baseline produced exact results
fuzz3_0430_join_min__fz_small_rg,parity-exact,exact,exact,282.27,227.46,1.241,,,Both candidate and baseline produced exact results
fuzz3_0431_minmax__fz_str,parity-exact,exact,exact,559.83,423.81,1.321,,,Both candidate and baseline produced exact results
fuzz3_0432_join_min__fz_reversed_files,parity-exact,exact,exact,328.5,219.2,1.499,,,Both candidate and baseline produced exact results
fuzz3_0433_join_topk__fz_skewed,parity-exact,exact,exact,206.13,240.3,0.858,,,Both candidate and baseline produced exact results
fuzz3_0434_topk__fz_unsorted,parity-exact,exact,exact,97.38,121.81,0.799,,,Both candidate and baseline produced exact results
fuzz3_0435_join_min__fz_pos_deletes,parity-exact,exact,exact,261.7,249.65,1.048,,,Both candidate and baseline produced exact results
fuzz3_0436_join__fz_unsorted,parity-exact,exact,exact,257.32,345.36,0.745,,,Both candidate and baseline produced exact results
fuzz3_0437_minmax__fz_pos_deletes,parity-exact,exact,exact,69.45,62.76,1.107,,,Both candidate and baseline produced exact results
fuzz3_0438_filtered_topk__fz_small_rg,parity-exact,exact,exact,137.14,140.42,0.977,,,Both candidate and baseline produced exact results
fuzz3_0439_topk__fz_unsorted,parity-exact,exact,exact,129.41,93.77,1.38,,,Both candidate and baseline produced exact results
fuzz3_0440_join__fz_evolved,parity-exact,exact,exact,202.92,240.56,0.844,,,Both candidate and baseline produced exact results
fuzz3_0441_join_topk__fz_skewed,parity-exact,exact,exact,429.98,277.47,1.55,,,Both candidate and baseline produced exact results
fuzz3_0442_filtered_topk__fz_part_evolved,parity-exact,exact,exact,141.05,158.4,0.89,,,Both candidate and baseline produced exact results
fuzz3_0443_minmax__fz_updated,parity-exact,exact,exact,5109.64,5185.29,0.985,,,Both candidate and baseline produced exact results
fuzz3_0444_minmax__fz_evolved,parity-exact,exact,exact,65.71,72.67,0.904,,,Both candidate and baseline produced exact results
fuzz3_0445_semi__fz_updated,parity-exact,exact,exact,1092.76,1122.65,0.973,,,Both candidate and baseline produced exact results
fuzz3_0446_join_topk__fz_updated,parity-exact,exact,exact,221.2,216.96,1.02,,,Both candidate and baseline produced exact results
fuzz3_0447_join_topk__fz_unsorted,parity-exact,exact,exact,344.48,316.08,1.09,,,Both candidate and baseline produced exact results
fuzz3_0448_join__fz_snapshots,parity-exact,exact,exact,668.94,481.49,1.389,,,Both candidate and baseline produced exact results
fuzz3_0449_join_topk__fz_sorted,parity-exact,exact,exact,202.55,180.14,1.124,,,Both candidate and baseline produced exact results
fuzz3_0450_semi__fz_snapshots,parity-exact,exact,exact,453.48,309.83,1.464,,,Both candidate and baseline produced exact results
fuzz3_0451_minmax__fz_long,parity-exact,exact,exact,68.65,61.41,1.118,,,Both candidate and baseline produced exact results
fuzz3_0452_topk__fz_pos_deletes,parity-exact,exact,exact,188.7,181.11,1.042,,,Both candidate and baseline produced exact results
fuzz3_0453_topk__fz_updated,parity-exact,exact,exact,663.92,375.75,1.767,,,Both candidate and baseline produced exact results
fuzz3_0454_topk__fz_date,parity-exact,exact,exact,122.45,70.23,1.744,,,Both candidate and baseline produced exact results
fuzz3_0455_minmax__fz_nan,parity-exact,exact,exact,194.03,159.52,1.216,,,Both candidate and baseline produced exact results
fuzz3_0456_semi__fz_overlap,parity-exact,exact,exact,397.2,613.36,0.648,,,Both candidate and baseline produced exact results
fuzz3_0457_join__fz_sorted,parity-exact,exact,exact,242.19,265.17,0.913,,,Both candidate and baseline produced exact results
fuzz3_0458_topk__fz_skewed,parity-exact,exact,exact,948.03,302.39,3.135,,,Both candidate and baseline produced exact results
fuzz3_0459_topk__fz_pos_deletes,parity-exact,exact,exact,132.68,137.4,0.966,,,Both candidate and baseline produced exact results
fuzz3_0460_join__fz_long,parity-exact,exact,exact,201.93,253.07,0.798,,,Both candidate and baseline produced exact results
fuzz3_0461_join__fz_unsorted,parity-exact,exact,exact,285.28,157.97,1.806,,,Both candidate and baseline produced exact results
fuzz3_0462_join__fz_str,parity-exact,exact,exact,342.39,306.84,1.116,,,Both candidate and baseline produced exact results
fuzz3_0463_minmax__fz_nan,parity-exact,exact,exact,211.1,232.94,0.906,,,Both candidate and baseline produced exact results
fuzz3_0464_topk__fz_str,parity-exact,exact,exact,583.53,558.11,1.046,,,Both candidate and baseline produced exact results
fuzz3_0465_join_topk__fz_dec,parity-exact,exact,exact,339.71,358.04,0.949,,,Both candidate and baseline produced exact results
fuzz3_0466_semi__fz_small_rg,parity-exact,exact,exact,278.68,335.31,0.831,,,Both candidate and baseline produced exact results
fuzz3_0467_semi__fz_overlap,parity-exact,exact,exact,780.24,718.46,1.086,,,Both candidate and baseline produced exact results
fuzz3_0468_join_min__fz_nan,parity-exact,exact,exact,1928.87,2014.38,0.958,,,Both candidate and baseline produced exact results
fuzz3_0469_filtered_topk__fz_long,parity-exact,exact,exact,172.95,140.1,1.234,,,Both candidate and baseline produced exact results
fuzz3_0470_semi__fz_reversed_files,parity-exact,exact,exact,381.82,176.19,2.167,,,Both candidate and baseline produced exact results
fuzz3_0471_topk__fz_date,parity-exact,exact,exact,113.92,70.97,1.605,,,Both candidate and baseline produced exact results
fuzz3_0472_topk__fz_unsorted,parity-exact,exact,exact,88.81,87.79,1.012,,,Both candidate and baseline produced exact results
fuzz3_0473_topk__fz_snapshots,parity-exact,exact,exact,816.38,145.1,5.626,,,Both candidate and baseline produced exact results
fuzz3_0474_join__fz_small_rg,parity-exact,exact,exact,376.08,307.81,1.222,,,Both candidate and baseline produced exact results
fuzz3_0475_join__fz_updated,parity-exact,exact,exact,1145.07,1257.3,0.911,,,Both candidate and baseline produced exact results
fuzz3_0476_join__fz_sorted,parity-exact,exact,exact,704.19,657.86,1.07,,,Both candidate and baseline produced exact results
fuzz3_0477_semi__fz_nulls,parity-exact,exact,exact,411.98,396.56,1.039,,,Both candidate and baseline produced exact results
fuzz3_0478_topk__fz_reversed_files,parity-exact,exact,exact,242.27,112.77,2.148,,,Both candidate and baseline produced exact results
fuzz3_0479_topk__fz_dec,parity-exact,exact,exact,865.4,792.94,1.091,,,Both candidate and baseline produced exact results
fuzz3_0480_filtered_topk__fz_skewed,parity-exact,exact,exact,50.49,66.06,0.764,,,Both candidate and baseline produced exact results
fuzz3_0481_filtered_topk__fz_snapshots,parity-exact,exact,exact,410.06,186.62,2.197,,,Both candidate and baseline produced exact results
fuzz3_0482_join__fz_small_rg,parity-exact,exact,exact,258.39,263.91,0.979,,,Both candidate and baseline produced exact results
fuzz3_0483_topk__fz_str,parity-exact,exact,exact,144.79,142.5,1.016,,,Both candidate and baseline produced exact results
fuzz3_0484_join_min__fz_pos_deletes,parity-exact,exact,exact,310.04,229.39,1.352,,,Both candidate and baseline produced exact results
fuzz3_0485_filtered_topk__fz_small_rg,parity-exact,exact,exact,280.96,205.19,1.369,,,Both candidate and baseline produced exact results
fuzz3_0486_filtered_topk__fz_snapshots,parity-exact,exact,exact,233.43,110.38,2.115,,,Both candidate and baseline produced exact results
fuzz3_0487_join_topk__fz_str,parity-exact,exact,exact,233.38,296.48,0.787,,,Both candidate and baseline produced exact results
fuzz3_0488_minmax__fz_nan,parity-exact,exact,exact,89.46,97.11,0.921,,,Both candidate and baseline produced exact results
fuzz3_0489_join_min__fz_pos_deletes,parity-exact,exact,exact,246.74,220.86,1.117,,,Both candidate and baseline produced exact results
fuzz3_0490_semi__fz_overlap,parity-exact,exact,exact,316.27,246.87,1.281,,,Both candidate and baseline produced exact results
fuzz3_0491_topk__fz_skewed,parity-exact,exact,exact,134.93,125.31,1.077,,,Both candidate and baseline produced exact results
fuzz3_0492_topk__fz_reversed_files,parity-exact,exact,exact,364.46,159.76,2.281,,,Both candidate and baseline produced exact results
fuzz3_0493_minmax__fz_reversed_files,parity-exact,exact,exact,266.52,128.13,2.08,,,Both candidate and baseline produced exact results
fuzz3_0494_filtered_topk__fz_small_rg,parity-exact,exact,exact,248.42,235.01,1.057,,,Both candidate and baseline produced exact results
fuzz3_0495_topk__fz_nulls,parity-exact,exact,exact,100.99,65.33,1.546,,,Both candidate and baseline produced exact results
fuzz3_0496_join_topk__fz_small_rg,parity-exact,exact,exact,274.03,365.32,0.75,,,Both candidate and baseline produced exact results
fuzz3_0497_semi__fz_skewed,parity-exact,exact,exact,293.47,238.27,1.232,,,Both candidate and baseline produced exact results
fuzz3_0498_join_topk__fz_reversed_files,parity-exact,exact,exact,212.06,177.78,1.193,,,Both candidate and baseline produced exact results
fuzz3_0499_filtered_topk__fz_str,parity-exact,exact,exact,171.14,173.93,0.984,,,Both candidate and baseline produced exact results
fuzz4_0000_topk__fz_part_evolved,parity-exact,exact,exact,199.04,116.12,1.714,,,Both candidate and baseline produced exact results
fuzz4_0001_join__fz_evolved,parity-exact,exact,exact,175.23,300.66,0.583,,,Both candidate and baseline produced exact results
fuzz4_0002_join__fz_reversed_files,parity-exact,exact,exact,300.02,251.07,1.195,,,Both candidate and baseline produced exact results
fuzz4_0003_semi__fz_pos_deletes,parity-exact,exact,exact,232.36,206.15,1.127,,,Both candidate and baseline produced exact results
fuzz4_0004_topk__fz_date,parity-exact,exact,exact,68.55,64.17,1.068,,,Both candidate and baseline produced exact results
fuzz4_0005_minmax__fz_reversed_files,parity-exact,exact,exact,251.12,84.71,2.965,,,Both candidate and baseline produced exact results
fuzz4_0006_filtered_topk__fz_snapshots,parity-exact,exact,exact,363.98,162.91,2.234,,,Both candidate and baseline produced exact results
fuzz4_0007_topk__fz_unsorted,parity-exact,exact,exact,142.08,85.81,1.656,,,Both candidate and baseline produced exact results
fuzz4_0008_filtered_topk__fz_reversed_files,parity-exact,exact,exact,319.25,208.39,1.532,,,Both candidate and baseline produced exact results
fuzz4_0009_join_topk__fz_reversed_files,parity-exact,exact,exact,568.21,197.29,2.88,,,Both candidate and baseline produced exact results
fuzz4_0010_join__fz_dec,parity-exact,exact,exact,661.28,405.2,1.632,,,Both candidate and baseline produced exact results
fuzz4_0011_filtered_topk__fz_updated,parity-exact,exact,exact,185.4,188.2,0.985,,,Both candidate and baseline produced exact results
fuzz4_0012_topk__fz_nan,parity-exact,exact,exact,95.57,92.31,1.035,,,Both candidate and baseline produced exact results
fuzz4_0013_semi__fz_pos_deletes,parity-exact,exact,exact,238.41,268.79,0.887,,,Both candidate and baseline produced exact results
fuzz4_0014_filtered_topk__fz_skewed,parity-exact,exact,exact,70.1,74.35,0.943,,,Both candidate and baseline produced exact results
fuzz4_0015_topk__fz_dec,parity-exact,exact,exact,104.58,104.24,1.003,,,Both candidate and baseline produced exact results
fuzz4_0016_topk__fz_nulls,parity-exact,exact,exact,85.54,66.03,1.296,,,Both candidate and baseline produced exact results
fuzz4_0017_topk__fz_evolved,parity-exact,exact,exact,534.14,281.96,1.894,,,Both candidate and baseline produced exact results
fuzz4_0018_minmax__fz_reversed_files,parity-exact,exact,exact,143.74,78.5,1.831,,,Both candidate and baseline produced exact results
fuzz4_0019_topk__fz_evolved,parity-exact,exact,exact,81.15,83.31,0.974,,,Both candidate and baseline produced exact results
fuzz4_0020_topk__fz_nan,parity-exact,exact,exact,140.93,152.6,0.924,,,Both candidate and baseline produced exact results
fuzz4_0021_join__fz_small_rg,parity-exact,exact,exact,218.6,213.94,1.022,,,Both candidate and baseline produced exact results
fuzz4_0022_join__fz_overlap,parity-exact,exact,exact,217.17,285.42,0.761,,,Both candidate and baseline produced exact results
fuzz4_0023_semi__fz_nulls,parity-exact,exact,exact,155.21,141.68,1.096,,,Both candidate and baseline produced exact results
fuzz4_0024_filtered_topk__fz_dec,parity-exact,exact,exact,187.66,192.4,0.975,,,Both candidate and baseline produced exact results
fuzz4_0025_join__fz_skewed,parity-exact,exact,exact,592.04,587.44,1.008,,,Both candidate and baseline produced exact results
fuzz4_0026_topk__fz_sorted,parity-exact,exact,exact,75.76,59.61,1.271,,,Both candidate and baseline produced exact results
fuzz4_0027_join_min__fz_sorted,parity-exact,exact,exact,146.58,139.05,1.054,,,Both candidate and baseline produced exact results
fuzz4_0028_join_topk__fz_part_evolved,parity-exact,exact,exact,193.78,257.03,0.754,,,Both candidate and baseline produced exact results
fuzz4_0029_topk__fz_pos_deletes,parity-exact,exact,exact,84.48,87.64,0.964,,,Both candidate and baseline produced exact results
fuzz4_0030_semi__fz_pos_deletes,parity-exact,exact,exact,386.61,444.9,0.869,,,Both candidate and baseline produced exact results
fuzz4_0031_join_topk__fz_long,parity-exact,exact,exact,219.56,240.17,0.914,,,Both candidate and baseline produced exact results
fuzz4_0032_minmax__fz_nulls,parity-exact,exact,exact,112.53,79.09,1.423,,,Both candidate and baseline produced exact results
fuzz4_0033_join_topk__fz_skewed,parity-exact,exact,exact,237.04,247.66,0.957,,,Both candidate and baseline produced exact results
fuzz4_0034_topk__fz_evolved,parity-exact,exact,exact,146.35,135.55,1.08,,,Both candidate and baseline produced exact results
fuzz4_0035_topk__fz_nan,parity-exact,exact,exact,475.25,433.76,1.096,,,Both candidate and baseline produced exact results
fuzz4_0036_join_topk__fz_unsorted,parity-exact,exact,exact,218.27,404.79,0.539,,,Both candidate and baseline produced exact results
fuzz4_0037_topk__fz_date,parity-exact,exact,exact,117.26,60.26,1.946,,,Both candidate and baseline produced exact results
fuzz4_0038_topk__fz_dec,parity-exact,exact,exact,305.5,311.73,0.98,,,Both candidate and baseline produced exact results
fuzz4_0039_join_min__fz_updated,parity-exact,exact,exact,409.07,249.91,1.637,,,Both candidate and baseline produced exact results
fuzz4_0040_join_min__fz_long,parity-exact,exact,exact,124.34,120.94,1.028,,,Both candidate and baseline produced exact results
fuzz4_0041_semi__fz_pos_deletes,parity-exact,exact,exact,250.73,287.24,0.873,,,Both candidate and baseline produced exact results
fuzz4_0042_join__fz_updated,parity-exact,exact,exact,480.05,357.73,1.342,,,Both candidate and baseline produced exact results
fuzz4_0043_filtered_topk__fz_evolved,parity-exact,exact,exact,92.91,87.53,1.061,,,Both candidate and baseline produced exact results
fuzz4_0044_join_topk__fz_reversed_files,parity-exact,exact,exact,434.25,251.35,1.728,,,Both candidate and baseline produced exact results
fuzz4_0045_join_topk__fz_updated,parity-exact,exact,exact,355.3,322.81,1.101,,,Both candidate and baseline produced exact results
fuzz4_0046_join_min__fz_reversed_files,parity-exact,exact,exact,447.43,290.03,1.543,,,Both candidate and baseline produced exact results
fuzz4_0047_minmax__fz_nan,parity-exact,exact,exact,119.75,97.9,1.223,,,Both candidate and baseline produced exact results
fuzz4_0048_semi__fz_date,parity-exact,exact,exact,210.51,219.53,0.959,,,Both candidate and baseline produced exact results
fuzz4_0049_join_min__fz_long,parity-exact,exact,exact,168.21,125.62,1.339,,,Both candidate and baseline produced exact results
fuzz4_0050_filtered_topk__fz_unsorted,parity-exact,exact,exact,156.64,158.92,0.986,,,Both candidate and baseline produced exact results
fuzz4_0051_topk__fz_sorted,parity-exact,exact,exact,102.96,70.27,1.465,,,Both candidate and baseline produced exact results
fuzz4_0052_minmax__fz_dec,parity-exact,exact,exact,77.38,78.86,0.981,,,Both candidate and baseline produced exact results
fuzz4_0053_filtered_topk__fz_reversed_files,parity-exact,exact,exact,162.19,111.74,1.451,,,Both candidate and baseline produced exact results
fuzz4_0054_semi__fz_snapshots,parity-exact,exact,exact,438.58,296.89,1.477,,,Both candidate and baseline produced exact results
fuzz4_0055_semi__fz_skewed,parity-exact,exact,exact,212.45,200.27,1.061,,,Both candidate and baseline produced exact results
fuzz4_0056_minmax__fz_reversed_files,parity-exact,exact,exact,442.75,143.54,3.084,,,Both candidate and baseline produced exact results
fuzz4_0057_join__fz_evolved,parity-exact,exact,exact,269.84,336.78,0.801,,,Both candidate and baseline produced exact results
fuzz4_0058_join_topk__fz_reversed_files,parity-exact,exact,exact,175.54,174.66,1.005,,,Both candidate and baseline produced exact results
fuzz4_0059_minmax__fz_reversed_files,parity-exact,exact,exact,213.3,61.27,3.481,,,Both candidate and baseline produced exact results
fuzz4_0060_join_min__fz_updated,parity-exact,exact,exact,210.66,204.8,1.029,,,Both candidate and baseline produced exact results
fuzz4_0061_topk__fz_evolved,parity-exact,exact,exact,82.76,87.9,0.941,,,Both candidate and baseline produced exact results
fuzz4_0062_semi__fz_evolved,parity-exact,exact,exact,240.31,337.89,0.711,,,Both candidate and baseline produced exact results
fuzz4_0063_semi__fz_dec,parity-exact,exact,exact,529.11,629.09,0.841,,,Both candidate and baseline produced exact results
fuzz4_0064_join__fz_small_rg,parity-exact,exact,exact,262.7,262.25,1.002,,,Both candidate and baseline produced exact results
fuzz4_0065_filtered_topk__fz_nan,parity-exact,exact,exact,135.64,118.18,1.148,,,Both candidate and baseline produced exact results
fuzz4_0066_join_min__fz_reversed_files,parity-exact,exact,exact,185.67,132.85,1.398,,,Both candidate and baseline produced exact results
fuzz4_0067_join_topk__fz_evolved,parity-exact,exact,exact,298.73,240.38,1.243,,,Both candidate and baseline produced exact results
fuzz4_0068_join_topk__fz_reversed_files,parity-exact,exact,exact,216.7,243.28,0.891,,,Both candidate and baseline produced exact results
fuzz4_0069_topk__fz_date,parity-exact,exact,exact,97.39,69.79,1.395,,,Both candidate and baseline produced exact results
fuzz4_0070_topk__fz_date,parity-exact,exact,exact,309.63,166.09,1.864,,,Both candidate and baseline produced exact results
fuzz4_0071_join_topk__fz_str,parity-exact,exact,exact,217.19,192.12,1.13,,,Both candidate and baseline produced exact results
fuzz4_0072_join__fz_overlap,parity-exact,exact,exact,950.73,542.21,1.753,,,Both candidate and baseline produced exact results
fuzz4_0073_filtered_topk__fz_skewed,parity-exact,exact,exact,67.6,48.16,1.404,,,Both candidate and baseline produced exact results
fuzz4_0074_join__fz_nulls,parity-exact,exact,exact,313.07,229.07,1.367,,,Both candidate and baseline produced exact results
fuzz4_0075_join_min__fz_date,parity-exact,exact,exact,278.79,414.13,0.673,,,Both candidate and baseline produced exact results
fuzz4_0076_minmax__fz_overlap,parity-exact,exact,exact,5092.47,4935.97,1.032,,,Both candidate and baseline produced exact results
fuzz4_0077_join_topk__fz_reversed_files,parity-exact,exact,exact,467.64,209.23,2.235,,,Both candidate and baseline produced exact results
fuzz4_0078_filtered_topk__fz_updated,parity-exact,exact,exact,380.15,499.03,0.762,,,Both candidate and baseline produced exact results
fuzz4_0079_join_topk__fz_overlap,parity-exact,exact,exact,237.82,184.1,1.292,,,Both candidate and baseline produced exact results
fuzz4_0080_topk__fz_sorted,parity-exact,exact,exact,320.77,94.5,3.394,,,Both candidate and baseline produced exact results
fuzz4_0081_topk__fz_skewed,parity-exact,exact,exact,164.85,68.43,2.409,,,Both candidate and baseline produced exact results
fuzz4_0082_join_topk__fz_date,parity-exact,exact,exact,268.47,269.06,0.998,,,Both candidate and baseline produced exact results
fuzz4_0083_minmax__fz_nan,parity-exact,exact,exact,133.61,215.54,0.62,,,Both candidate and baseline produced exact results
fuzz4_0084_topk__fz_overlap,parity-exact,exact,exact,175.89,156.54,1.124,,,Both candidate and baseline produced exact results
fuzz4_0085_minmax__fz_long,parity-exact,exact,exact,85.24,67.87,1.256,,,Both candidate and baseline produced exact results
fuzz4_0086_join__fz_nulls,parity-exact,exact,exact,209.46,224.66,0.932,,,Both candidate and baseline produced exact results
fuzz4_0087_minmax__fz_long,parity-exact,exact,exact,268.1,170.01,1.577,,,Both candidate and baseline produced exact results
fuzz4_0088_join__fz_nan,parity-exact,exact,exact,447.08,455.52,0.981,,,Both candidate and baseline produced exact results
fuzz4_0089_join__fz_nulls,parity-exact,exact,exact,271.41,273.24,0.993,,,Both candidate and baseline produced exact results
fuzz4_0090_minmax__fz_dec,parity-exact,exact,exact,85.86,74.0,1.16,,,Both candidate and baseline produced exact results
fuzz4_0091_semi__fz_small_rg,parity-exact,exact,exact,390.65,432.34,0.904,,,Both candidate and baseline produced exact results
fuzz4_0092_semi__fz_dec,parity-exact,exact,exact,438.14,506.03,0.866,,,Both candidate and baseline produced exact results
fuzz4_0093_topk__fz_dec,parity-exact,exact,exact,899.57,856.82,1.05,,,Both candidate and baseline produced exact results
fuzz4_0094_join_topk__fz_nan,parity-exact,exact,exact,617.95,719.7,0.859,,,Both candidate and baseline produced exact results
fuzz4_0095_minmax__fz_skewed,parity-exact,exact,exact,77.83,93.71,0.831,,,Both candidate and baseline produced exact results
fuzz4_0096_semi__fz_dec,parity-exact,exact,exact,539.41,509.34,1.059,,,Both candidate and baseline produced exact results
fuzz4_0097_minmax__fz_part_evolved,parity-exact,exact,exact,167.77,126.84,1.323,,,Both candidate and baseline produced exact results
fuzz4_0098_join_topk__fz_small_rg,parity-exact,exact,exact,296.01,354.34,0.835,,,Both candidate and baseline produced exact results
fuzz4_0099_filtered_topk__fz_nulls,parity-exact,exact,exact,176.55,179.51,0.984,,,Both candidate and baseline produced exact results
fuzz4_0100_topk__fz_long,parity-exact,exact,exact,307.8,73.93,4.163,,,Both candidate and baseline produced exact results
fuzz4_0101_topk__fz_dec,parity-exact,exact,exact,853.33,889.25,0.96,,,Both candidate and baseline produced exact results
fuzz4_0102_join_min__fz_snapshots,parity-exact,exact,exact,516.55,242.67,2.129,,,Both candidate and baseline produced exact results
fuzz4_0103_semi__fz_str,parity-exact,exact,exact,479.98,456.44,1.052,,,Both candidate and baseline produced exact results
fuzz4_0104_topk__fz_sorted,parity-exact,exact,exact,275.53,75.23,3.662,,,Both candidate and baseline produced exact results
fuzz4_0105_join_min__fz_evolved,parity-exact,exact,exact,1260.42,1345.79,0.937,,,Both candidate and baseline produced exact results
fuzz4_0106_semi__fz_dec,parity-exact,exact,exact,302.4,318.39,0.95,,,Both candidate and baseline produced exact results
fuzz4_0107_minmax__fz_part_evolved,parity-exact,exact,exact,99.61,80.1,1.243,,,Both candidate and baseline produced exact results
fuzz4_0108_join_topk__fz_date,parity-exact,exact,exact,148.18,201.16,0.737,,,Both candidate and baseline produced exact results
fuzz4_0109_join__fz_nan,parity-exact,exact,exact,451.1,373.24,1.209,,,Both candidate and baseline produced exact results
fuzz4_0110_join_topk__fz_part_evolved,parity-exact,exact,exact,871.81,806.81,1.081,,,Both candidate and baseline produced exact results
fuzz4_0111_topk__fz_small_rg,parity-exact,exact,exact,675.4,234.6,2.879,,,Both candidate and baseline produced exact results
fuzz4_0112_minmax__fz_nan,parity-exact,exact,exact,147.63,147.6,1.0,,,Both candidate and baseline produced exact results
fuzz4_0113_join__fz_long,parity-exact,exact,exact,163.2,184.06,0.887,,,Both candidate and baseline produced exact results
fuzz4_0114_semi__fz_overlap,parity-exact,exact,exact,275.13,217.15,1.267,,,Both candidate and baseline produced exact results
fuzz4_0115_filtered_topk__fz_dec,parity-exact,exact,exact,92.94,106.65,0.871,,,Both candidate and baseline produced exact results
fuzz4_0116_semi__fz_dec,parity-exact,exact,exact,273.35,235.12,1.163,,,Both candidate and baseline produced exact results
fuzz4_0117_topk__fz_nulls,parity-exact,exact,exact,81.45,76.21,1.069,,,Both candidate and baseline produced exact results
fuzz4_0118_topk__fz_pos_deletes,parity-exact,exact,exact,744.68,261.6,2.847,,,Both candidate and baseline produced exact results
fuzz4_0119_topk__fz_nan,parity-exact,exact,exact,101.71,109.5,0.929,,,Both candidate and baseline produced exact results
fuzz4_0120_minmax__fz_updated,parity-exact,exact,exact,290.45,221.79,1.31,,,Both candidate and baseline produced exact results
fuzz4_0121_join_topk__fz_evolved,parity-exact,exact,exact,582.97,571.32,1.02,,,Both candidate and baseline produced exact results
fuzz4_0122_topk__fz_nulls,parity-exact,exact,exact,256.47,257.83,0.995,,,Both candidate and baseline produced exact results
fuzz4_0123_topk__fz_date,parity-exact,exact,exact,244.7,96.02,2.548,,,Both candidate and baseline produced exact results
fuzz4_0124_minmax__fz_updated,parity-exact,exact,exact,117.15,113.47,1.032,,,Both candidate and baseline produced exact results
fuzz4_0125_filtered_topk__fz_updated,parity-exact,exact,exact,330.65,260.28,1.27,,,Both candidate and baseline produced exact results
fuzz4_0126_semi__fz_evolved,parity-exact,exact,exact,515.43,444.16,1.16,,,Both candidate and baseline produced exact results
fuzz4_0127_join__fz_nan,parity-exact,exact,exact,346.86,319.97,1.084,,,Both candidate and baseline produced exact results
fuzz4_0128_join__fz_evolved,parity-exact,exact,exact,232.87,277.36,0.84,,,Both candidate and baseline produced exact results
fuzz4_0129_topk__fz_sorted,parity-exact,exact,exact,470.63,89.88,5.236,,,Both candidate and baseline produced exact results
fuzz4_0130_topk__fz_str,parity-exact,exact,exact,529.47,507.54,1.043,,,Both candidate and baseline produced exact results
fuzz4_0131_filtered_topk__fz_date,parity-exact,exact,exact,92.9,86.71,1.071,,,Both candidate and baseline produced exact results
fuzz4_0132_minmax__fz_str,parity-exact,exact,exact,377.86,393.84,0.959,,,Both candidate and baseline produced exact results
fuzz4_0133_minmax__fz_reversed_files,parity-exact,exact,exact,240.9,129.34,1.863,,,Both candidate and baseline produced exact results
fuzz4_0134_topk__fz_reversed_files,parity-exact,exact,exact,498.53,96.3,5.177,,,Both candidate and baseline produced exact results
fuzz4_0135_minmax__fz_part_evolved,parity-exact,exact,exact,146.46,142.85,1.025,,,Both candidate and baseline produced exact results
fuzz4_0136_topk__fz_long,parity-exact,exact,exact,119.88,69.14,1.734,,,Both candidate and baseline produced exact results
fuzz4_0137_topk__fz_nulls,parity-exact,exact,exact,309.1,81.29,3.802,,,Both candidate and baseline produced exact results
fuzz4_0138_topk__fz_snapshots,parity-exact,exact,exact,442.02,217.71,2.03,,,Both candidate and baseline produced exact results
fuzz4_0139_filtered_topk__fz_reversed_files,parity-exact,exact,exact,271.84,127.9,2.125,,,Both candidate and baseline produced exact results
fuzz4_0140_semi__fz_long,parity-exact,exact,exact,195.54,229.43,0.852,,,Both candidate and baseline produced exact results
fuzz4_0141_join_topk__fz_nulls,parity-exact,exact,exact,245.33,235.53,1.042,,,Both candidate and baseline produced exact results
fuzz4_0142_semi__fz_small_rg,parity-exact,exact,exact,293.25,360.53,0.813,,,Both candidate and baseline produced exact results
fuzz4_0143_topk__fz_snapshots,parity-exact,exact,exact,303.47,152.52,1.99,,,Both candidate and baseline produced exact results
fuzz4_0144_join_topk__fz_evolved,parity-exact,exact,exact,228.25,189.24,1.206,,,Both candidate and baseline produced exact results
fuzz4_0145_minmax__fz_long,parity-exact,exact,exact,89.33,61.38,1.455,,,Both candidate and baseline produced exact results
fuzz4_0146_join_topk__fz_unsorted,parity-exact,exact,exact,168.08,124.45,1.351,,,Both candidate and baseline produced exact results
fuzz4_0147_join_topk__fz_nulls,parity-exact,exact,exact,497.48,617.74,0.805,,,Both candidate and baseline produced exact results
fuzz4_0148_semi__fz_part_evolved,parity-exact,exact,exact,191.47,195.1,0.981,,,Both candidate and baseline produced exact results
fuzz4_0149_minmax__fz_sorted,parity-exact,exact,exact,116.15,123.42,0.941,,,Both candidate and baseline produced exact results
fuzz4_0150_semi__fz_overlap,parity-exact,exact,exact,272.06,234.27,1.161,,,Both candidate and baseline produced exact results
fuzz4_0151_filtered_topk__fz_pos_deletes,parity-exact,exact,exact,155.8,159.31,0.978,,,Both candidate and baseline produced exact results
fuzz4_0152_join_min__fz_nan,parity-exact,exact,exact,513.74,480.95,1.068,,,Both candidate and baseline produced exact results
fuzz4_0153_join__fz_evolved,parity-exact,exact,exact,229.43,241.45,0.95,,,Both candidate and baseline produced exact results
fuzz4_0154_filtered_topk__fz_evolved,parity-exact,exact,exact,138.55,128.23,1.08,,,Both candidate and baseline produced exact results
fuzz4_0155_join__fz_overlap,parity-exact,exact,exact,185.61,228.81,0.811,,,Both candidate and baseline produced exact results
fuzz4_0156_join__fz_part_evolved,parity-exact,exact,exact,111.49,94.0,1.186,,,Both candidate and baseline produced exact results
fuzz4_0157_minmax__fz_unsorted,parity-exact,exact,exact,132.55,173.11,0.766,,,Both candidate and baseline produced exact results
fuzz4_0158_minmax__fz_nan,parity-exact,exact,exact,141.61,152.14,0.931,,,Both candidate and baseline produced exact results
fuzz4_0159_topk__fz_pos_deletes,parity-exact,exact,exact,118.33,124.55,0.95,,,Both candidate and baseline produced exact results
fuzz4_0160_join__fz_snapshots,parity-exact,exact,exact,502.81,358.54,1.402,,,Both candidate and baseline produced exact results
fuzz4_0161_join_topk__fz_unsorted,parity-exact,exact,exact,196.86,193.73,1.016,,,Both candidate and baseline produced exact results
fuzz4_0162_semi__fz_evolved,parity-exact,exact,exact,252.46,198.74,1.27,,,Both candidate and baseline produced exact results
fuzz4_0163_join_topk__fz_str,parity-exact,exact,exact,302.39,336.81,0.898,,,Both candidate and baseline produced exact results
fuzz4_0164_filtered_topk__fz_str,parity-exact,exact,exact,169.04,170.34,0.992,,,Both candidate and baseline produced exact results
fuzz4_0165_minmax__fz_str,parity-exact,exact,exact,396.05,402.02,0.985,,,Both candidate and baseline produced exact results
fuzz4_0166_topk__fz_pos_deletes,parity-exact,exact,exact,88.39,97.79,0.904,,,Both candidate and baseline produced exact results
fuzz4_0167_topk__fz_skewed,parity-exact,exact,exact,217.05,125.6,1.728,,,Both candidate and baseline produced exact results
fuzz4_0168_join_topk__fz_nulls,parity-exact,exact,exact,171.51,256.14,0.67,,,Both candidate and baseline produced exact results
fuzz4_0169_filtered_topk__fz_overlap,parity-exact,exact,exact,77.01,74.16,1.038,,,Both candidate and baseline produced exact results
fuzz4_0170_join__fz_reversed_files,parity-exact,exact,exact,222.79,194.42,1.146,,,Both candidate and baseline produced exact results
fuzz4_0171_filtered_topk__fz_long,parity-exact,exact,exact,369.86,382.52,0.967,,,Both candidate and baseline produced exact results
fuzz4_0172_topk__fz_overlap,parity-exact,exact,exact,113.15,79.95,1.415,,,Both candidate and baseline produced exact results
fuzz4_0173_filtered_topk__fz_pos_deletes,parity-exact,exact,exact,51.94,49.97,1.039,,,Both candidate and baseline produced exact results
fuzz4_0174_join_topk__fz_long,parity-exact,exact,exact,110.52,142.58,0.775,,,Both candidate and baseline produced exact results
fuzz4_0175_topk__fz_skewed,parity-exact,exact,exact,97.24,67.35,1.444,,,Both candidate and baseline produced exact results
fuzz4_0176_join__fz_skewed,parity-exact,exact,exact,236.33,171.88,1.375,,,Both candidate and baseline produced exact results
fuzz4_0177_filtered_topk__fz_str,parity-exact,exact,exact,160.84,148.29,1.085,,,Both candidate and baseline produced exact results
fuzz4_0178_filtered_topk__fz_small_rg,parity-exact,exact,exact,404.12,379.31,1.065,,,Both candidate and baseline produced exact results
fuzz4_0179_minmax__fz_small_rg,parity-exact,exact,exact,200.58,207.33,0.967,,,Both candidate and baseline produced exact results
fuzz4_0180_topk__fz_unsorted,parity-exact,exact,exact,105.91,74.16,1.428,,,Both candidate and baseline produced exact results
fuzz4_0181_filtered_topk__fz_str,parity-exact,exact,exact,200.15,194.39,1.03,,,Both candidate and baseline produced exact results
fuzz4_0182_topk__fz_evolved,parity-exact,exact,exact,99.05,97.88,1.012,,,Both candidate and baseline produced exact results
fuzz4_0183_semi__fz_date,parity-exact,exact,exact,297.22,252.67,1.176,,,Both candidate and baseline produced exact results
fuzz4_0184_join__fz_overlap,parity-exact,exact,exact,172.45,177.34,0.972,,,Both candidate and baseline produced exact results
fuzz4_0185_minmax__fz_unsorted,parity-exact,exact,exact,112.59,130.82,0.861,,,Both candidate and baseline produced exact results
fuzz4_0186_join_topk__fz_dec,parity-exact,exact,exact,486.01,661.5,0.735,,,Both candidate and baseline produced exact results
fuzz4_0187_join__fz_snapshots,parity-exact,exact,exact,389.34,230.59,1.688,,,Both candidate and baseline produced exact results
fuzz4_0188_semi__fz_unsorted,parity-exact,exact,exact,197.19,227.47,0.867,,,Both candidate and baseline produced exact results
fuzz4_0189_topk__fz_sorted,parity-exact,exact,exact,464.5,102.62,4.527,,,Both candidate and baseline produced exact results
fuzz4_0190_filtered_topk__fz_pos_deletes,parity-exact,exact,exact,174.54,168.59,1.035,,,Both candidate and baseline produced exact results
fuzz4_0191_join__fz_nulls,parity-exact,exact,exact,241.61,272.89,0.885,,,Both candidate and baseline produced exact results
fuzz4_0192_join_topk__fz_pos_deletes,parity-exact,exact,exact,300.15,228.1,1.316,,,Both candidate and baseline produced exact results
fuzz4_0193_join_topk__fz_nulls,parity-exact,exact,exact,242.2,259.08,0.935,,,Both candidate and baseline produced exact results
fuzz4_0194_topk__fz_unsorted,parity-exact,exact,exact,83.23,83.33,0.999,,,Both candidate and baseline produced exact results
fuzz4_0195_filtered_topk__fz_str,parity-exact,exact,exact,166.47,155.99,1.067,,,Both candidate and baseline produced exact results
fuzz4_0196_filtered_topk__fz_unsorted,parity-exact,exact,exact,166.75,167.33,0.997,,,Both candidate and baseline produced exact results
fuzz4_0197_join__fz_pos_deletes,parity-exact,exact,exact,222.24,266.36,0.834,,,Both candidate and baseline produced exact results
fuzz4_0198_topk__fz_str,parity-exact,exact,exact,1137.15,1139.95,0.998,,,Both candidate and baseline produced exact results
fuzz4_0199_topk__fz_snapshots,parity-exact,exact,exact,401.27,123.87,3.24,,,Both candidate and baseline produced exact results
fuzz4_0200_join_min__fz_pos_deletes,parity-exact,exact,exact,234.58,255.5,0.918,,,Both candidate and baseline produced exact results
fuzz4_0201_semi__fz_unsorted,parity-exact,exact,exact,175.1,273.9,0.639,,,Both candidate and baseline produced exact results
fuzz4_0202_semi__fz_date,parity-exact,exact,exact,287.6,263.45,1.092,,,Both candidate and baseline produced exact results
fuzz4_0203_semi__fz_small_rg,parity-exact,exact,exact,282.07,282.15,1.0,,,Both candidate and baseline produced exact results
fuzz4_0204_minmax__fz_str,parity-exact,exact,exact,544.98,440.43,1.237,,,Both candidate and baseline produced exact results
fuzz4_0205_join__fz_small_rg,parity-exact,exact,exact,456.02,425.1,1.073,,,Both candidate and baseline produced exact results
fuzz4_0206_join_min__fz_str,parity-exact,exact,exact,297.81,347.65,0.857,,,Both candidate and baseline produced exact results
fuzz4_0207_semi__fz_unsorted,parity-exact,exact,exact,1042.23,884.2,1.179,,,Both candidate and baseline produced exact results
fuzz4_0208_semi__fz_sorted,parity-exact,exact,exact,183.12,123.03,1.488,,,Both candidate and baseline produced exact results
fuzz4_0209_join_min__fz_reversed_files,parity-exact,exact,exact,374.2,200.87,1.863,,,Both candidate and baseline produced exact results
fuzz4_0210_semi__fz_nulls,parity-exact,exact,exact,314.05,314.06,1.0,,,Both candidate and baseline produced exact results
fuzz4_0211_join_topk__fz_overlap,parity-exact,exact,exact,680.25,553.76,1.228,,,Both candidate and baseline produced exact results
fuzz4_0212_minmax__fz_part_evolved,parity-exact,exact,exact,96.06,88.44,1.086,,,Both candidate and baseline produced exact results
fuzz4_0213_join_topk__fz_skewed,parity-exact,exact,exact,304.61,383.0,0.795,,,Both candidate and baseline produced exact results
fuzz4_0214_join__fz_str,parity-exact,exact,exact,267.24,279.79,0.955,,,Both candidate and baseline produced exact results
fuzz4_0215_semi__fz_overlap,parity-exact,exact,exact,142.77,115.65,1.234,,,Both candidate and baseline produced exact results
fuzz4_0216_filtered_topk__fz_evolved,parity-exact,exact,exact,166.67,167.12,0.997,,,Both candidate and baseline produced exact results
fuzz4_0217_join__fz_evolved,parity-exact,exact,exact,993.65,941.23,1.056,,,Both candidate and baseline produced exact results
fuzz4_0218_semi__fz_evolved,parity-exact,exact,exact,217.37,229.08,0.949,,,Both candidate and baseline produced exact results
fuzz4_0219_semi__fz_pos_deletes,parity-exact,exact,exact,620.65,442.1,1.404,,,Both candidate and baseline produced exact results
fuzz4_0220_topk__fz_skewed,parity-exact,exact,exact,409.03,88.76,4.608,,,Both candidate and baseline produced exact results
fuzz4_0221_minmax__fz_updated,parity-exact,exact,exact,108.49,114.13,0.951,,,Both candidate and baseline produced exact results
fuzz4_0222_join__fz_reversed_files,parity-exact,exact,exact,200.27,178.39,1.123,,,Both candidate and baseline produced exact results
fuzz4_0223_filtered_topk__fz_date,parity-exact,exact,exact,124.36,133.59,0.931,,,Both candidate and baseline produced exact results
fuzz4_0224_filtered_topk__fz_date,parity-exact,exact,exact,141.47,128.34,1.102,,,Both candidate and baseline produced exact results
fuzz4_0225_filtered_topk__fz_dec,parity-exact,exact,exact,171.63,170.54,1.006,,,Both candidate and baseline produced exact results
fuzz4_0226_join_min__fz_evolved,parity-exact,exact,exact,233.66,267.15,0.875,,,Both candidate and baseline produced exact results
fuzz4_0227_minmax__fz_sorted,parity-exact,exact,exact,114.14,111.09,1.027,,,Both candidate and baseline produced exact results
fuzz4_0228_topk__fz_pos_deletes,parity-exact,exact,exact,448.99,106.17,4.229,,,Both candidate and baseline produced exact results
fuzz4_0229_join__fz_long,parity-exact,exact,exact,213.28,186.69,1.142,,,Both candidate and baseline produced exact results
fuzz4_0230_join_topk__fz_nan,parity-exact,exact,exact,1213.54,1080.2,1.123,,,Both candidate and baseline produced exact results
fuzz4_0231_semi__fz_nulls,parity-exact,exact,exact,271.55,231.01,1.175,,,Both candidate and baseline produced exact results
fuzz4_0232_topk__fz_pos_deletes,parity-exact,exact,exact,115.44,102.71,1.124,,,Both candidate and baseline produced exact results
fuzz4_0233_join_topk__fz_sorted,parity-exact,exact,exact,155.01,143.85,1.078,,,Both candidate and baseline produced exact results
fuzz4_0234_topk__fz_snapshots,parity-exact,exact,exact,334.85,112.7,2.971,,,Both candidate and baseline produced exact results
fuzz4_0235_join_min__fz_updated,parity-exact,exact,exact,211.86,211.2,1.003,,,Both candidate and baseline produced exact results
fuzz4_0236_topk__fz_pos_deletes,parity-exact,exact,exact,637.9,195.46,3.264,,,Both candidate and baseline produced exact results
fuzz4_0237_join_min__fz_overlap,parity-exact,exact,exact,393.05,337.04,1.166,,,Both candidate and baseline produced exact results
fuzz4_0238_minmax__fz_unsorted,parity-exact,exact,exact,111.97,133.44,0.839,,,Both candidate and baseline produced exact results
fuzz4_0239_topk__fz_part_evolved,parity-exact,exact,exact,183.86,126.23,1.457,,,Both candidate and baseline produced exact results
fuzz4_0240_filtered_topk__fz_part_evolved,parity-exact,exact,exact,176.47,162.12,1.089,,,Both candidate and baseline produced exact results
fuzz4_0241_join_topk__fz_str,parity-exact,exact,exact,1173.02,872.8,1.344,,,Both candidate and baseline produced exact results
fuzz4_0242_join__fz_nan,parity-exact,exact,exact,517.88,510.89,1.014,,,Both candidate and baseline produced exact results
fuzz4_0243_join__fz_nulls,parity-exact,exact,exact,210.83,342.7,0.615,,,Both candidate and baseline produced exact results
fuzz4_0244_filtered_topk__fz_pos_deletes,parity-exact,exact,exact,114.55,134.79,0.85,,,Both candidate and baseline produced exact results
fuzz4_0245_join_min__fz_reversed_files,parity-exact,exact,exact,280.99,135.54,2.073,,,Both candidate and baseline produced exact results
fuzz4_0246_filtered_topk__fz_small_rg,parity-exact,exact,exact,167.99,147.26,1.141,,,Both candidate and baseline produced exact results
fuzz4_0247_join_topk__fz_reversed_files,parity-exact,exact,exact,537.51,471.52,1.14,,,Both candidate and baseline produced exact results
fuzz4_0248_semi__fz_date,parity-exact,exact,exact,242.86,271.55,0.894,,,Both candidate and baseline produced exact results
fuzz4_0249_minmax__fz_small_rg,parity-exact,exact,exact,165.7,183.08,0.905,,,Both candidate and baseline produced exact results
fuzz4_0250_topk__fz_part_evolved,parity-exact,exact,exact,247.45,131.72,1.879,,,Both candidate and baseline produced exact results
fuzz4_0251_join_topk__fz_part_evolved,parity-exact,exact,exact,637.61,576.97,1.105,,,Both candidate and baseline produced exact results
fuzz4_0252_topk__fz_part_evolved,parity-exact,exact,exact,102.16,86.8,1.177,,,Both candidate and baseline produced exact results
fuzz4_0253_semi__fz_unsorted,parity-exact,exact,exact,497.41,569.82,0.873,,,Both candidate and baseline produced exact results
fuzz4_0254_join__fz_long,parity-exact,exact,exact,70.4,77.08,0.913,,,Both candidate and baseline produced exact results
fuzz4_0255_join_topk__fz_long,parity-exact,exact,exact,959.8,867.91,1.106,,,Both candidate and baseline produced exact results
fuzz4_0256_semi__fz_long,parity-exact,exact,exact,232.03,308.29,0.753,,,Both candidate and baseline produced exact results
fuzz4_0257_join__fz_str,parity-exact,exact,exact,193.09,157.5,1.226,,,Both candidate and baseline produced exact results
fuzz4_0258_topk__fz_unsorted,parity-exact,exact,exact,209.14,174.67,1.197,,,Both candidate and baseline produced exact results
fuzz4_0259_join_min__fz_snapshots,parity-exact,exact,exact,229.59,162.06,1.417,,,Both candidate and baseline produced exact results
fuzz4_0260_topk__fz_date,parity-exact,exact,exact,90.49,65.87,1.374,,,Both candidate and baseline produced exact results
fuzz4_0261_join__fz_nulls,parity-exact,exact,exact,486.32,438.33,1.109,,,Both candidate and baseline produced exact results
fuzz4_0262_topk__fz_skewed,parity-exact,exact,exact,103.54,86.56,1.196,,,Both candidate and baseline produced exact results
fuzz4_0263_join_min__fz_unsorted,parity-exact,exact,exact,155.9,146.88,1.061,,,Both candidate and baseline produced exact results
fuzz4_0264_filtered_topk__fz_sorted,parity-exact,exact,exact,216.82,215.08,1.008,,,Both candidate and baseline produced exact results
fuzz4_0265_join_min__fz_nan,parity-exact,exact,exact,413.52,441.79,0.936,,,Both candidate and baseline produced exact results
fuzz4_0266_semi__fz_str,parity-exact,exact,exact,366.44,494.28,0.741,,,Both candidate and baseline produced exact results
fuzz4_0267_join__fz_overlap,parity-exact,exact,exact,522.62,376.62,1.388,,,Both candidate and baseline produced exact results
fuzz4_0268_join_min__fz_skewed,parity-exact,exact,exact,326.57,135.98,2.402,,,Both candidate and baseline produced exact results
fuzz4_0269_join_min__fz_overlap,parity-exact,exact,exact,302.07,268.52,1.125,,,Both candidate and baseline produced exact results
fuzz4_0270_join__fz_small_rg,parity-exact,exact,exact,219.75,187.8,1.17,,,Both candidate and baseline produced exact results
fuzz4_0271_join__fz_str,parity-exact,exact,exact,662.8,467.21,1.419,,,Both candidate and baseline produced exact results
fuzz4_0272_filtered_topk__fz_small_rg,parity-exact,exact,exact,203.75,200.61,1.016,,,Both candidate and baseline produced exact results
fuzz4_0273_filtered_topk__fz_snapshots,parity-exact,exact,exact,351.88,132.37,2.658,,,Both candidate and baseline produced exact results
fuzz4_0274_join_topk__fz_date,parity-exact,exact,exact,196.92,177.7,1.108,,,Both candidate and baseline produced exact results
fuzz4_0275_join__fz_reversed_files,parity-exact,exact,exact,368.61,189.83,1.942,,,Both candidate and baseline produced exact results
fuzz4_0276_join__fz_dec,parity-exact,exact,exact,312.26,389.22,0.802,,,Both candidate and baseline produced exact results
fuzz4_0277_semi__fz_dec,parity-exact,exact,exact,184.06,171.95,1.07,,,Both candidate and baseline produced exact results
fuzz4_0278_semi__fz_skewed,parity-exact,exact,exact,140.53,136.76,1.028,,,Both candidate and baseline produced exact results
fuzz4_0279_join_topk__fz_nulls,parity-exact,exact,exact,471.63,301.89,1.562,,,Both candidate and baseline produced exact results
fuzz4_0280_semi__fz_pos_deletes,parity-exact,exact,exact,189.05,180.62,1.047,,,Both candidate and baseline produced exact results
fuzz4_0281_join__fz_evolved,parity-exact,exact,exact,193.58,196.07,0.987,,,Both candidate and baseline produced exact results
fuzz4_0282_join_min__fz_nan,parity-exact,exact,exact,685.91,687.24,0.998,,,Both candidate and baseline produced exact results
fuzz4_0283_filtered_topk__fz_nulls,parity-exact,exact,exact,174.68,152.64,1.144,,,Both candidate and baseline produced exact results
fuzz4_0284_join_topk__fz_dec,parity-exact,exact,exact,462.17,683.82,0.676,,,Both candidate and baseline produced exact results
fuzz4_0285_join_topk__fz_nan,parity-exact,exact,exact,315.56,234.85,1.344,,,Both candidate and baseline produced exact results
fuzz4_0286_minmax__fz_nulls,parity-exact,exact,exact,67.17,58.14,1.155,,,Both candidate and baseline produced exact results
fuzz4_0287_join_min__fz_dec,parity-exact,exact,exact,214.64,254.63,0.843,,,Both candidate and baseline produced exact results
fuzz4_0288_minmax__fz_date,parity-exact,exact,exact,132.88,114.6,1.16,,,Both candidate and baseline produced exact results
fuzz4_0289_join_topk__fz_date,parity-exact,exact,exact,268.54,253.11,1.061,,,Both candidate and baseline produced exact results
fuzz4_0290_semi__fz_nan,parity-exact,exact,exact,371.5,478.3,0.777,,,Both candidate and baseline produced exact results
fuzz4_0291_join_min__fz_snapshots,parity-exact,exact,exact,288.34,301.75,0.956,,,Both candidate and baseline produced exact results
fuzz4_0292_join_min__fz_str,parity-exact,exact,exact,472.4,440.42,1.073,,,Both candidate and baseline produced exact results
fuzz4_0293_topk__fz_overlap,parity-exact,exact,exact,156.67,86.39,1.814,,,Both candidate and baseline produced exact results
fuzz4_0294_semi__fz_str,parity-exact,exact,exact,221.95,150.09,1.479,,,Both candidate and baseline produced exact results
fuzz4_0295_semi__fz_updated,parity-exact,exact,exact,204.59,296.92,0.689,,,Both candidate and baseline produced exact results
fuzz4_0296_minmax__fz_small_rg,parity-exact,exact,exact,116.77,117.67,0.992,,,Both candidate and baseline produced exact results
fuzz4_0297_topk__fz_reversed_files,parity-exact,exact,exact,363.47,118.75,3.061,,,Both candidate and baseline produced exact results
fuzz4_0298_join__fz_date,parity-exact,exact,exact,181.17,166.66,1.087,,,Both candidate and baseline produced exact results
fuzz4_0299_topk__fz_overlap,parity-exact,exact,exact,98.9,73.06,1.354,,,Both candidate and baseline produced exact results
fuzz4_0300_semi__fz_pos_deletes,parity-exact,exact,exact,253.71,158.28,1.603,,,Both candidate and baseline produced exact results
fuzz4_0301_topk__fz_dec,parity-exact,exact,exact,122.08,152.44,0.801,,,Both candidate and baseline produced exact results
fuzz4_0302_semi__fz_skewed,parity-exact,exact,exact,238.01,209.85,1.134,,,Both candidate and baseline produced exact results
fuzz4_0303_topk__fz_long,parity-exact,exact,exact,92.79,70.85,1.31,,,Both candidate and baseline produced exact results
fuzz4_0304_join_min__fz_evolved,parity-exact,exact,exact,379.9,347.18,1.094,,,Both candidate and baseline produced exact results
fuzz4_0305_join__fz_pos_deletes,parity-exact,exact,exact,431.43,295.68,1.459,,,Both candidate and baseline produced exact results
fuzz4_0306_topk__fz_unsorted,parity-exact,exact,exact,124.77,102.15,1.221,,,Both candidate and baseline produced exact results
fuzz4_0307_join_min__fz_small_rg,parity-exact,exact,exact,275.92,247.79,1.113,,,Both candidate and baseline produced exact results
fuzz4_0308_filtered_topk__fz_nan,parity-exact,exact,exact,92.37,101.06,0.914,,,Both candidate and baseline produced exact results
fuzz4_0309_semi__fz_reversed_files,parity-exact,exact,exact,189.94,151.17,1.256,,,Both candidate and baseline produced exact results
fuzz4_0310_minmax__fz_str,parity-exact,exact,exact,459.56,401.69,1.144,,,Both candidate and baseline produced exact results
fuzz4_0311_join_min__fz_dec,parity-exact,exact,exact,193.52,391.78,0.494,,,Both candidate and baseline produced exact results
fuzz4_0312_topk__fz_nulls,parity-exact,exact,exact,409.75,512.78,0.799,,,Both candidate and baseline produced exact results
fuzz4_0313_filtered_topk__fz_nan,parity-exact,exact,exact,173.99,193.44,0.899,,,Both candidate and baseline produced exact results
fuzz4_0314_join__fz_date,parity-exact,exact,exact,235.6,293.35,0.803,,,Both candidate and baseline produced exact results
fuzz4_0315_minmax__fz_small_rg,parity-exact,exact,exact,96.56,81.54,1.184,,,Both candidate and baseline produced exact results
fuzz4_0316_filtered_topk__fz_date,parity-exact,exact,exact,104.89,137.34,0.764,,,Both candidate and baseline produced exact results
fuzz4_0317_filtered_topk__fz_sorted,parity-exact,exact,exact,88.16,114.35,0.771,,,Both candidate and baseline produced exact results
fuzz4_0318_join__fz_nulls,parity-exact,exact,exact,452.12,460.13,0.983,,,Both candidate and baseline produced exact results
fuzz4_0319_minmax__fz_nulls,parity-exact,exact,exact,131.66,122.6,1.074,,,Both candidate and baseline produced exact results
fuzz4_0320_filtered_topk__fz_small_rg,parity-exact,exact,exact,519.4,453.1,1.146,,,Both candidate and baseline produced exact results
fuzz4_0321_join__fz_sorted,parity-exact,exact,exact,267.18,254.61,1.049,,,Both candidate and baseline produced exact results
fuzz4_0322_join__fz_evolved,parity-exact,exact,exact,184.27,192.23,0.959,,,Both candidate and baseline produced exact results
fuzz4_0323_topk__fz_date,parity-exact,exact,exact,88.91,66.13,1.345,,,Both candidate and baseline produced exact results
fuzz4_0324_join__fz_reversed_files,parity-exact,exact,exact,597.53,511.91,1.167,,,Both candidate and baseline produced exact results
fuzz4_0325_join__fz_dec,parity-exact,exact,exact,1045.8,1086.25,0.963,,,Both candidate and baseline produced exact results
fuzz4_0326_topk__fz_skewed,parity-exact,exact,exact,679.76,222.71,3.052,,,Both candidate and baseline produced exact results
fuzz4_0327_semi__fz_dec,parity-exact,exact,exact,301.44,209.53,1.439,,,Both candidate and baseline produced exact results
fuzz4_0328_topk__fz_reversed_files,parity-exact,exact,exact,411.51,166.47,2.472,,,Both candidate and baseline produced exact results
fuzz4_0329_minmax__fz_reversed_files,parity-exact,exact,exact,244.6,138.95,1.76,,,Both candidate and baseline produced exact results
fuzz4_0330_join__fz_part_evolved,parity-exact,exact,exact,163.71,176.69,0.927,,,Both candidate and baseline produced exact results
fuzz4_0331_join_min__fz_pos_deletes,parity-exact,exact,exact,301.55,224.79,1.341,,,Both candidate and baseline produced exact results
fuzz4_0332_topk__fz_small_rg,parity-exact,exact,exact,448.98,237.2,1.893,,,Both candidate and baseline produced exact results
fuzz4_0333_join__fz_nulls,parity-exact,exact,exact,139.97,143.06,0.978,,,Both candidate and baseline produced exact results
fuzz4_0334_topk__fz_updated,parity-exact,exact,exact,467.08,299.18,1.561,,,Both candidate and baseline produced exact results
fuzz4_0335_minmax__fz_reversed_files,parity-exact,exact,exact,90.61,72.66,1.247,,,Both candidate and baseline produced exact results
fuzz4_0336_join_topk__fz_str,parity-exact,exact,exact,273.04,235.87,1.158,,,Both candidate and baseline produced exact results
fuzz4_0337_join__fz_small_rg,parity-exact,exact,exact,307.15,314.78,0.976,,,Both candidate and baseline produced exact results
fuzz4_0338_filtered_topk__fz_part_evolved,parity-exact,exact,exact,417.62,434.35,0.961,,,Both candidate and baseline produced exact results
fuzz4_0339_topk__fz_str,parity-exact,exact,exact,156.56,164.37,0.952,,,Both candidate and baseline produced exact results
fuzz4_0340_minmax__fz_reversed_files,parity-exact,exact,exact,195.73,80.41,2.434,,,Both candidate and baseline produced exact results
fuzz4_0341_join__fz_evolved,parity-exact,exact,exact,760.77,755.2,1.007,,,Both candidate and baseline produced exact results
fuzz4_0342_topk__fz_long,parity-exact,exact,exact,432.53,75.34,5.741,,,Both candidate and baseline produced exact results
fuzz4_0343_topk__fz_part_evolved,parity-exact,exact,exact,128.34,107.45,1.194,,,Both candidate and baseline produced exact results
fuzz4_0344_semi__fz_unsorted,parity-exact,exact,exact,182.35,170.45,1.07,,,Both candidate and baseline produced exact results
fuzz4_0345_minmax__fz_nan,parity-exact,exact,exact,118.87,142.03,0.837,,,Both candidate and baseline produced exact results
fuzz4_0346_semi__fz_evolved,parity-exact,exact,exact,211.91,206.41,1.027,,,Both candidate and baseline produced exact results
fuzz4_0347_join_topk__fz_pos_deletes,parity-exact,exact,exact,210.85,152.4,1.384,,,Both candidate and baseline produced exact results
fuzz4_0348_filtered_topk__fz_nan,parity-exact,exact,exact,83.95,79.91,1.051,,,Both candidate and baseline produced exact results
fuzz4_0349_minmax__fz_snapshots,parity-exact,exact,exact,140.37,95.94,1.463,,,Both candidate and baseline produced exact results
fuzz4_0350_semi__fz_dec,parity-exact,exact,exact,501.54,594.04,0.844,,,Both candidate and baseline produced exact results
fuzz4_0351_join__fz_nan,parity-exact,exact,exact,443.02,610.35,0.726,,,Both candidate and baseline produced exact results
fuzz4_0352_join__fz_dec,parity-exact,exact,exact,1176.72,1060.81,1.109,,,Both candidate and baseline produced exact results
fuzz4_0353_join_min__fz_evolved,parity-exact,exact,exact,258.6,449.85,0.575,,,Both candidate and baseline produced exact results
fuzz4_0354_join__fz_nan,parity-exact,exact,exact,324.83,331.88,0.979,,,Both candidate and baseline produced exact results
fuzz4_0355_join__fz_updated,parity-exact,exact,exact,265.81,267.95,0.992,,,Both candidate and baseline produced exact results
fuzz4_0356_minmax__fz_updated,parity-exact,exact,exact,101.86,114.94,0.886,,,Both candidate and baseline produced exact results
fuzz4_0357_join_topk__fz_unsorted,parity-exact,exact,exact,159.65,155.03,1.03,,,Both candidate and baseline produced exact results
fuzz4_0358_join__fz_pos_deletes,parity-exact,exact,exact,331.66,319.31,1.039,,,Both candidate and baseline produced exact results
fuzz4_0359_join__fz_evolved,parity-exact,exact,exact,1314.16,1170.47,1.123,,,Both candidate and baseline produced exact results
fuzz4_0360_semi__fz_updated,parity-exact,exact,exact,773.29,768.25,1.007,,,Both candidate and baseline produced exact results
fuzz4_0361_minmax__fz_nan,parity-exact,exact,exact,127.97,125.24,1.022,,,Both candidate and baseline produced exact results
fuzz4_0362_join__fz_sorted,parity-exact,exact,exact,159.07,176.17,0.903,,,Both candidate and baseline produced exact results
fuzz4_0363_filtered_topk__fz_pos_deletes,parity-exact,exact,exact,152.46,118.76,1.284,,,Both candidate and baseline produced exact results
fuzz4_0364_join_min__fz_updated,parity-exact,exact,exact,564.8,543.3,1.04,,,Both candidate and baseline produced exact results
fuzz4_0365_topk__fz_skewed,parity-exact,exact,exact,74.17,76.11,0.974,,,Both candidate and baseline produced exact results
fuzz4_0366_join__fz_long,parity-exact,exact,exact,410.44,161.94,2.535,,,Both candidate and baseline produced exact results
fuzz4_0367_minmax__fz_evolved,parity-exact,exact,exact,82.67,88.63,0.933,,,Both candidate and baseline produced exact results
fuzz4_0368_join__fz_snapshots,parity-exact,exact,exact,303.8,194.58,1.561,,,Both candidate and baseline produced exact results
fuzz4_0369_join__fz_snapshots,parity-exact,exact,exact,642.6,441.9,1.454,,,Both candidate and baseline produced exact results
fuzz4_0370_join__fz_snapshots,parity-exact,exact,exact,336.37,331.84,1.014,,,Both candidate and baseline produced exact results
fuzz4_0371_join__fz_reversed_files,parity-exact,exact,exact,229.99,172.07,1.337,,,Both candidate and baseline produced exact results
fuzz4_0372_join_topk__fz_small_rg,parity-exact,exact,exact,344.98,366.55,0.941,,,Both candidate and baseline produced exact results
fuzz4_0373_join_topk__fz_nulls,parity-exact,exact,exact,489.52,460.06,1.064,,,Both candidate and baseline produced exact results
fuzz4_0374_join__fz_date,parity-exact,exact,exact,294.04,244.94,1.2,,,Both candidate and baseline produced exact results
fuzz4_0375_filtered_topk__fz_reversed_files,parity-exact,exact,exact,310.79,169.13,1.838,,,Both candidate and baseline produced exact results
fuzz4_0376_topk__fz_part_evolved,parity-exact,exact,exact,366.24,225.79,1.622,,,Both candidate and baseline produced exact results
fuzz4_0377_minmax__fz_str,parity-exact,exact,exact,440.58,427.83,1.03,,,Both candidate and baseline produced exact results
fuzz4_0378_join__fz_long,parity-exact,exact,exact,124.8,128.41,0.972,,,Both candidate and baseline produced exact results
fuzz4_0379_join__fz_sorted,parity-exact,exact,exact,119.17,116.77,1.021,,,Both candidate and baseline produced exact results
fuzz4_0380_join_min__fz_dec,parity-exact,exact,exact,202.98,181.0,1.121,,,Both candidate and baseline produced exact results
fuzz4_0381_minmax__fz_str,parity-exact,exact,exact,218.13,234.38,0.931,,,Both candidate and baseline produced exact results
fuzz4_0382_topk__fz_pos_deletes,parity-exact,exact,exact,110.16,100.09,1.101,,,Both candidate and baseline produced exact results
fuzz4_0383_join_topk__fz_overlap,parity-exact,exact,exact,588.36,222.4,2.645,,,Both candidate and baseline produced exact results
fuzz4_0384_join__fz_dec,parity-exact,exact,exact,729.43,682.15,1.069,,,Both candidate and baseline produced exact results
fuzz4_0385_filtered_topk__fz_unsorted,parity-exact,exact,exact,150.58,133.43,1.129,,,Both candidate and baseline produced exact results
fuzz4_0386_filtered_topk__fz_small_rg,parity-exact,exact,exact,176.43,200.46,0.88,,,Both candidate and baseline produced exact results
fuzz4_0387_minmax__fz_nulls,parity-exact,exact,exact,80.94,53.75,1.506,,,Both candidate and baseline produced exact results
fuzz4_0388_filtered_topk__fz_sorted,parity-exact,exact,exact,201.33,171.73,1.172,,,Both candidate and baseline produced exact results
fuzz4_0389_join__fz_overlap,parity-exact,exact,exact,389.69,403.7,0.965,,,Both candidate and baseline produced exact results
fuzz4_0390_join__fz_long,parity-exact,exact,exact,213.66,224.4,0.952,,,Both candidate and baseline produced exact results
fuzz4_0391_join_min__fz_pos_deletes,parity-exact,exact,exact,185.98,176.78,1.052,,,Both candidate and baseline produced exact results
fuzz4_0392_filtered_topk__fz_dec,parity-exact,exact,exact,159.73,129.5,1.233,,,Both candidate and baseline produced exact results
fuzz4_0393_join__fz_skewed,parity-exact,exact,exact,323.4,175.46,1.843,,,Both candidate and baseline produced exact results
fuzz4_0394_join__fz_skewed,parity-exact,exact,exact,223.82,269.68,0.83,,,Both candidate and baseline produced exact results
fuzz4_0395_join__fz_nan,parity-exact,exact,exact,342.48,309.33,1.107,,,Both candidate and baseline produced exact results
fuzz4_0396_minmax__fz_reversed_files,parity-exact,exact,exact,338.54,124.54,2.718,,,Both candidate and baseline produced exact results
fuzz4_0397_semi__fz_skewed,parity-exact,exact,exact,239.94,217.84,1.101,,,Both candidate and baseline produced exact results
fuzz4_0398_join__fz_dec,parity-exact,exact,exact,513.1,701.86,0.731,,,Both candidate and baseline produced exact results
fuzz4_0399_minmax__fz_dec,parity-exact,exact,exact,132.22,100.41,1.317,,,Both candidate and baseline produced exact results
fuzz4_0400_join_min__fz_long,parity-exact,exact,exact,141.78,177.87,0.797,,,Both candidate and baseline produced exact results
fuzz4_0401_topk__fz_part_evolved,parity-exact,exact,exact,119.57,106.26,1.125,,,Both candidate and baseline produced exact results
fuzz4_0402_topk__fz_pos_deletes,parity-exact,exact,exact,282.3,101.05,2.794,,,Both candidate and baseline produced exact results
fuzz4_0403_topk__fz_long,parity-exact,exact,exact,190.06,150.53,1.263,,,Both candidate and baseline produced exact results
fuzz4_0404_semi__fz_snapshots,parity-exact,exact,exact,410.87,216.1,1.901,,,Both candidate and baseline produced exact results
fuzz4_0405_topk__fz_sorted,parity-exact,exact,exact,372.47,84.57,4.405,,,Both candidate and baseline produced exact results
fuzz4_0406_join__fz_updated,parity-exact,exact,exact,237.71,254.0,0.936,,,Both candidate and baseline produced exact results
fuzz4_0407_join_min__fz_long,parity-exact,exact,exact,217.62,224.36,0.97,,,Both candidate and baseline produced exact results
fuzz4_0408_minmax__fz_small_rg,parity-exact,exact,exact,253.24,226.25,1.119,,,Both candidate and baseline produced exact results
fuzz4_0409_join_topk__fz_part_evolved,parity-exact,exact,exact,451.98,229.31,1.971,,,Both candidate and baseline produced exact results
fuzz4_0410_join__fz_snapshots,parity-exact,exact,exact,1439.69,477.99,3.012,,,Both candidate and baseline produced exact results
fuzz4_0411_filtered_topk__fz_long,parity-exact,exact,exact,74.13,104.17,0.712,,,Both candidate and baseline produced exact results
fuzz4_0412_join__fz_date,parity-exact,exact,exact,250.03,177.83,1.406,,,Both candidate and baseline produced exact results
fuzz4_0413_join_topk__fz_date,parity-exact,exact,exact,266.96,217.87,1.225,,,Both candidate and baseline produced exact results
fuzz4_0414_join__fz_nulls,parity-exact,exact,exact,276.07,303.15,0.911,,,Both candidate and baseline produced exact results
fuzz4_0415_semi__fz_nan,parity-exact,exact,exact,362.64,437.76,0.828,,,Both candidate and baseline produced exact results
fuzz4_0416_topk__fz_small_rg,parity-exact,exact,exact,346.39,300.95,1.151,,,Both candidate and baseline produced exact results
fuzz4_0417_join_topk__fz_snapshots,parity-exact,exact,exact,498.57,292.28,1.706,,,Both candidate and baseline produced exact results
fuzz4_0418_join__fz_str,parity-exact,exact,exact,231.5,261.59,0.885,,,Both candidate and baseline produced exact results
fuzz4_0419_minmax__fz_overlap,parity-exact,exact,exact,113.12,128.95,0.877,,,Both candidate and baseline produced exact results
fuzz4_0420_topk__fz_evolved,parity-exact,exact,exact,393.99,152.52,2.583,,,Both candidate and baseline produced exact results
fuzz4_0421_topk__fz_reversed_files,parity-exact,exact,exact,266.54,67.57,3.945,,,Both candidate and baseline produced exact results
fuzz4_0422_topk__fz_unsorted,parity-exact,exact,exact,620.84,475.63,1.305,,,Both candidate and baseline produced exact results
fuzz4_0423_join_topk__fz_snapshots,parity-exact,exact,exact,351.6,283.92,1.238,,,Both candidate and baseline produced exact results
fuzz4_0424_join__fz_str,parity-exact,exact,exact,119.7,132.17,0.906,,,Both candidate and baseline produced exact results
fuzz4_0425_join__fz_pos_deletes,parity-exact,exact,exact,169.35,255.98,0.662,,,Both candidate and baseline produced exact results
fuzz4_0426_topk__fz_skewed,parity-exact,exact,exact,100.6,61.79,1.628,,,Both candidate and baseline produced exact results
fuzz4_0427_minmax__fz_skewed,parity-exact,exact,exact,127.01,134.58,0.944,,,Both candidate and baseline produced exact results
fuzz4_0428_topk__fz_str,parity-exact,exact,exact,471.89,516.29,0.914,,,Both candidate and baseline produced exact results
fuzz4_0429_join_min__fz_snapshots,parity-exact,exact,exact,377.69,620.84,0.608,,,Both candidate and baseline produced exact results
fuzz4_0430_topk__fz_part_evolved,parity-exact,exact,exact,181.79,195.54,0.93,,,Both candidate and baseline produced exact results
fuzz4_0431_topk__fz_updated,parity-exact,exact,exact,132.88,123.45,1.076,,,Both candidate and baseline produced exact results
fuzz4_0432_join__fz_nan,parity-exact,exact,exact,926.84,949.01,0.977,,,Both candidate and baseline produced exact results
fuzz4_0433_filtered_topk__fz_unsorted,parity-exact,exact,exact,149.09,154.28,0.966,,,Both candidate and baseline produced exact results
fuzz4_0434_join__fz_dec,parity-exact,exact,exact,528.09,440.11,1.2,,,Both candidate and baseline produced exact results
fuzz4_0435_join__fz_snapshots,parity-exact,exact,exact,455.61,246.5,1.848,,,Both candidate and baseline produced exact results
fuzz4_0436_topk__fz_small_rg,parity-exact,exact,exact,373.02,150.96,2.471,,,Both candidate and baseline produced exact results
fuzz4_0437_join_topk__fz_long,parity-exact,exact,exact,231.73,206.11,1.124,,,Both candidate and baseline produced exact results
fuzz4_0438_join__fz_snapshots,parity-exact,exact,exact,335.29,157.09,2.134,,,Both candidate and baseline produced exact results
fuzz4_0439_topk__fz_overlap,parity-exact,exact,exact,100.1,71.77,1.395,,,Both candidate and baseline produced exact results
fuzz4_0440_filtered_topk__fz_pos_deletes,parity-exact,exact,exact,145.24,123.54,1.176,,,Both candidate and baseline produced exact results
fuzz4_0441_minmax__fz_nulls,parity-exact,exact,exact,312.62,231.2,1.352,,,Both candidate and baseline produced exact results
fuzz4_0442_semi__fz_snapshots,parity-exact,exact,exact,235.82,177.28,1.33,,,Both candidate and baseline produced exact results
fuzz4_0443_join_topk__fz_pos_deletes,parity-exact,exact,exact,150.34,134.71,1.116,,,Both candidate and baseline produced exact results
fuzz4_0444_semi__fz_overlap,parity-exact,exact,exact,217.27,246.96,0.88,,,Both candidate and baseline produced exact results
fuzz4_0445_semi__fz_nan,parity-exact,exact,exact,444.66,557.04,0.798,,,Both candidate and baseline produced exact results
fuzz4_0446_topk__fz_unsorted,parity-exact,exact,exact,571.92,328.68,1.74,,,Both candidate and baseline produced exact results
fuzz4_0447_join_topk__fz_reversed_files,parity-exact,exact,exact,471.62,408.55,1.154,,,Both candidate and baseline produced exact results
fuzz4_0448_minmax__fz_reversed_files,parity-exact,exact,exact,166.58,63.2,2.636,,,Both candidate and baseline produced exact results
fuzz4_0449_topk__fz_sorted,parity-exact,exact,exact,236.76,117.39,2.017,,,Both candidate and baseline produced exact results
fuzz4_0450_join_topk__fz_nulls,parity-exact,exact,exact,258.83,275.99,0.938,,,Both candidate and baseline produced exact results
fuzz4_0451_join_topk__fz_pos_deletes,parity-exact,exact,exact,464.38,362.36,1.282,,,Both candidate and baseline produced exact results
fuzz4_0452_join__fz_reversed_files,parity-exact,exact,exact,369.51,268.46,1.376,,,Both candidate and baseline produced exact results
fuzz4_0453_join_topk__fz_snapshots,parity-exact,exact,exact,521.66,249.71,2.089,,,Both candidate and baseline produced exact results
fuzz4_0454_topk__fz_unsorted,parity-exact,exact,exact,98.24,76.87,1.278,,,Both candidate and baseline produced exact results
fuzz4_0455_join__fz_date,parity-exact,exact,exact,245.81,228.42,1.076,,,Both candidate and baseline produced exact results
fuzz4_0456_filtered_topk__fz_pos_deletes,parity-exact,exact,exact,486.41,457.01,1.064,,,Both candidate and baseline produced exact results
fuzz4_0457_semi__fz_small_rg,parity-exact,exact,exact,286.53,296.93,0.965,,,Both candidate and baseline produced exact results
fuzz4_0458_join__fz_overlap,parity-exact,exact,exact,266.31,281.85,0.945,,,Both candidate and baseline produced exact results
fuzz4_0459_join_min__fz_nan,parity-exact,exact,exact,390.04,429.7,0.908,,,Both candidate and baseline produced exact results
fuzz4_0460_join_min__fz_nulls,parity-exact,exact,exact,219.17,176.06,1.245,,,Both candidate and baseline produced exact results
fuzz4_0461_join__fz_dec,parity-exact,exact,exact,462.57,707.3,0.654,,,Both candidate and baseline produced exact results
fuzz4_0462_join_topk__fz_unsorted,parity-exact,exact,exact,798.8,717.46,1.113,,,Both candidate and baseline produced exact results
fuzz4_0463_semi__fz_reversed_files,parity-exact,exact,exact,385.2,267.09,1.442,,,Both candidate and baseline produced exact results
fuzz4_0464_join_min__fz_small_rg,parity-exact,exact,exact,739.55,522.27,1.416,,,Both candidate and baseline produced exact results
fuzz4_0465_filtered_topk__fz_sorted,parity-exact,exact,exact,132.15,92.07,1.435,,,Both candidate and baseline produced exact results
fuzz4_0466_topk__fz_str,parity-exact,exact,exact,472.44,471.97,1.001,,,Both candidate and baseline produced exact results
fuzz4_0467_minmax__fz_unsorted,parity-exact,exact,exact,69.99,56.81,1.232,,,Both candidate and baseline produced exact results
fuzz4_0468_join_topk__fz_pos_deletes,parity-exact,exact,exact,180.73,285.87,0.632,,,Both candidate and baseline produced exact results
fuzz4_0469_topk__fz_nulls,parity-exact,exact,exact,694.82,182.21,3.813,,,Both candidate and baseline produced exact results
fuzz4_0470_join__fz_sorted,parity-exact,exact,exact,130.76,127.89,1.022,,,Both candidate and baseline produced exact results
fuzz4_0471_topk__fz_nan,parity-exact,exact,exact,130.1,129.39,1.006,,,Both candidate and baseline produced exact results
fuzz4_0472_filtered_topk__fz_reversed_files,parity-exact,exact,exact,452.59,128.06,3.534,,,Both candidate and baseline produced exact results
fuzz4_0473_minmax__fz_str,parity-exact,exact,exact,568.31,539.73,1.053,,,Both candidate and baseline produced exact results
fuzz4_0474_filtered_topk__fz_date,parity-exact,exact,exact,215.37,206.03,1.045,,,Both candidate and baseline produced exact results
fuzz4_0475_topk__fz_snapshots,parity-exact,exact,exact,395.04,138.89,2.844,,,Both candidate and baseline produced exact results
fuzz4_0476_join__fz_sorted,parity-exact,exact,exact,225.28,351.84,0.64,,,Both candidate and baseline produced exact results
fuzz4_0477_filtered_topk__fz_part_evolved,parity-exact,exact,exact,170.57,161.11,1.059,,,Both candidate and baseline produced exact results
fuzz4_0478_join__fz_unsorted,parity-exact,exact,exact,165.49,181.28,0.913,,,Both candidate and baseline produced exact results
fuzz4_0479_topk__fz_date,parity-exact,exact,exact,100.1,79.16,1.265,,,Both candidate and baseline produced exact results
fuzz4_0480_minmax__fz_evolved,parity-exact,exact,exact,69.03,78.55,0.879,,,Both candidate and baseline produced exact results
fuzz4_0481_topk__fz_long,parity-exact,exact,exact,490.28,91.96,5.331,,,Both candidate and baseline produced exact results
fuzz4_0482_join__fz_unsorted,parity-exact,exact,exact,294.96,208.74,1.413,,,Both candidate and baseline produced exact results
fuzz4_0483_join_topk__fz_nulls,parity-exact,exact,exact,178.15,184.2,0.967,,,Both candidate and baseline produced exact results
fuzz4_0484_join_min__fz_pos_deletes,parity-exact,exact,exact,320.95,395.71,0.811,,,Both candidate and baseline produced exact results
fuzz4_0485_join_min__fz_small_rg,parity-exact,exact,exact,276.6,235.58,1.174,,,Both candidate and baseline produced exact results
fuzz4_0486_minmax__fz_unsorted,parity-exact,exact,exact,100.81,84.06,1.199,,,Both candidate and baseline produced exact results
fuzz4_0487_filtered_topk__fz_updated,parity-exact,exact,exact,303.87,320.58,0.948,,,Both candidate and baseline produced exact results
fuzz4_0488_topk__fz_part_evolved,parity-exact,exact,exact,239.61,150.7,1.59,,,Both candidate and baseline produced exact results
fuzz4_0489_join_topk__fz_part_evolved,parity-exact,exact,exact,61.87,79.66,0.777,,,Both candidate and baseline produced exact results
fuzz4_0490_filtered_topk__fz_skewed,parity-exact,exact,exact,42.4,43.8,0.968,,,Both candidate and baseline produced exact results
fuzz4_0491_join__fz_pos_deletes,parity-exact,exact,exact,186.62,225.53,0.827,,,Both candidate and baseline produced exact results
fuzz4_0492_topk__fz_nulls,parity-exact,exact,exact,317.14,86.25,3.677,,,Both candidate and baseline produced exact results
fuzz4_0493_topk__fz_evolved,parity-exact,exact,exact,83.05,72.52,1.145,,,Both candidate and baseline produced exact results
fuzz4_0494_topk__fz_overlap,parity-exact,exact,exact,184.74,83.9,2.202,,,Both candidate and baseline produced exact results
fuzz4_0495_semi__fz_sorted,parity-exact,exact,exact,123.59,129.35,0.956,,,Both candidate and baseline produced exact results
fuzz4_0496_topk__fz_nan,parity-exact,exact,exact,106.45,110.43,0.964,,,Both candidate and baseline produced exact results
fuzz4_0497_join_topk__fz_pos_deletes,parity-exact,exact,exact,181.66,209.16,0.869,,,Both candidate and baseline produced exact results
fuzz4_0498_topk__fz_evolved,parity-exact,exact,exact,75.76,74.14,1.022,,,Both candidate and baseline produced exact results
fuzz4_0499_topk__fz_overlap,parity-exact,exact,exact,206.39,101.43,2.035,,,Both candidate and baseline produced exact results
fuzz5_0000_minmax__fz_pos_deletes,parity-exact,exact,exact,77.23,114.56,0.674,,,Both candidate and baseline produced exact results
fuzz5_0001_join_min__fz_date,parity-exact,exact,exact,304.94,399.08,0.764,,,Both candidate and baseline produced exact results
fuzz5_0002_join__fz_nulls,parity-exact,exact,exact,276.71,457.16,0.605,,,Both candidate and baseline produced exact results
fuzz5_0003_join_topk__fz_part_evolved,parity-exact,exact,exact,694.91,588.38,1.181,,,Both candidate and baseline produced exact results
fuzz5_0004_semi__fz_pos_deletes,parity-exact,exact,exact,158.24,164.63,0.961,,,Both candidate and baseline produced exact results
fuzz5_0005_topk__fz_date,parity-exact,exact,exact,65.18,59.63,1.093,,,Both candidate and baseline produced exact results
fuzz5_0006_topk__fz_skewed,parity-exact,exact,exact,196.53,145.16,1.354,,,Both candidate and baseline produced exact results
fuzz5_0007_topk__fz_snapshots,parity-exact,exact,exact,367.25,144.06,2.549,,,Both candidate and baseline produced exact results
fuzz5_0008_topk__fz_nan,parity-exact,exact,exact,130.55,170.11,0.767,,,Both candidate and baseline produced exact results
fuzz5_0009_join__fz_skewed,parity-exact,exact,exact,343.14,238.53,1.439,,,Both candidate and baseline produced exact results
fuzz5_0010_minmax__fz_unsorted,parity-exact,exact,exact,115.8,89.25,1.298,,,Both candidate and baseline produced exact results
fuzz5_0011_join__fz_nulls,parity-exact,exact,exact,648.13,381.83,1.697,,,Both candidate and baseline produced exact results
fuzz5_0012_join_topk__fz_small_rg,parity-exact,exact,exact,342.14,354.76,0.964,,,Both candidate and baseline produced exact results
fuzz5_0013_join_min__fz_date,parity-exact,exact,exact,375.21,345.95,1.085,,,Both candidate and baseline produced exact results
fuzz5_0014_join__fz_overlap,parity-exact,exact,exact,866.24,859.03,1.008,,,Both candidate and baseline produced exact results
fuzz5_0015_filtered_topk__fz_small_rg,parity-exact,exact,exact,456.41,397.83,1.147,,,Both candidate and baseline produced exact results
fuzz5_0016_join__fz_str,parity-exact,exact,exact,866.7,702.73,1.233,,,Both candidate and baseline produced exact results
fuzz5_0017_topk__fz_small_rg,parity-exact,exact,exact,364.92,154.7,2.359,,,Both candidate and baseline produced exact results
fuzz5_0018_filtered_topk__fz_skewed,parity-exact,exact,exact,48.07,47.78,1.006,,,Both candidate and baseline produced exact results
fuzz5_0019_topk__fz_skewed,parity-exact,exact,exact,167.17,143.59,1.164,,,Both candidate and baseline produced exact results
fuzz5_0020_semi__fz_reversed_files,parity-exact,exact,exact,377.15,381.71,0.988,,,Both candidate and baseline produced exact results
fuzz5_0021_join_min__fz_reversed_files,parity-exact,exact,exact,430.17,405.81,1.06,,,Both candidate and baseline produced exact results
fuzz5_0022_join__fz_snapshots,parity-exact,exact,exact,644.47,610.78,1.055,,,Both candidate and baseline produced exact results
fuzz5_0023_join_min__fz_pos_deletes,parity-exact,exact,exact,220.64,162.23,1.36,,,Both candidate and baseline produced exact results
fuzz5_0024_join__fz_nan,parity-exact,exact,exact,459.86,505.73,0.909,,,Both candidate and baseline produced exact results
fuzz5_0025_minmax__fz_unsorted,parity-exact,exact,exact,90.58,84.1,1.077,,,Both candidate and baseline produced exact results
fuzz5_0026_join_topk__fz_nan,parity-exact,exact,exact,579.01,588.17,0.984,,,Both candidate and baseline produced exact results
fuzz5_0027_join_topk__fz_long,parity-exact,exact,exact,240.39,367.48,0.654,,,Both candidate and baseline produced exact results
fuzz5_0028_topk__fz_unsorted,parity-exact,exact,exact,136.85,101.17,1.353,,,Both candidate and baseline produced exact results
fuzz5_0029_topk__fz_dec,parity-exact,exact,exact,325.32,358.13,0.908,,,Both candidate and baseline produced exact results
fuzz5_0030_minmax__fz_reversed_files,parity-exact,exact,exact,202.37,81.74,2.476,,,Both candidate and baseline produced exact results
fuzz5_0031_filtered_topk__fz_unsorted,parity-exact,exact,exact,321.47,352.74,0.911,,,Both candidate and baseline produced exact results
fuzz5_0032_join_min__fz_pos_deletes,parity-exact,exact,exact,274.34,270.5,1.014,,,Both candidate and baseline produced exact results
fuzz5_0033_minmax__fz_pos_deletes,parity-exact,exact,exact,85.25,76.38,1.116,,,Both candidate and baseline produced exact results
fuzz5_0034_minmax__fz_str,parity-exact,exact,exact,471.52,592.21,0.796,,,Both candidate and baseline produced exact results
fuzz5_0035_topk__fz_nulls,parity-exact,exact,exact,123.62,112.76,1.096,,,Both candidate and baseline produced exact results
fuzz5_0036_semi__fz_sorted,parity-exact,exact,exact,174.09,190.58,0.913,,,Both candidate and baseline produced exact results
fuzz5_0037_join_topk__fz_updated,parity-exact,exact,exact,245.27,239.68,1.023,,,Both candidate and baseline produced exact results
fuzz5_0038_semi__fz_overlap,parity-exact,exact,exact,192.09,156.91,1.224,,,Both candidate and baseline produced exact results
fuzz5_0039_semi__fz_str,baseline-invalid-candidate-pass,exact,mismatch,,825.4,,,,Baseline hit broadcast coalescing bug (mismatch / OversizedAllocationException); candidate passed exact
fuzz5_0040_join_min__fz_dec,parity-exact,exact,exact,457.27,742.74,0.616,,,Both candidate and baseline produced exact results
fuzz5_0041_join__fz_nan,parity-exact,exact,exact,564.63,480.71,1.175,,,Both candidate and baseline produced exact results
fuzz5_0042_filtered_topk__fz_overlap,parity-exact,exact,exact,223.93,177.1,1.264,,,Both candidate and baseline produced exact results
fuzz5_0043_join_topk__fz_small_rg,parity-exact,exact,exact,356.34,361.59,0.985,,,Both candidate and baseline produced exact results
fuzz5_0044_minmax__fz_date,parity-exact,exact,exact,101.89,103.03,0.989,,,Both candidate and baseline produced exact results
fuzz5_0045_filtered_topk__fz_long,parity-exact,exact,exact,376.47,418.48,0.9,,,Both candidate and baseline produced exact results
fuzz5_0046_topk__fz_long,parity-exact,exact,exact,547.65,205.06,2.671,,,Both candidate and baseline produced exact results
fuzz5_0047_semi__fz_small_rg,parity-exact,exact,exact,310.05,253.68,1.222,,,Both candidate and baseline produced exact results
fuzz5_0048_minmax__fz_nan,parity-exact,exact,exact,139.57,156.94,0.889,,,Both candidate and baseline produced exact results
fuzz5_0049_topk__fz_sorted,parity-exact,exact,exact,369.41,79.44,4.65,,,Both candidate and baseline produced exact results
fuzz5_0050_semi__fz_snapshots,parity-exact,exact,exact,292.6,192.69,1.519,,,Both candidate and baseline produced exact results
fuzz5_0051_topk__fz_pos_deletes,parity-exact,exact,exact,389.92,154.68,2.521,,,Both candidate and baseline produced exact results
fuzz5_0052_topk__fz_skewed,parity-exact,exact,exact,418.73,133.84,3.129,,,Both candidate and baseline produced exact results
fuzz5_0053_join__fz_date,parity-exact,exact,exact,228.03,185.45,1.23,,,Both candidate and baseline produced exact results
fuzz5_0054_topk__fz_str,parity-exact,exact,exact,117.36,176.86,0.664,,,Both candidate and baseline produced exact results
fuzz5_0055_join_min__fz_date,parity-exact,exact,exact,216.93,207.56,1.045,,,Both candidate and baseline produced exact results
fuzz5_0056_topk__fz_pos_deletes,parity-exact,exact,exact,85.63,79.42,1.078,,,Both candidate and baseline produced exact results
fuzz5_0057_semi__fz_pos_deletes,parity-exact,exact,exact,416.88,407.28,1.024,,,Both candidate and baseline produced exact results
fuzz5_0058_join_min__fz_reversed_files,parity-exact,exact,exact,141.27,122.68,1.152,,,Both candidate and baseline produced exact results
fuzz5_0059_filtered_topk__fz_unsorted,parity-exact,exact,exact,155.67,141.45,1.101,,,Both candidate and baseline produced exact results
fuzz5_0060_semi__fz_date,parity-exact,exact,exact,450.73,187.68,2.402,,,Both candidate and baseline produced exact results
fuzz5_0061_topk__fz_skewed,parity-exact,exact,exact,141.73,150.36,0.943,,,Both candidate and baseline produced exact results
fuzz5_0062_semi__fz_small_rg,parity-exact,exact,exact,376.68,368.59,1.022,,,Both candidate and baseline produced exact results
fuzz5_0063_join__fz_str,parity-exact,exact,exact,283.7,308.26,0.92,,,Both candidate and baseline produced exact results
fuzz5_0064_join__fz_overlap,parity-exact,exact,exact,1548.94,1325.1,1.169,,,Both candidate and baseline produced exact results
fuzz5_0065_join__fz_dec,parity-exact,exact,exact,704.01,552.82,1.273,,,Both candidate and baseline produced exact results
fuzz5_0066_join__fz_pos_deletes,parity-exact,exact,exact,262.71,289.25,0.908,,,Both candidate and baseline produced exact results
fuzz5_0067_join_topk__fz_skewed,parity-exact,exact,exact,184.13,186.36,0.988,,,Both candidate and baseline produced exact results
fuzz5_0068_join__fz_dec,parity-exact,exact,exact,669.09,455.73,1.468,,,Both candidate and baseline produced exact results
fuzz5_0069_semi__fz_long,parity-exact,exact,exact,354.75,355.03,0.999,,,Both candidate and baseline produced exact results
fuzz5_0070_semi__fz_nulls,parity-exact,exact,exact,303.41,366.99,0.827,,,Both candidate and baseline produced exact results
fuzz5_0071_join__fz_dec,parity-exact,exact,exact,734.9,699.92,1.05,,,Both candidate and baseline produced exact results
fuzz5_0072_join__fz_nan,parity-exact,exact,exact,413.3,432.25,0.956,,,Both candidate and baseline produced exact results
fuzz5_0073_join__fz_small_rg,parity-exact,exact,exact,392.8,368.54,1.066,,,Both candidate and baseline produced exact results
fuzz5_0074_topk__fz_updated,parity-exact,exact,exact,146.46,153.8,0.952,,,Both candidate and baseline produced exact results
fuzz5_0075_topk__fz_part_evolved,parity-exact,exact,exact,122.41,97.24,1.259,,,Both candidate and baseline produced exact results
fuzz5_0076_join_topk__fz_str,parity-exact,exact,exact,249.67,268.75,0.929,,,Both candidate and baseline produced exact results
fuzz5_0077_join__fz_skewed,parity-exact,exact,exact,127.36,135.5,0.94,,,Both candidate and baseline produced exact results
fuzz5_0078_join__fz_dec,parity-exact,exact,exact,560.02,601.22,0.931,,,Both candidate and baseline produced exact results
fuzz5_0079_join_topk__fz_part_evolved,parity-exact,exact,exact,881.22,1056.7,0.834,,,Both candidate and baseline produced exact results
fuzz5_0080_join__fz_updated,parity-exact,exact,exact,236.89,185.52,1.277,,,Both candidate and baseline produced exact results
fuzz5_0081_join__fz_snapshots,parity-exact,exact,exact,1232.9,1205.67,1.023,,,Both candidate and baseline produced exact results
fuzz5_0082_join__fz_part_evolved,parity-exact,exact,exact,5154.06,5317.59,0.969,,,Both candidate and baseline produced exact results
fuzz5_0083_topk__fz_unsorted,parity-exact,exact,exact,129.47,79.09,1.637,,,Both candidate and baseline produced exact results
fuzz5_0084_minmax__fz_reversed_files,parity-exact,exact,exact,248.63,121.33,2.049,,,Both candidate and baseline produced exact results
fuzz5_0085_semi__fz_snapshots,parity-exact,exact,exact,366.27,294.33,1.244,,,Both candidate and baseline produced exact results
fuzz5_0086_topk__fz_small_rg,parity-exact,exact,exact,1206.78,567.31,2.127,,,Both candidate and baseline produced exact results
fuzz5_0087_semi__fz_overlap,parity-exact,exact,exact,206.31,218.84,0.943,,,Both candidate and baseline produced exact results
fuzz5_0088_join__fz_overlap,parity-exact,exact,exact,242.81,177.04,1.371,,,Both candidate and baseline produced exact results
fuzz5_0089_semi__fz_pos_deletes,parity-exact,exact,exact,382.81,310.97,1.231,,,Both candidate and baseline produced exact results
fuzz5_0090_join__fz_unsorted,parity-exact,exact,exact,290.2,355.92,0.815,,,Both candidate and baseline produced exact results
fuzz5_0091_join__fz_dec,parity-exact,exact,exact,607.1,479.12,1.267,,,Both candidate and baseline produced exact results
fuzz5_0092_semi__fz_unsorted,parity-exact,exact,exact,405.34,399.78,1.014,,,Both candidate and baseline produced exact results
fuzz5_0093_join_min__fz_reversed_files,parity-exact,exact,exact,237.81,142.33,1.671,,,Both candidate and baseline produced exact results
fuzz5_0094_join__fz_nulls,parity-exact,exact,exact,305.04,563.13,0.542,,,Both candidate and baseline produced exact results
fuzz5_0095_join__fz_part_evolved,parity-exact,exact,exact,113.97,93.72,1.216,,,Both candidate and baseline produced exact results
fuzz5_0096_minmax__fz_snapshots,parity-exact,exact,exact,448.12,284.35,1.576,,,Both candidate and baseline produced exact results
fuzz5_0097_topk__fz_small_rg,parity-exact,exact,exact,356.58,165.71,2.152,,,Both candidate and baseline produced exact results
fuzz5_0098_topk__fz_nulls,parity-exact,exact,exact,251.95,69.75,3.612,,,Both candidate and baseline produced exact results
fuzz5_0099_join_min__fz_date,parity-exact,exact,exact,544.58,535.37,1.017,,,Both candidate and baseline produced exact results
fuzz5_0100_semi__fz_sorted,parity-exact,exact,exact,231.76,206.18,1.124,,,Both candidate and baseline produced exact results
fuzz5_0101_minmax__fz_updated,parity-exact,exact,exact,271.42,239.56,1.133,,,Both candidate and baseline produced exact results
fuzz5_0102_join__fz_unsorted,parity-exact,exact,exact,212.05,296.85,0.714,,,Both candidate and baseline produced exact results
fuzz5_0103_join_topk__fz_unsorted,parity-exact,exact,exact,301.98,269.32,1.121,,,Both candidate and baseline produced exact results
fuzz5_0104_join__fz_reversed_files,parity-exact,exact,exact,1642.79,1315.95,1.248,,,Both candidate and baseline produced exact results
fuzz5_0105_filtered_topk__fz_nulls,parity-exact,exact,exact,79.63,81.5,0.977,,,Both candidate and baseline produced exact results
fuzz5_0106_join__fz_part_evolved,parity-exact,exact,exact,1344.63,945.79,1.422,,,Both candidate and baseline produced exact results
fuzz5_0107_join__fz_nulls,parity-exact,exact,exact,230.64,266.27,0.866,,,Both candidate and baseline produced exact results
fuzz5_0108_join_min__fz_date,parity-exact,exact,exact,224.47,227.41,0.987,,,Both candidate and baseline produced exact results
fuzz5_0109_join_min__fz_small_rg,parity-exact,exact,exact,449.92,405.53,1.109,,,Both candidate and baseline produced exact results
fuzz5_0110_topk__fz_part_evolved,parity-exact,exact,exact,185.02,143.48,1.289,,,Both candidate and baseline produced exact results
fuzz5_0111_topk__fz_dec,parity-exact,exact,exact,411.34,488.53,0.842,,,Both candidate and baseline produced exact results
fuzz5_0112_minmax__fz_sorted,parity-exact,exact,exact,189.32,121.22,1.562,,,Both candidate and baseline produced exact results
fuzz5_0113_join__fz_nan,parity-exact,exact,exact,471.28,533.1,0.884,,,Both candidate and baseline produced exact results
fuzz5_0114_join_topk__fz_long,parity-exact,exact,exact,147.19,344.21,0.428,,,Both candidate and baseline produced exact results
fuzz5_0115_join_min__fz_pos_deletes,parity-exact,exact,exact,297.68,205.99,1.445,,,Both candidate and baseline produced exact results
fuzz5_0116_join__fz_reversed_files,parity-exact,exact,exact,381.3,205.37,1.857,,,Both candidate and baseline produced exact results
fuzz5_0117_join__fz_date,parity-exact,exact,exact,233.53,160.52,1.455,,,Both candidate and baseline produced exact results
fuzz5_0118_join_topk__fz_small_rg,parity-exact,exact,exact,528.6,362.33,1.459,,,Both candidate and baseline produced exact results
fuzz5_0119_topk__fz_small_rg,parity-exact,exact,exact,451.09,197.39,2.285,,,Both candidate and baseline produced exact results
fuzz5_0120_join__fz_nulls,parity-exact,exact,exact,249.2,335.8,0.742,,,Both candidate and baseline produced exact results
fuzz5_0121_join_min__fz_nan,parity-exact,exact,exact,566.79,444.89,1.274,,,Both candidate and baseline produced exact results
fuzz5_0122_join__fz_overlap,parity-exact,exact,exact,820.76,850.19,0.965,,,Both candidate and baseline produced exact results
fuzz5_0123_minmax__fz_unsorted,parity-exact,exact,exact,68.92,59.93,1.15,,,Both candidate and baseline produced exact results
fuzz5_0124_topk__fz_pos_deletes,parity-exact,exact,exact,415.41,167.19,2.485,,,Both candidate and baseline produced exact results
fuzz5_0125_topk__fz_small_rg,parity-exact,exact,exact,299.59,277.51,1.08,,,Both candidate and baseline produced exact results
fuzz5_0126_minmax__fz_snapshots,parity-exact,exact,exact,218.04,114.07,1.912,,,Both candidate and baseline produced exact results
fuzz5_0127_join_topk__fz_unsorted,parity-exact,exact,exact,264.65,212.89,1.243,,,Both candidate and baseline produced exact results
fuzz5_0128_topk__fz_reversed_files,parity-exact,exact,exact,314.16,184.14,1.706,,,Both candidate and baseline produced exact results
fuzz5_0129_topk__fz_evolved,parity-exact,exact,exact,119.23,101.89,1.17,,,Both candidate and baseline produced exact results
fuzz5_0130_join__fz_snapshots,parity-exact,exact,exact,486.46,755.95,0.644,,,Both candidate and baseline produced exact results
fuzz5_0131_filtered_topk__fz_reversed_files,parity-exact,exact,exact,240.11,246.12,0.976,,,Both candidate and baseline produced exact results
fuzz5_0132_join_min__fz_snapshots,parity-exact,exact,exact,260.22,254.76,1.021,,,Both candidate and baseline produced exact results
fuzz5_0133_filtered_topk__fz_dec,parity-exact,exact,exact,335.25,355.12,0.944,,,Both candidate and baseline produced exact results
fuzz5_0134_filtered_topk__fz_date,parity-exact,exact,exact,117.83,128.21,0.919,,,Both candidate and baseline produced exact results
fuzz5_0135_join__fz_evolved,parity-exact,exact,exact,376.23,383.65,0.981,,,Both candidate and baseline produced exact results
fuzz5_0136_topk__fz_sorted,parity-exact,exact,exact,272.37,71.46,3.811,,,Both candidate and baseline produced exact results
fuzz5_0137_join__fz_evolved,parity-exact,exact,exact,235.17,601.85,0.391,,,Both candidate and baseline produced exact results
fuzz5_0138_filtered_topk__fz_small_rg,parity-exact,exact,exact,234.6,246.89,0.95,,,Both candidate and baseline produced exact results
fuzz5_0139_topk__fz_long,parity-exact,exact,exact,344.36,82.55,4.171,,,Both candidate and baseline produced exact results
fuzz5_0140_join_topk__fz_snapshots,parity-exact,exact,exact,477.49,454.12,1.051,,,Both candidate and baseline produced exact results
fuzz5_0141_join_topk__fz_skewed,parity-exact,exact,exact,192.85,181.53,1.062,,,Both candidate and baseline produced exact results
fuzz5_0142_topk__fz_small_rg,parity-exact,exact,exact,179.52,134.63,1.333,,,Both candidate and baseline produced exact results
fuzz5_0143_join__fz_pos_deletes,parity-exact,exact,exact,259.02,307.42,0.843,,,Both candidate and baseline produced exact results
fuzz5_0144_topk__fz_nulls,parity-exact,exact,exact,128.75,124.25,1.036,,,Both candidate and baseline produced exact results
fuzz5_0145_topk__fz_sorted,parity-exact,exact,exact,422.63,83.56,5.058,,,Both candidate and baseline produced exact results
fuzz5_0146_join_topk__fz_reversed_files,parity-exact,exact,exact,190.92,149.8,1.275,,,Both candidate and baseline produced exact results
fuzz5_0147_semi__fz_skewed,parity-exact,exact,exact,207.19,246.71,0.84,,,Both candidate and baseline produced exact results
fuzz5_0148_filtered_topk__fz_reversed_files,parity-exact,exact,exact,196.78,89.4,2.201,,,Both candidate and baseline produced exact results
fuzz5_0149_topk__fz_sorted,parity-exact,exact,exact,88.12,73.69,1.196,,,Both candidate and baseline produced exact results
fuzz5_0150_join__fz_evolved,parity-exact,exact,exact,495.03,324.69,1.525,,,Both candidate and baseline produced exact results
fuzz5_0151_join_min__fz_part_evolved,parity-exact,exact,exact,214.75,298.46,0.72,,,Both candidate and baseline produced exact results
fuzz5_0152_join__fz_nulls,parity-exact,exact,exact,201.57,237.67,0.848,,,Both candidate and baseline produced exact results
fuzz5_0153_join_min__fz_long,parity-exact,exact,exact,167.03,202.83,0.823,,,Both candidate and baseline produced exact results
fuzz5_0154_filtered_topk__fz_nulls,parity-exact,exact,exact,153.15,105.06,1.458,,,Both candidate and baseline produced exact results
fuzz5_0155_join__fz_small_rg,parity-exact,exact,exact,247.76,348.84,0.71,,,Both candidate and baseline produced exact results
fuzz5_0156_semi__fz_small_rg,parity-exact,exact,exact,243.77,250.22,0.974,,,Both candidate and baseline produced exact results
fuzz5_0157_join__fz_evolved,parity-exact,exact,exact,231.23,249.1,0.928,,,Both candidate and baseline produced exact results
fuzz5_0158_filtered_topk__fz_evolved,parity-exact,exact,exact,92.94,92.29,1.007,,,Both candidate and baseline produced exact results
fuzz5_0159_topk__fz_sorted,parity-exact,exact,exact,146.6,110.96,1.321,,,Both candidate and baseline produced exact results
fuzz5_0160_filtered_topk__fz_long,parity-exact,exact,exact,115.24,117.23,0.983,,,Both candidate and baseline produced exact results
fuzz5_0161_topk__fz_snapshots,parity-exact,exact,exact,5660.5,4943.07,1.145,,,Both candidate and baseline produced exact results
fuzz5_0162_join__fz_evolved,parity-exact,exact,exact,181.29,219.07,0.828,,,Both candidate and baseline produced exact results
fuzz5_0163_topk__fz_date,parity-exact,exact,exact,216.53,69.58,3.112,,,Both candidate and baseline produced exact results
fuzz5_0164_topk__fz_dec,parity-exact,exact,exact,343.96,336.36,1.023,,,Both candidate and baseline produced exact results
fuzz5_0165_join__fz_updated,parity-exact,exact,exact,263.14,281.72,0.934,,,Both candidate and baseline produced exact results
fuzz5_0166_join__fz_date,parity-exact,exact,exact,212.33,219.97,0.965,,,Both candidate and baseline produced exact results
fuzz5_0167_join_topk__fz_updated,parity-exact,exact,exact,311.52,268.99,1.158,,,Both candidate and baseline produced exact results
fuzz5_0168_join_topk__fz_sorted,parity-exact,exact,exact,733.42,707.75,1.036,,,Both candidate and baseline produced exact results
fuzz5_0169_topk__fz_reversed_files,parity-exact,exact,exact,324.15,91.93,3.526,,,Both candidate and baseline produced exact results
fuzz5_0170_join_topk__fz_snapshots,parity-exact,exact,exact,411.4,255.79,1.608,,,Both candidate and baseline produced exact results
fuzz5_0171_join__fz_date,parity-exact,exact,exact,396.17,345.22,1.148,,,Both candidate and baseline produced exact results
fuzz5_0172_join_topk__fz_evolved,parity-exact,exact,exact,191.59,191.66,1.0,,,Both candidate and baseline produced exact results
fuzz5_0173_minmax__fz_unsorted,parity-exact,exact,exact,175.32,147.37,1.19,,,Both candidate and baseline produced exact results
fuzz5_0174_join__fz_part_evolved,parity-exact,exact,exact,1021.84,1109.37,0.921,,,Both candidate and baseline produced exact results
fuzz5_0175_join_topk__fz_nulls,parity-exact,exact,exact,390.22,421.58,0.926,,,Both candidate and baseline produced exact results
fuzz5_0176_topk__fz_skewed,parity-exact,exact,exact,150.65,78.88,1.91,,,Both candidate and baseline produced exact results
fuzz5_0177_join__fz_reversed_files,parity-exact,exact,exact,240.04,247.94,0.968,,,Both candidate and baseline produced exact results
fuzz5_0178_minmax__fz_reversed_files,parity-exact,exact,exact,201.76,125.86,1.603,,,Both candidate and baseline produced exact results
fuzz5_0179_semi__fz_part_evolved,parity-exact,exact,exact,1404.67,1186.37,1.184,,,Both candidate and baseline produced exact results
fuzz5_0180_join_topk__fz_date,parity-exact,exact,exact,243.39,230.73,1.055,,,Both candidate and baseline produced exact results
fuzz5_0181_join_topk__fz_snapshots,parity-exact,exact,exact,301.35,196.46,1.534,,,Both candidate and baseline produced exact results
fuzz5_0182_join_min__fz_evolved,parity-exact,exact,exact,520.48,515.94,1.009,,,Both candidate and baseline produced exact results
fuzz5_0183_join__fz_snapshots,parity-exact,exact,exact,222.81,197.95,1.126,,,Both candidate and baseline produced exact results
fuzz5_0184_filtered_topk__fz_reversed_files,parity-exact,exact,exact,204.78,102.69,1.994,,,Both candidate and baseline produced exact results
fuzz5_0185_minmax__fz_str,parity-exact,exact,exact,375.77,380.61,0.987,,,Both candidate and baseline produced exact results
fuzz5_0186_join_min__fz_overlap,parity-exact,exact,exact,306.98,217.54,1.411,,,Both candidate and baseline produced exact results
fuzz5_0187_minmax__fz_long,parity-exact,exact,exact,181.68,134.24,1.353,,,Both candidate and baseline produced exact results
fuzz5_0188_join_min__fz_pos_deletes,parity-exact,exact,exact,503.24,335.68,1.499,,,Both candidate and baseline produced exact results
fuzz5_0189_join__fz_pos_deletes,parity-exact,exact,exact,335.92,416.43,0.807,,,Both candidate and baseline produced exact results
fuzz5_0190_semi__fz_snapshots,parity-exact,exact,exact,365.7,250.85,1.458,,,Both candidate and baseline produced exact results
fuzz5_0191_topk__fz_part_evolved,parity-exact,exact,exact,381.25,159.49,2.39,,,Both candidate and baseline produced exact results
fuzz5_0192_minmax__fz_dec,parity-exact,exact,exact,146.61,149.87,0.978,,,Both candidate and baseline produced exact results
fuzz5_0193_join_min__fz_dec,parity-exact,exact,exact,397.24,505.78,0.785,,,Both candidate and baseline produced exact results
fuzz5_0194_join__fz_dec,parity-exact,exact,exact,570.65,660.42,0.864,,,Both candidate and baseline produced exact results
fuzz5_0195_join__fz_sorted,parity-exact,exact,exact,338.26,218.6,1.547,,,Both candidate and baseline produced exact results
fuzz5_0196_join_min__fz_unsorted,parity-exact,exact,exact,348.04,331.03,1.051,,,Both candidate and baseline produced exact results
fuzz5_0197_minmax__fz_nan,parity-exact,exact,exact,157.1,157.46,0.998,,,Both candidate and baseline produced exact results
fuzz5_0198_join_topk__fz_updated,parity-exact,exact,exact,902.33,874.96,1.031,,,Both candidate and baseline produced exact results
fuzz5_0199_join_min__fz_updated,parity-exact,exact,exact,363.95,260.86,1.395,,,Both candidate and baseline produced exact results
fuzz5_0200_join__fz_small_rg,parity-exact,exact,exact,271.14,285.75,0.949,,,Both candidate and baseline produced exact results
fuzz5_0201_filtered_topk__fz_unsorted,parity-exact,exact,exact,144.27,151.5,0.952,,,Both candidate and baseline produced exact results
fuzz5_0202_join_topk__fz_nulls,parity-exact,exact,exact,463.75,440.77,1.052,,,Both candidate and baseline produced exact results
fuzz5_0203_join_topk__fz_pos_deletes,parity-exact,exact,exact,627.13,859.68,0.729,,,Both candidate and baseline produced exact results
fuzz5_0204_join__fz_sorted,parity-exact,exact,exact,170.36,253.0,0.673,,,Both candidate and baseline produced exact results
fuzz5_0205_join__fz_dec,parity-exact,exact,exact,346.25,341.26,1.015,,,Both candidate and baseline produced exact results
fuzz5_0206_join_topk__fz_updated,parity-exact,exact,exact,267.31,279.91,0.955,,,Both candidate and baseline produced exact results
fuzz5_0207_join__fz_reversed_files,parity-exact,exact,exact,168.99,183.39,0.921,,,Both candidate and baseline produced exact results
fuzz5_0208_minmax__fz_skewed,parity-exact,exact,exact,57.21,54.25,1.055,,,Both candidate and baseline produced exact results
fuzz5_0209_topk__fz_nulls,parity-exact,exact,exact,72.62,61.67,1.178,,,Both candidate and baseline produced exact results
fuzz5_0210_join__fz_sorted,parity-exact,exact,exact,251.58,278.36,0.904,,,Both candidate and baseline produced exact results
fuzz5_0211_join_topk__fz_str,parity-exact,exact,exact,195.99,212.24,0.923,,,Both candidate and baseline produced exact results
fuzz5_0212_join_topk__fz_nan,parity-exact,exact,exact,898.37,902.05,0.996,,,Both candidate and baseline produced exact results
fuzz5_0213_join__fz_reversed_files,parity-exact,exact,exact,282.28,207.39,1.361,,,Both candidate and baseline produced exact results
fuzz5_0214_join_min__fz_reversed_files,parity-exact,exact,exact,187.59,114.37,1.64,,,Both candidate and baseline produced exact results
fuzz5_0215_topk__fz_updated,parity-exact,exact,exact,233.81,208.84,1.12,,,Both candidate and baseline produced exact results
fuzz5_0216_join_min__fz_str,parity-exact,exact,exact,350.5,369.59,0.948,,,Both candidate and baseline produced exact results
fuzz5_0217_join_min__fz_unsorted,parity-exact,exact,exact,116.17,103.32,1.124,,,Both candidate and baseline produced exact results
fuzz5_0218_minmax__fz_reversed_files,parity-exact,exact,exact,222.06,70.78,3.137,,,Both candidate and baseline produced exact results
fuzz5_0219_topk__fz_sorted,parity-exact,exact,exact,370.71,82.06,4.517,,,Both candidate and baseline produced exact results
fuzz5_0220_join__fz_overlap,parity-exact,exact,exact,387.37,173.87,2.228,,,Both candidate and baseline produced exact results
fuzz5_0221_join_topk__fz_reversed_files,parity-exact,exact,exact,180.77,148.94,1.214,,,Both candidate and baseline produced exact results
fuzz5_0222_minmax__fz_str,parity-exact,exact,exact,332.27,355.13,0.936,,,Both candidate and baseline produced exact results
fuzz5_0223_semi__fz_date,parity-exact,exact,exact,145.7,250.13,0.583,,,Both candidate and baseline produced exact results
fuzz5_0224_join__fz_unsorted,parity-exact,exact,exact,140.53,145.83,0.964,,,Both candidate and baseline produced exact results
fuzz5_0225_join_min__fz_unsorted,parity-exact,exact,exact,486.64,405.28,1.201,,,Both candidate and baseline produced exact results
fuzz5_0226_join_min__fz_date,parity-exact,exact,exact,213.81,223.19,0.958,,,Both candidate and baseline produced exact results
fuzz5_0227_filtered_topk__fz_nulls,parity-exact,exact,exact,459.17,362.89,1.265,,,Both candidate and baseline produced exact results
fuzz5_0228_join_topk__fz_long,parity-exact,exact,exact,198.0,159.7,1.24,,,Both candidate and baseline produced exact results
fuzz5_0229_topk__fz_date,parity-exact,exact,exact,173.27,146.94,1.179,,,Both candidate and baseline produced exact results
fuzz5_0230_minmax__fz_updated,parity-exact,exact,exact,170.58,141.34,1.207,,,Both candidate and baseline produced exact results
fuzz5_0231_minmax__fz_long,parity-exact,exact,exact,131.41,124.7,1.054,,,Both candidate and baseline produced exact results
fuzz5_0232_topk__fz_dec,parity-exact,exact,exact,121.27,119.44,1.015,,,Both candidate and baseline produced exact results
fuzz5_0233_join_min__fz_dec,parity-exact,exact,exact,387.26,482.03,0.803,,,Both candidate and baseline produced exact results
fuzz5_0234_semi__fz_long,parity-exact,exact,exact,296.59,268.71,1.104,,,Both candidate and baseline produced exact results
fuzz5_0235_topk__fz_updated,parity-exact,exact,exact,278.45,175.8,1.584,,,Both candidate and baseline produced exact results
fuzz5_0236_join__fz_small_rg,parity-exact,exact,exact,343.09,378.7,0.906,,,Both candidate and baseline produced exact results
fuzz5_0237_join_topk__fz_dec,parity-exact,exact,exact,873.95,894.16,0.977,,,Both candidate and baseline produced exact results
fuzz5_0238_semi__fz_snapshots,parity-exact,exact,exact,925.1,756.14,1.223,,,Both candidate and baseline produced exact results
fuzz5_0239_semi__fz_overlap,parity-exact,exact,exact,190.0,189.41,1.003,,,Both candidate and baseline produced exact results
fuzz5_0240_topk__fz_str,parity-exact,exact,exact,354.57,333.06,1.065,,,Both candidate and baseline produced exact results
fuzz5_0241_topk__fz_dec,parity-exact,exact,exact,152.24,189.6,0.803,,,Both candidate and baseline produced exact results
fuzz5_0242_minmax__fz_sorted,parity-exact,exact,exact,62.33,58.83,1.059,,,Both candidate and baseline produced exact results
fuzz5_0243_filtered_topk__fz_date,parity-exact,exact,exact,173.24,203.24,0.852,,,Both candidate and baseline produced exact results
fuzz5_0244_join__fz_long,parity-exact,exact,exact,214.2,298.7,0.717,,,Both candidate and baseline produced exact results
fuzz5_0245_minmax__fz_str,parity-exact,exact,exact,512.46,690.84,0.742,,,Both candidate and baseline produced exact results
fuzz5_0246_join__fz_small_rg,parity-exact,exact,exact,548.53,508.75,1.078,,,Both candidate and baseline produced exact results
fuzz5_0247_topk__fz_unsorted,parity-exact,exact,exact,163.88,109.89,1.491,,,Both candidate and baseline produced exact results
fuzz5_0248_join_topk__fz_nulls,parity-exact,exact,exact,242.87,215.54,1.127,,,Both candidate and baseline produced exact results
fuzz5_0249_filtered_topk__fz_long,parity-exact,exact,exact,482.45,476.86,1.012,,,Both candidate and baseline produced exact results
fuzz5_0250_join__fz_part_evolved,parity-exact,exact,exact,205.48,233.99,0.878,,,Both candidate and baseline produced exact results
fuzz5_0251_join__fz_skewed,parity-exact,exact,exact,776.34,862.47,0.9,,,Both candidate and baseline produced exact results
fuzz5_0252_minmax__fz_nulls,parity-exact,exact,exact,93.64,70.66,1.325,,,Both candidate and baseline produced exact results
fuzz5_0253_filtered_topk__fz_long,parity-exact,exact,exact,96.62,90.41,1.069,,,Both candidate and baseline produced exact results
fuzz5_0254_join_min__fz_dec,parity-exact,exact,exact,256.0,244.2,1.048,,,Both candidate and baseline produced exact results
fuzz5_0255_topk__fz_unsorted,parity-exact,exact,exact,100.95,94.87,1.064,,,Both candidate and baseline produced exact results
fuzz5_0256_join_min__fz_pos_deletes,parity-exact,exact,exact,172.31,144.01,1.197,,,Both candidate and baseline produced exact results
fuzz5_0257_filtered_topk__fz_evolved,parity-exact,exact,exact,99.01,101.03,0.98,,,Both candidate and baseline produced exact results
fuzz5_0258_join__fz_reversed_files,parity-exact,exact,exact,302.38,210.28,1.438,,,Both candidate and baseline produced exact results
fuzz5_0259_minmax__fz_unsorted,parity-exact,exact,exact,121.54,115.03,1.057,,,Both candidate and baseline produced exact results
fuzz5_0260_topk__fz_dec,parity-exact,exact,exact,380.01,378.68,1.003,,,Both candidate and baseline produced exact results
fuzz5_0261_filtered_topk__fz_updated,parity-exact,exact,exact,135.99,146.75,0.927,,,Both candidate and baseline produced exact results
fuzz5_0262_join_min__fz_updated,parity-exact,exact,exact,202.0,211.79,0.954,,,Both candidate and baseline produced exact results
fuzz5_0263_join__fz_part_evolved,parity-exact,exact,exact,199.66,206.63,0.966,,,Both candidate and baseline produced exact results
fuzz5_0264_join__fz_skewed,parity-exact,exact,exact,145.29,154.64,0.94,,,Both candidate and baseline produced exact results
fuzz5_0265_join_min__fz_updated,parity-exact,exact,exact,521.73,281.53,1.853,,,Both candidate and baseline produced exact results
fuzz5_0266_topk__fz_overlap,parity-exact,exact,exact,470.57,298.91,1.574,,,Both candidate and baseline produced exact results
fuzz5_0267_join__fz_updated,parity-exact,exact,exact,410.14,513.06,0.799,,,Both candidate and baseline produced exact results
fuzz5_0268_minmax__fz_long,parity-exact,exact,exact,78.55,53.77,1.461,,,Both candidate and baseline produced exact results
fuzz5_0269_join__fz_date,parity-exact,exact,exact,241.53,196.24,1.231,,,Both candidate and baseline produced exact results
fuzz5_0270_filtered_topk__fz_unsorted,parity-exact,exact,exact,150.16,160.3,0.937,,,Both candidate and baseline produced exact results
fuzz5_0271_minmax__fz_skewed,parity-exact,exact,exact,95.0,62.07,1.531,,,Both candidate and baseline produced exact results
fuzz5_0272_join__fz_dec,parity-exact,exact,exact,456.54,401.08,1.138,,,Both candidate and baseline produced exact results
fuzz5_0273_join__fz_reversed_files,parity-exact,exact,exact,859.54,712.69,1.206,,,Both candidate and baseline produced exact results
fuzz5_0274_minmax__fz_small_rg,parity-exact,exact,exact,192.24,192.27,1.0,,,Both candidate and baseline produced exact results
fuzz5_0275_join__fz_reversed_files,parity-exact,exact,exact,413.88,279.72,1.48,,,Both candidate and baseline produced exact results
fuzz5_0276_join_topk__fz_overlap,parity-exact,exact,exact,226.06,199.15,1.135,,,Both candidate and baseline produced exact results
fuzz5_0277_semi__fz_str,baseline-invalid-candidate-pass,exact,mismatch,,721.26,,,,Baseline hit broadcast coalescing bug (mismatch / OversizedAllocationException); candidate passed exact
fuzz5_0278_minmax__fz_skewed,parity-exact,exact,exact,55.88,56.46,0.99,,,Both candidate and baseline produced exact results
fuzz5_0279_minmax__fz_date,parity-exact,exact,exact,154.24,143.46,1.075,,,Both candidate and baseline produced exact results
fuzz5_0280_topk__fz_pos_deletes,parity-exact,exact,exact,454.47,124.52,3.65,,,Both candidate and baseline produced exact results
fuzz5_0281_topk__fz_date,parity-exact,exact,exact,165.07,86.73,1.903,,,Both candidate and baseline produced exact results
fuzz5_0282_topk__fz_evolved,parity-exact,exact,exact,185.02,152.11,1.216,,,Both candidate and baseline produced exact results
fuzz5_0283_semi__fz_reversed_files,parity-exact,exact,exact,512.95,434.55,1.18,,,Both candidate and baseline produced exact results
fuzz5_0284_join_min__fz_long,parity-exact,exact,exact,624.34,606.24,1.03,,,Both candidate and baseline produced exact results
fuzz5_0285_topk__fz_reversed_files,parity-exact,exact,exact,267.14,63.49,4.207,,,Both candidate and baseline produced exact results
fuzz5_0286_minmax__fz_long,parity-exact,exact,exact,59.08,52.97,1.115,,,Both candidate and baseline produced exact results
fuzz5_0287_topk__fz_date,parity-exact,exact,exact,102.44,65.2,1.571,,,Both candidate and baseline produced exact results
fuzz5_0288_join_topk__fz_reversed_files,parity-exact,exact,exact,222.33,167.52,1.327,,,Both candidate and baseline produced exact results
fuzz5_0289_semi__fz_skewed,parity-exact,exact,exact,224.95,243.93,0.922,,,Both candidate and baseline produced exact results
fuzz5_0290_join__fz_overlap,parity-exact,exact,exact,183.72,134.28,1.368,,,Both candidate and baseline produced exact results
fuzz5_0291_join_min__fz_date,parity-exact,exact,exact,270.72,468.49,0.578,,,Both candidate and baseline produced exact results
fuzz5_0292_topk__fz_overlap,parity-exact,exact,exact,183.07,140.34,1.304,,,Both candidate and baseline produced exact results
fuzz5_0293_join__fz_pos_deletes,parity-exact,exact,exact,221.33,261.22,0.847,,,Both candidate and baseline produced exact results
fuzz5_0294_join__fz_reversed_files,parity-exact,exact,exact,226.93,141.04,1.609,,,Both candidate and baseline produced exact results
fuzz5_0295_join__fz_part_evolved,parity-exact,exact,exact,81.74,104.7,0.781,,,Both candidate and baseline produced exact results
fuzz5_0296_topk__fz_part_evolved,parity-exact,exact,exact,515.22,246.08,2.094,,,Both candidate and baseline produced exact results
fuzz5_0297_join_topk__fz_unsorted,parity-exact,exact,exact,283.99,173.05,1.641,,,Both candidate and baseline produced exact results
fuzz5_0298_topk__fz_reversed_files,parity-exact,exact,exact,233.86,124.89,1.873,,,Both candidate and baseline produced exact results
fuzz5_0299_join_min__fz_str,parity-exact,exact,exact,324.97,313.57,1.036,,,Both candidate and baseline produced exact results
fuzz5_0300_join__fz_long,parity-exact,exact,exact,606.17,601.48,1.008,,,Both candidate and baseline produced exact results
fuzz5_0301_join__fz_nulls,parity-exact,exact,exact,305.38,198.32,1.54,,,Both candidate and baseline produced exact results
fuzz5_0302_filtered_topk__fz_sorted,parity-exact,exact,exact,204.76,269.4,0.76,,,Both candidate and baseline produced exact results
fuzz5_0303_semi__fz_part_evolved,parity-exact,exact,exact,290.01,254.12,1.141,,,Both candidate and baseline produced exact results
fuzz5_0304_join_topk__fz_skewed,parity-exact,exact,exact,192.05,177.82,1.08,,,Both candidate and baseline produced exact results
fuzz5_0305_join__fz_skewed,parity-exact,exact,exact,183.76,179.65,1.023,,,Both candidate and baseline produced exact results
fuzz5_0306_minmax__fz_part_evolved,parity-exact,exact,exact,122.33,87.48,1.398,,,Both candidate and baseline produced exact results
fuzz5_0307_topk__fz_unsorted,parity-exact,exact,exact,110.99,92.68,1.198,,,Both candidate and baseline produced exact results
fuzz5_0308_join__fz_long,parity-exact,exact,exact,227.96,213.48,1.068,,,Both candidate and baseline produced exact results
fuzz5_0309_join_topk__fz_updated,parity-exact,exact,exact,311.57,485.01,0.642,,,Both candidate and baseline produced exact results
fuzz5_0310_semi__fz_str,parity-exact,exact,exact,255.35,269.84,0.946,,,Both candidate and baseline produced exact results
fuzz5_0311_minmax__fz_nan,parity-exact,exact,exact,176.08,110.66,1.591,,,Both candidate and baseline produced exact results
fuzz5_0312_join_topk__fz_sorted,parity-exact,exact,exact,287.41,295.42,0.973,,,Both candidate and baseline produced exact results
fuzz5_0313_filtered_topk__fz_unsorted,parity-exact,exact,exact,141.92,135.08,1.051,,,Both candidate and baseline produced exact results
fuzz5_0314_join__fz_nan,parity-exact,exact,exact,516.94,497.91,1.038,,,Both candidate and baseline produced exact results
fuzz5_0315_join__fz_sorted,parity-exact,exact,exact,186.26,237.26,0.785,,,Both candidate and baseline produced exact results
fuzz5_0316_filtered_topk__fz_skewed,parity-exact,exact,exact,83.97,87.89,0.955,,,Both candidate and baseline produced exact results
fuzz5_0317_topk__fz_pos_deletes,parity-exact,exact,exact,264.25,82.52,3.202,,,Both candidate and baseline produced exact results
fuzz5_0318_topk__fz_evolved,parity-exact,exact,exact,205.17,124.53,1.648,,,Both candidate and baseline produced exact results
fuzz5_0319_join_min__fz_dec,parity-exact,exact,exact,676.13,671.44,1.007,,,Both candidate and baseline produced exact results
fuzz5_0320_join_topk__fz_part_evolved,parity-exact,exact,exact,416.48,458.78,0.908,,,Both candidate and baseline produced exact results
fuzz5_0321_filtered_topk__fz_evolved,parity-exact,exact,exact,114.53,101.01,1.134,,,Both candidate and baseline produced exact results
fuzz5_0322_join_min__fz_str,parity-exact,exact,exact,190.87,131.17,1.455,,,Both candidate and baseline produced exact results
fuzz5_0323_join_min__fz_nan,parity-exact,exact,exact,1211.02,1158.14,1.046,,,Both candidate and baseline produced exact results
fuzz5_0324_join_min__fz_long,parity-exact,exact,exact,860.91,664.26,1.296,,,Both candidate and baseline produced exact results
fuzz5_0325_minmax__fz_skewed,parity-exact,exact,exact,62.81,61.85,1.016,,,Both candidate and baseline produced exact results
fuzz5_0326_topk__fz_updated,parity-exact,exact,exact,666.41,408.79,1.63,,,Both candidate and baseline produced exact results
fuzz5_0327_minmax__fz_small_rg,parity-exact,exact,exact,129.66,112.46,1.153,,,Both candidate and baseline produced exact results
fuzz5_0328_filtered_topk__fz_snapshots,parity-exact,exact,exact,528.69,335.89,1.574,,,Both candidate and baseline produced exact results
fuzz5_0329_join_topk__fz_sorted,parity-exact,exact,exact,163.97,197.19,0.832,,,Both candidate and baseline produced exact results
fuzz5_0330_minmax__fz_date,parity-exact,exact,exact,57.5,55.6,1.034,,,Both candidate and baseline produced exact results
fuzz5_0331_filtered_topk__fz_sorted,parity-exact,exact,exact,130.02,82.14,1.583,,,Both candidate and baseline produced exact results
fuzz5_0332_topk__fz_sorted,parity-exact,exact,exact,176.73,112.27,1.574,,,Both candidate and baseline produced exact results
fuzz5_0333_join_topk__fz_dec,parity-exact,exact,exact,451.82,447.71,1.009,,,Both candidate and baseline produced exact results
fuzz5_0334_topk__fz_skewed,parity-exact,exact,exact,146.51,73.73,1.987,,,Both candidate and baseline produced exact results
fuzz5_0335_join__fz_part_evolved,parity-exact,exact,exact,524.13,541.85,0.967,,,Both candidate and baseline produced exact results
fuzz5_0336_topk__fz_str,parity-exact,exact,exact,234.44,256.48,0.914,,,Both candidate and baseline produced exact results
fuzz5_0337_join_topk__fz_long,parity-exact,exact,exact,140.97,122.57,1.15,,,Both candidate and baseline produced exact results
fuzz5_0338_topk__fz_skewed,parity-exact,exact,exact,68.3,55.38,1.233,,,Both candidate and baseline produced exact results
fuzz5_0339_join__fz_sorted,parity-exact,exact,exact,245.17,209.3,1.171,,,Both candidate and baseline produced exact results
fuzz5_0340_semi__fz_part_evolved,parity-exact,exact,exact,336.33,420.51,0.8,,,Both candidate and baseline produced exact results
fuzz5_0341_topk__fz_skewed,parity-exact,exact,exact,111.38,126.5,0.88,,,Both candidate and baseline produced exact results
fuzz5_0342_semi__fz_nulls,parity-exact,exact,exact,201.29,327.53,0.615,,,Both candidate and baseline produced exact results
fuzz5_0343_topk__fz_unsorted,parity-exact,exact,exact,113.84,92.29,1.233,,,Both candidate and baseline produced exact results
fuzz5_0344_topk__fz_skewed,parity-exact,exact,exact,142.71,75.09,1.901,,,Both candidate and baseline produced exact results
fuzz5_0345_join_min__fz_snapshots,parity-exact,exact,exact,265.67,170.33,1.56,,,Both candidate and baseline produced exact results
fuzz5_0346_topk__fz_part_evolved,parity-exact,exact,exact,137.12,93.29,1.47,,,Both candidate and baseline produced exact results
fuzz5_0347_join__fz_sorted,parity-exact,exact,exact,381.17,437.39,0.871,,,Both candidate and baseline produced exact results
fuzz5_0348_join__fz_sorted,parity-exact,exact,exact,162.42,172.08,0.944,,,Both candidate and baseline produced exact results
fuzz5_0349_topk__fz_evolved,parity-exact,exact,exact,608.06,283.14,2.148,,,Both candidate and baseline produced exact results
fuzz5_0350_join__fz_pos_deletes,parity-exact,exact,exact,239.37,274.24,0.873,,,Both candidate and baseline produced exact results
fuzz5_0351_topk__fz_overlap,parity-exact,exact,exact,211.85,107.66,1.968,,,Both candidate and baseline produced exact results
fuzz5_0352_join__fz_reversed_files,parity-exact,exact,exact,193.23,250.08,0.773,,,Both candidate and baseline produced exact results
fuzz5_0353_join_min__fz_small_rg,parity-exact,exact,exact,394.01,355.2,1.109,,,Both candidate and baseline produced exact results
fuzz5_0354_topk__fz_sorted,parity-exact,exact,exact,166.49,66.77,2.494,,,Both candidate and baseline produced exact results
fuzz5_0355_semi__fz_sorted,parity-exact,exact,exact,336.28,316.15,1.064,,,Both candidate and baseline produced exact results
fuzz5_0356_join_min__fz_unsorted,parity-exact,exact,exact,251.28,180.63,1.391,,,Both candidate and baseline produced exact results
fuzz5_0357_topk__fz_date,parity-exact,exact,exact,766.43,175.09,4.377,,,Both candidate and baseline produced exact results
fuzz5_0358_join_topk__fz_skewed,parity-exact,exact,exact,209.93,239.87,0.875,,,Both candidate and baseline produced exact results
fuzz5_0359_join__fz_long,parity-exact,exact,exact,199.42,119.73,1.666,,,Both candidate and baseline produced exact results
fuzz5_0360_filtered_topk__fz_evolved,parity-exact,exact,exact,135.0,107.39,1.257,,,Both candidate and baseline produced exact results
fuzz5_0361_join_topk__fz_unsorted,parity-exact,exact,exact,265.05,238.97,1.109,,,Both candidate and baseline produced exact results
fuzz5_0362_join__fz_overlap,parity-exact,exact,exact,191.27,222.34,0.86,,,Both candidate and baseline produced exact results
fuzz5_0363_topk__fz_reversed_files,parity-exact,exact,exact,229.45,86.14,2.664,,,Both candidate and baseline produced exact results
fuzz5_0364_minmax__fz_part_evolved,parity-exact,exact,exact,92.67,85.33,1.086,,,Both candidate and baseline produced exact results
fuzz5_0365_topk__fz_date,parity-exact,exact,exact,107.99,91.25,1.183,,,Both candidate and baseline produced exact results
fuzz5_0366_topk__fz_small_rg,parity-exact,exact,exact,1898.32,678.93,2.796,,,Both candidate and baseline produced exact results
fuzz5_0367_filtered_topk__fz_str,parity-exact,exact,exact,547.65,518.34,1.057,,,Both candidate and baseline produced exact results
fuzz5_0368_filtered_topk__fz_nulls,parity-exact,exact,exact,134.5,140.33,0.958,,,Both candidate and baseline produced exact results
fuzz5_0369_minmax__fz_date,parity-exact,exact,exact,66.56,76.72,0.868,,,Both candidate and baseline produced exact results
fuzz5_0370_join_min__fz_part_evolved,parity-exact,exact,exact,473.23,645.27,0.733,,,Both candidate and baseline produced exact results
fuzz5_0371_join__fz_small_rg,parity-exact,exact,exact,522.8,699.98,0.747,,,Both candidate and baseline produced exact results
fuzz5_0372_join_min__fz_overlap,parity-exact,exact,exact,555.06,266.68,2.081,,,Both candidate and baseline produced exact results
fuzz5_0373_join_min__fz_small_rg,parity-exact,exact,exact,175.56,155.42,1.13,,,Both candidate and baseline produced exact results
fuzz5_0374_topk__fz_overlap,parity-exact,exact,exact,110.82,76.71,1.445,,,Both candidate and baseline produced exact results
fuzz5_0375_join_min__fz_snapshots,parity-exact,exact,exact,657.96,403.91,1.629,,,Both candidate and baseline produced exact results
fuzz5_0376_topk__fz_unsorted,parity-exact,exact,exact,82.07,77.24,1.063,,,Both candidate and baseline produced exact results
fuzz5_0377_semi__fz_nan,parity-exact,exact,exact,454.0,516.51,0.879,,,Both candidate and baseline produced exact results
fuzz5_0378_semi__fz_sorted,parity-exact,exact,exact,239.19,222.86,1.073,,,Both candidate and baseline produced exact results
fuzz5_0379_filtered_topk__fz_long,parity-exact,exact,exact,410.64,433.48,0.947,,,Both candidate and baseline produced exact results
fuzz5_0380_join__fz_pos_deletes,parity-exact,exact,exact,167.96,237.72,0.707,,,Both candidate and baseline produced exact results
fuzz5_0381_topk__fz_small_rg,parity-exact,exact,exact,1573.62,1015.99,1.549,,,Both candidate and baseline produced exact results
fuzz5_0382_minmax__fz_pos_deletes,parity-exact,exact,exact,77.26,60.42,1.279,,,Both candidate and baseline produced exact results
fuzz5_0383_join_min__fz_date,parity-exact,exact,exact,171.35,237.79,0.721,,,Both candidate and baseline produced exact results
fuzz5_0384_filtered_topk__fz_skewed,parity-exact,exact,exact,53.82,54.74,0.983,,,Both candidate and baseline produced exact results
fuzz5_0385_join_min__fz_skewed,parity-exact,exact,exact,207.36,161.59,1.283,,,Both candidate and baseline produced exact results
fuzz5_0386_filtered_topk__fz_snapshots,parity-exact,exact,exact,385.0,391.28,0.984,,,Both candidate and baseline produced exact results
fuzz5_0387_topk__fz_unsorted,parity-exact,exact,exact,216.22,121.19,1.784,,,Both candidate and baseline produced exact results
fuzz5_0388_minmax__fz_small_rg,parity-exact,exact,exact,181.29,195.0,0.93,,,Both candidate and baseline produced exact results
fuzz5_0389_join__fz_overlap,parity-exact,exact,exact,240.84,285.94,0.842,,,Both candidate and baseline produced exact results
fuzz5_0390_join__fz_nan,parity-exact,exact,exact,750.54,702.76,1.068,,,Both candidate and baseline produced exact results
fuzz5_0391_semi__fz_evolved,parity-exact,exact,exact,221.33,363.55,0.609,,,Both candidate and baseline produced exact results
fuzz5_0392_topk__fz_pos_deletes,parity-exact,exact,exact,870.37,185.03,4.704,,,Both candidate and baseline produced exact results
fuzz5_0393_join_topk__fz_reversed_files,parity-exact,exact,exact,613.43,469.87,1.306,,,Both candidate and baseline produced exact results
fuzz5_0394_semi__fz_evolved,parity-exact,exact,exact,1371.02,1299.86,1.055,,,Both candidate and baseline produced exact results
fuzz5_0395_filtered_topk__fz_part_evolved,parity-exact,exact,exact,219.08,172.51,1.27,,,Both candidate and baseline produced exact results
fuzz5_0396_join_min__fz_nulls,parity-exact,exact,exact,275.02,474.18,0.58,,,Both candidate and baseline produced exact results
fuzz5_0397_semi__fz_snapshots,parity-exact,exact,exact,463.82,397.22,1.168,,,Both candidate and baseline produced exact results
fuzz5_0398_minmax__fz_updated,parity-exact,exact,exact,126.73,166.9,0.759,,,Both candidate and baseline produced exact results
fuzz5_0399_join__fz_snapshots,parity-exact,exact,exact,293.71,207.72,1.414,,,Both candidate and baseline produced exact results
fuzz5_0400_semi__fz_reversed_files,parity-exact,exact,exact,253.77,205.08,1.237,,,Both candidate and baseline produced exact results
fuzz5_0401_topk__fz_updated,parity-exact,exact,exact,304.42,220.21,1.382,,,Both candidate and baseline produced exact results
fuzz5_0402_minmax__fz_skewed,parity-exact,exact,exact,54.3,57.43,0.945,,,Both candidate and baseline produced exact results
fuzz5_0403_filtered_topk__fz_str,parity-exact,exact,exact,167.62,181.18,0.925,,,Both candidate and baseline produced exact results
fuzz5_0404_join__fz_unsorted,parity-exact,exact,exact,160.01,179.39,0.892,,,Both candidate and baseline produced exact results
fuzz5_0405_semi__fz_date,parity-exact,exact,exact,342.97,226.7,1.513,,,Both candidate and baseline produced exact results
fuzz5_0406_semi__fz_pos_deletes,parity-exact,exact,exact,617.83,621.93,0.993,,,Both candidate and baseline produced exact results
fuzz5_0407_semi__fz_skewed,parity-exact,exact,exact,222.79,189.21,1.177,,,Both candidate and baseline produced exact results
fuzz5_0408_join_min__fz_overlap,parity-exact,exact,exact,276.17,231.17,1.195,,,Both candidate and baseline produced exact results
fuzz5_0409_join_min__fz_unsorted,parity-exact,exact,exact,222.92,342.23,0.651,,,Both candidate and baseline produced exact results
fuzz5_0410_join__fz_pos_deletes,parity-exact,exact,exact,185.69,169.25,1.097,,,Both candidate and baseline produced exact results
fuzz5_0411_join_topk__fz_pos_deletes,parity-exact,exact,exact,1093.5,1060.07,1.032,,,Both candidate and baseline produced exact results
fuzz5_0412_join_topk__fz_unsorted,parity-exact,exact,exact,232.99,184.33,1.264,,,Both candidate and baseline produced exact results
fuzz5_0413_topk__fz_unsorted,parity-exact,exact,exact,159.18,87.22,1.825,,,Both candidate and baseline produced exact results
fuzz5_0414_minmax__fz_nulls,parity-exact,exact,exact,74.06,66.39,1.116,,,Both candidate and baseline produced exact results
fuzz5_0415_join_min__fz_overlap,parity-exact,exact,exact,100.7,94.51,1.066,,,Both candidate and baseline produced exact results
fuzz5_0416_minmax__fz_evolved,parity-exact,exact,exact,113.22,117.9,0.96,,,Both candidate and baseline produced exact results
fuzz5_0417_semi__fz_reversed_files,parity-exact,exact,exact,262.93,189.55,1.387,,,Both candidate and baseline produced exact results
fuzz5_0418_minmax__fz_pos_deletes,parity-exact,exact,exact,96.41,105.08,0.918,,,Both candidate and baseline produced exact results
fuzz5_0419_topk__fz_small_rg,parity-exact,exact,exact,587.89,429.76,1.368,,,Both candidate and baseline produced exact results
fuzz5_0420_topk__fz_snapshots,parity-exact,exact,exact,544.25,185.32,2.937,,,Both candidate and baseline produced exact results
fuzz5_0421_semi__fz_nan,parity-exact,exact,exact,442.61,405.94,1.09,,,Both candidate and baseline produced exact results
fuzz5_0422_minmax__fz_part_evolved,parity-exact,exact,exact,105.79,100.66,1.051,,,Both candidate and baseline produced exact results
fuzz5_0423_join_min__fz_reversed_files,parity-exact,exact,exact,301.71,205.99,1.465,,,Both candidate and baseline produced exact results
fuzz5_0424_join__fz_snapshots,parity-exact,exact,exact,682.14,334.69,2.038,,,Both candidate and baseline produced exact results
fuzz5_0425_join_topk__fz_reversed_files,parity-exact,exact,exact,407.13,232.48,1.751,,,Both candidate and baseline produced exact results
fuzz5_0426_topk__fz_sorted,parity-exact,exact,exact,176.59,125.87,1.403,,,Both candidate and baseline produced exact results
fuzz5_0427_semi__fz_skewed,parity-exact,exact,exact,163.06,166.74,0.978,,,Both candidate and baseline produced exact results
fuzz5_0428_join_topk__fz_small_rg,parity-exact,exact,exact,676.75,611.67,1.106,,,Both candidate and baseline produced exact results
fuzz5_0429_join__fz_evolved,parity-exact,exact,exact,232.34,277.26,0.838,,,Both candidate and baseline produced exact results
fuzz5_0430_join__fz_date,parity-exact,exact,exact,247.74,191.98,1.29,,,Both candidate and baseline produced exact results
fuzz5_0431_filtered_topk__fz_pos_deletes,parity-exact,exact,exact,215.87,166.41,1.297,,,Both candidate and baseline produced exact results
fuzz5_0432_join__fz_sorted,parity-exact,exact,exact,430.03,485.93,0.885,,,Both candidate and baseline produced exact results
fuzz5_0433_join_topk__fz_overlap,parity-exact,exact,exact,197.76,272.26,0.726,,,Both candidate and baseline produced exact results
fuzz5_0434_topk__fz_evolved,parity-exact,exact,exact,82.65,75.97,1.088,,,Both candidate and baseline produced exact results
fuzz5_0435_topk__fz_snapshots,parity-exact,exact,exact,374.35,121.73,3.075,,,Both candidate and baseline produced exact results
fuzz5_0436_semi__fz_reversed_files,parity-exact,exact,exact,292.76,297.78,0.983,,,Both candidate and baseline produced exact results
fuzz5_0437_join_min__fz_overlap,parity-exact,exact,exact,193.7,180.12,1.075,,,Both candidate and baseline produced exact results
fuzz5_0438_join_min__fz_part_evolved,parity-exact,exact,exact,509.34,727.14,0.7,,,Both candidate and baseline produced exact results
fuzz5_0439_join_min__fz_reversed_files,parity-exact,exact,exact,216.66,227.84,0.951,,,Both candidate and baseline produced exact results
fuzz5_0440_topk__fz_unsorted,parity-exact,exact,exact,732.31,399.15,1.835,,,Both candidate and baseline produced exact results
fuzz5_0441_topk__fz_part_evolved,parity-exact,exact,exact,198.26,145.13,1.366,,,Both candidate and baseline produced exact results
fuzz5_0442_topk__fz_nulls,parity-exact,exact,exact,262.21,68.14,3.848,,,Both candidate and baseline produced exact results
fuzz5_0443_join__fz_str,parity-exact,exact,exact,306.51,320.38,0.957,,,Both candidate and baseline produced exact results
fuzz5_0444_minmax__fz_nulls,parity-exact,exact,exact,104.8,115.63,0.906,,,Both candidate and baseline produced exact results
fuzz5_0445_topk__fz_sorted,parity-exact,exact,exact,122.83,126.34,0.972,,,Both candidate and baseline produced exact results
fuzz5_0446_join_topk__fz_part_evolved,parity-exact,exact,exact,4589.41,4673.35,0.982,,,Both candidate and baseline produced exact results
fuzz5_0447_semi__fz_overlap,parity-exact,exact,exact,320.86,218.87,1.466,,,Both candidate and baseline produced exact results
fuzz5_0448_join_topk__fz_overlap,parity-exact,exact,exact,169.91,385.39,0.441,,,Both candidate and baseline produced exact results
fuzz5_0449_join__fz_skewed,parity-exact,exact,exact,181.25,169.71,1.068,,,Both candidate and baseline produced exact results
fuzz5_0450_topk__fz_pos_deletes,parity-exact,exact,exact,447.06,124.56,3.589,,,Both candidate and baseline produced exact results
fuzz5_0451_filtered_topk__fz_dec,parity-exact,exact,exact,94.9,136.73,0.694,,,Both candidate and baseline produced exact results
fuzz5_0452_minmax__fz_reversed_files,parity-exact,exact,exact,71.77,67.4,1.065,,,Both candidate and baseline produced exact results
fuzz5_0453_join_min__fz_small_rg,parity-exact,exact,exact,277.45,337.02,0.823,,,Both candidate and baseline produced exact results
fuzz5_0454_join_topk__fz_dec,parity-exact,exact,exact,275.17,249.71,1.102,,,Both candidate and baseline produced exact results
fuzz5_0455_minmax__fz_nulls,parity-exact,exact,exact,86.08,66.78,1.289,,,Both candidate and baseline produced exact results
fuzz5_0456_minmax__fz_dec,parity-exact,exact,exact,111.24,93.48,1.19,,,Both candidate and baseline produced exact results
fuzz5_0457_join_topk__fz_date,parity-exact,exact,exact,120.55,115.95,1.04,,,Both candidate and baseline produced exact results
fuzz5_0458_join__fz_date,parity-exact,exact,exact,602.07,353.4,1.704,,,Both candidate and baseline produced exact results
fuzz5_0459_join_topk__fz_nulls,parity-exact,exact,exact,803.24,418.9,1.918,,,Both candidate and baseline produced exact results
fuzz5_0460_minmax__fz_part_evolved,parity-exact,exact,exact,166.34,145.76,1.141,,,Both candidate and baseline produced exact results
fuzz5_0461_filtered_topk__fz_overlap,parity-exact,exact,exact,184.28,144.78,1.273,,,Both candidate and baseline produced exact results
fuzz5_0462_join_min__fz_str,parity-exact,exact,exact,164.31,222.51,0.738,,,Both candidate and baseline produced exact results
fuzz5_0463_topk__fz_sorted,parity-exact,exact,exact,735.41,214.15,3.434,,,Both candidate and baseline produced exact results
fuzz5_0464_filtered_topk__fz_reversed_files,parity-exact,exact,exact,301.37,122.96,2.451,,,Both candidate and baseline produced exact results
fuzz5_0465_join_topk__fz_overlap,parity-exact,exact,exact,277.83,278.35,0.998,,,Both candidate and baseline produced exact results
fuzz5_0466_minmax__fz_reversed_files,parity-exact,exact,exact,223.04,119.34,1.869,,,Both candidate and baseline produced exact results
fuzz5_0467_filtered_topk__fz_str,parity-exact,exact,exact,342.3,421.5,0.812,,,Both candidate and baseline produced exact results
fuzz5_0468_join_topk__fz_updated,parity-exact,exact,exact,234.88,239.5,0.981,,,Both candidate and baseline produced exact results
fuzz5_0469_join_min__fz_overlap,parity-exact,exact,exact,178.49,231.23,0.772,,,Both candidate and baseline produced exact results
fuzz5_0470_join__fz_small_rg,parity-exact,exact,exact,259.0,229.16,1.13,,,Both candidate and baseline produced exact results
fuzz5_0471_join__fz_snapshots,parity-exact,exact,exact,286.97,309.88,0.926,,,Both candidate and baseline produced exact results
fuzz5_0472_topk__fz_reversed_files,parity-exact,exact,exact,183.06,62.34,2.937,,,Both candidate and baseline produced exact results
fuzz5_0473_minmax__fz_overlap,parity-exact,exact,exact,118.45,126.91,0.933,,,Both candidate and baseline produced exact results
fuzz5_0474_topk__fz_snapshots,parity-exact,exact,exact,459.2,210.56,2.181,,,Both candidate and baseline produced exact results
fuzz5_0475_filtered_topk__fz_date,parity-exact,exact,exact,143.68,91.94,1.563,,,Both candidate and baseline produced exact results
fuzz5_0476_minmax__fz_sorted,parity-exact,exact,exact,126.15,112.22,1.124,,,Both candidate and baseline produced exact results
fuzz5_0477_join_min__fz_overlap,parity-exact,exact,exact,466.02,342.0,1.363,,,Both candidate and baseline produced exact results
fuzz5_0478_minmax__fz_small_rg,parity-exact,exact,exact,157.14,136.4,1.152,,,Both candidate and baseline produced exact results
fuzz5_0479_filtered_topk__fz_long,parity-exact,exact,exact,104.24,113.85,0.916,,,Both candidate and baseline produced exact results
fuzz5_0480_join_min__fz_updated,parity-exact,exact,exact,201.71,218.29,0.924,,,Both candidate and baseline produced exact results
fuzz5_0481_filtered_topk__fz_dec,parity-exact,exact,exact,308.23,342.95,0.899,,,Both candidate and baseline produced exact results
fuzz5_0482_topk__fz_updated,parity-exact,exact,exact,130.99,124.87,1.049,,,Both candidate and baseline produced exact results
fuzz5_0483_semi__fz_dec,parity-exact,exact,exact,456.9,519.57,0.879,,,Both candidate and baseline produced exact results
fuzz5_0484_topk__fz_sorted,parity-exact,exact,exact,472.93,91.44,5.172,,,Both candidate and baseline produced exact results
fuzz5_0485_semi__fz_evolved,parity-exact,exact,exact,201.73,231.31,0.872,,,Both candidate and baseline produced exact results
fuzz5_0486_join__fz_skewed,parity-exact,exact,exact,201.11,205.48,0.979,,,Both candidate and baseline produced exact results
fuzz5_0487_join__fz_date,parity-exact,exact,exact,237.84,202.35,1.175,,,Both candidate and baseline produced exact results
fuzz5_0488_filtered_topk__fz_dec,parity-exact,exact,exact,202.28,241.32,0.838,,,Both candidate and baseline produced exact results
fuzz5_0489_join_min__fz_evolved,parity-exact,exact,exact,163.05,150.09,1.086,,,Both candidate and baseline produced exact results
fuzz5_0490_join_topk__fz_dec,parity-exact,exact,exact,524.76,526.04,0.998,,,Both candidate and baseline produced exact results
fuzz5_0491_join__fz_dec,parity-exact,exact,exact,631.04,472.49,1.336,,,Both candidate and baseline produced exact results
fuzz5_0492_filtered_topk__fz_updated,parity-exact,exact,exact,285.16,313.26,0.91,,,Both candidate and baseline produced exact results
fuzz5_0493_topk__fz_overlap,parity-exact,exact,exact,104.44,78.73,1.327,,,Both candidate and baseline produced exact results
fuzz5_0494_join__fz_nulls,parity-exact,exact,exact,243.87,256.25,0.952,,,Both candidate and baseline produced exact results
fuzz5_0495_minmax__fz_dec,parity-exact,exact,exact,167.82,233.85,0.718,,,Both candidate and baseline produced exact results
fuzz5_0496_semi__fz_small_rg,parity-exact,exact,exact,375.55,287.8,1.305,,,Both candidate and baseline produced exact results
fuzz5_0497_topk__fz_nulls,parity-exact,exact,exact,157.9,144.93,1.089,,,Both candidate and baseline produced exact results
fuzz5_0498_join_min__fz_date,parity-exact,exact,exact,219.56,251.97,0.871,,,Both candidate and baseline produced exact results
fuzz5_0499_filtered_topk__fz_unsorted,parity-exact,exact,exact,196.13,175.83,1.115,,,Both candidate and baseline produced exact results
fuzz6_0000_join_min__fz_evolved,parity-exact,exact,exact,413.62,401.49,1.03,,,Both candidate and baseline produced exact results
fuzz6_0001_join_min__fz_nan,parity-exact,exact,exact,725.96,585.2,1.241,,,Both candidate and baseline produced exact results
fuzz6_0002_join__fz_skewed,parity-exact,exact,exact,243.23,240.47,1.011,,,Both candidate and baseline produced exact results
fuzz6_0003_join_topk__fz_overlap,parity-exact,exact,exact,202.41,185.24,1.093,,,Both candidate and baseline produced exact results
fuzz6_0004_join__fz_pos_deletes,parity-exact,exact,exact,192.19,165.79,1.159,,,Both candidate and baseline produced exact results
fuzz6_0005_join_min__fz_small_rg,parity-exact,exact,exact,254.85,370.41,0.688,,,Both candidate and baseline produced exact results
fuzz6_0006_join__fz_updated,parity-exact,exact,exact,226.36,262.9,0.861,,,Both candidate and baseline produced exact results
fuzz6_0007_join_topk__fz_part_evolved,parity-exact,exact,exact,71.21,82.5,0.863,,,Both candidate and baseline produced exact results
fuzz6_0008_join__fz_long,parity-exact,exact,exact,119.0,93.41,1.274,,,Both candidate and baseline produced exact results
fuzz6_0009_topk__fz_updated,parity-exact,exact,exact,279.65,170.74,1.638,,,Both candidate and baseline produced exact results
fuzz6_0010_join_min__fz_snapshots,parity-exact,exact,exact,481.66,296.11,1.627,,,Both candidate and baseline produced exact results
fuzz6_0011_join__fz_updated,parity-exact,exact,exact,390.28,402.23,0.97,,,Both candidate and baseline produced exact results
fuzz6_0012_filtered_topk__fz_skewed,parity-exact,exact,exact,55.4,52.49,1.056,,,Both candidate and baseline produced exact results
fuzz6_0013_join_topk__fz_small_rg,parity-exact,exact,exact,516.85,527.9,0.979,,,Both candidate and baseline produced exact results
fuzz6_0014_semi__fz_dec,parity-exact,exact,exact,474.6,603.83,0.786,,,Both candidate and baseline produced exact results
fuzz6_0015_topk__fz_long,parity-exact,exact,exact,463.36,86.79,5.339,,,Both candidate and baseline produced exact results
fuzz6_0016_join_min__fz_updated,parity-exact,exact,exact,234.55,249.56,0.94,,,Both candidate and baseline produced exact results
fuzz6_0017_join_min__fz_sorted,parity-exact,exact,exact,239.35,217.5,1.1,,,Both candidate and baseline produced exact results
fuzz6_0018_join_min__fz_unsorted,parity-exact,exact,exact,336.09,340.2,0.988,,,Both candidate and baseline produced exact results
fuzz6_0019_join_min__fz_reversed_files,parity-exact,exact,exact,312.65,244.07,1.281,,,Both candidate and baseline produced exact results
fuzz6_0020_join_topk__fz_nulls,parity-exact,exact,exact,260.84,198.77,1.312,,,Both candidate and baseline produced exact results
fuzz6_0021_semi__fz_unsorted,parity-exact,exact,exact,460.12,506.95,0.908,,,Both candidate and baseline produced exact results
fuzz6_0022_join__fz_str,parity-exact,exact,exact,257.1,249.8,1.029,,,Both candidate and baseline produced exact results
fuzz6_0023_minmax__fz_long,parity-exact,exact,exact,64.34,68.98,0.933,,,Both candidate and baseline produced exact results
fuzz6_0024_topk__fz_dec,parity-exact,exact,exact,370.18,360.01,1.028,,,Both candidate and baseline produced exact results
fuzz6_0025_filtered_topk__fz_sorted,parity-exact,exact,exact,215.53,194.21,1.11,,,Both candidate and baseline produced exact results
fuzz6_0026_join__fz_part_evolved,parity-exact,exact,exact,236.2,282.31,0.837,,,Both candidate and baseline produced exact results
fuzz6_0027_minmax__fz_part_evolved,parity-exact,exact,exact,98.1,130.17,0.754,,,Both candidate and baseline produced exact results
fuzz6_0028_join__fz_long,parity-exact,exact,exact,243.19,252.5,0.963,,,Both candidate and baseline produced exact results
fuzz6_0029_join__fz_evolved,parity-exact,exact,exact,580.54,671.17,0.865,,,Both candidate and baseline produced exact results
fuzz6_0030_join__fz_nan,parity-exact,exact,exact,622.54,667.6,0.933,,,Both candidate and baseline produced exact results
fuzz6_0031_join_min__fz_pos_deletes,parity-exact,exact,exact,167.79,166.43,1.008,,,Both candidate and baseline produced exact results
fuzz6_0032_filtered_topk__fz_part_evolved,parity-exact,exact,exact,107.38,103.6,1.036,,,Both candidate and baseline produced exact results
fuzz6_0033_minmax__fz_skewed,parity-exact,exact,exact,78.41,79.82,0.982,,,Both candidate and baseline produced exact results
fuzz6_0034_join_topk__fz_overlap,parity-exact,exact,exact,501.47,445.63,1.125,,,Both candidate and baseline produced exact results
fuzz6_0035_filtered_topk__fz_snapshots,parity-exact,exact,exact,405.3,325.49,1.245,,,Both candidate and baseline produced exact results
fuzz6_0036_semi__fz_evolved,parity-exact,exact,exact,229.47,199.05,1.153,,,Both candidate and baseline produced exact results
fuzz6_0037_filtered_topk__fz_nulls,parity-exact,exact,exact,90.88,83.68,1.086,,,Both candidate and baseline produced exact results
fuzz6_0038_semi__fz_reversed_files,parity-exact,exact,exact,316.53,168.57,1.878,,,Both candidate and baseline produced exact results
fuzz6_0039_topk__fz_snapshots,parity-exact,exact,exact,361.26,143.59,2.516,,,Both candidate and baseline produced exact results
fuzz6_0040_topk__fz_skewed,parity-exact,exact,exact,77.29,60.72,1.273,,,Both candidate and baseline produced exact results
fuzz6_0041_minmax__fz_overlap,parity-exact,exact,exact,164.98,119.81,1.377,,,Both candidate and baseline produced exact results
fuzz6_0042_filtered_topk__fz_snapshots,parity-exact,exact,exact,770.09,331.09,2.326,,,Both candidate and baseline produced exact results
fuzz6_0043_filtered_topk__fz_part_evolved,parity-exact,exact,exact,127.63,108.43,1.177,,,Both candidate and baseline produced exact results
fuzz6_0044_semi__fz_pos_deletes,parity-exact,exact,exact,340.43,204.49,1.665,,,Both candidate and baseline produced exact results
fuzz6_0045_join_topk__fz_nan,parity-exact,exact,exact,781.31,906.82,0.862,,,Both candidate and baseline produced exact results
fuzz6_0046_join__fz_dec,parity-exact,exact,exact,323.52,338.87,0.955,,,Both candidate and baseline produced exact results
fuzz6_0047_minmax__fz_long,parity-exact,exact,exact,102.82,108.68,0.946,,,Both candidate and baseline produced exact results
fuzz6_0048_join_topk__fz_part_evolved,parity-exact,exact,exact,284.47,260.33,1.093,,,Both candidate and baseline produced exact results
fuzz6_0049_semi__fz_dec,parity-exact,exact,exact,426.18,400.67,1.064,,,Both candidate and baseline produced exact results
fuzz6_0050_join__fz_long,parity-exact,exact,exact,271.43,253.15,1.072,,,Both candidate and baseline produced exact results
fuzz6_0051_join__fz_dec,parity-exact,exact,exact,726.22,483.31,1.503,,,Both candidate and baseline produced exact results
fuzz6_0052_topk__fz_sorted,parity-exact,exact,exact,351.98,82.15,4.285,,,Both candidate and baseline produced exact results
fuzz6_0053_topk__fz_overlap,parity-exact,exact,exact,82.92,127.89,0.648,,,Both candidate and baseline produced exact results
fuzz6_0054_join__fz_updated,parity-exact,exact,exact,264.82,310.4,0.853,,,Both candidate and baseline produced exact results
fuzz6_0055_minmax__fz_dec,parity-exact,exact,exact,217.8,232.84,0.935,,,Both candidate and baseline produced exact results
fuzz6_0056_minmax__fz_date,parity-exact,exact,exact,65.98,71.13,0.928,,,Both candidate and baseline produced exact results
fuzz6_0057_minmax__fz_dec,parity-exact,exact,exact,161.52,187.68,0.861,,,Both candidate and baseline produced exact results
fuzz6_0058_join_min__fz_evolved,parity-exact,exact,exact,179.95,232.77,0.773,,,Both candidate and baseline produced exact results
fuzz6_0059_topk__fz_evolved,parity-exact,exact,exact,117.24,87.03,1.347,,,Both candidate and baseline produced exact results
fuzz6_0060_topk__fz_nulls,parity-exact,exact,exact,710.65,174.57,4.071,,,Both candidate and baseline produced exact results
fuzz6_0061_join_min__fz_updated,parity-exact,exact,exact,295.66,205.91,1.436,,,Both candidate and baseline produced exact results
fuzz6_0062_join__fz_reversed_files,parity-exact,exact,exact,359.81,338.64,1.063,,,Both candidate and baseline produced exact results
fuzz6_0063_join__fz_nulls,parity-exact,exact,exact,373.58,629.88,0.593,,,Both candidate and baseline produced exact results
fuzz6_0064_join_topk__fz_nan,parity-exact,exact,exact,262.57,260.0,1.01,,,Both candidate and baseline produced exact results
fuzz6_0065_topk__fz_unsorted,parity-exact,exact,exact,607.58,313.9,1.936,,,Both candidate and baseline produced exact results
fuzz6_0066_minmax__fz_date,parity-exact,exact,exact,80.99,61.13,1.325,,,Both candidate and baseline produced exact results
fuzz6_0067_minmax__fz_reversed_files,parity-exact,exact,exact,211.44,95.59,2.212,,,Both candidate and baseline produced exact results
fuzz6_0068_topk__fz_date,parity-exact,exact,exact,98.2,88.57,1.109,,,Both candidate and baseline produced exact results
fuzz6_0069_topk__fz_evolved,parity-exact,exact,exact,283.88,149.91,1.894,,,Both candidate and baseline produced exact results
fuzz6_0070_join__fz_updated,parity-exact,exact,exact,194.64,206.06,0.945,,,Both candidate and baseline produced exact results
fuzz6_0071_join_min__fz_updated,parity-exact,exact,exact,267.98,385.51,0.695,,,Both candidate and baseline produced exact results
fuzz6_0072_topk__fz_snapshots,parity-exact,exact,exact,740.25,247.71,2.988,,,Both candidate and baseline produced exact results
fuzz6_0073_join__fz_dec,parity-exact,exact,exact,204.08,349.63,0.584,,,Both candidate and baseline produced exact results
fuzz6_0074_filtered_topk__fz_nan,parity-exact,exact,exact,148.48,150.96,0.984,,,Both candidate and baseline produced exact results
fuzz6_0075_join__fz_evolved,parity-exact,exact,exact,166.41,173.0,0.962,,,Both candidate and baseline produced exact results
fuzz6_0076_semi__fz_part_evolved,parity-exact,exact,exact,257.76,235.97,1.092,,,Both candidate and baseline produced exact results
fuzz6_0077_join_min__fz_unsorted,parity-exact,exact,exact,101.83,129.09,0.789,,,Both candidate and baseline produced exact results
fuzz6_0078_semi__fz_long,parity-exact,exact,exact,127.43,135.53,0.94,,,Both candidate and baseline produced exact results
fuzz6_0079_join_min__fz_date,parity-exact,exact,exact,255.35,196.65,1.298,,,Both candidate and baseline produced exact results
fuzz6_0080_join__fz_skewed,parity-exact,exact,exact,204.69,164.9,1.241,,,Both candidate and baseline produced exact results
fuzz6_0081_join_topk__fz_long,parity-exact,exact,exact,149.92,168.83,0.888,,,Both candidate and baseline produced exact results
fuzz6_0082_semi__fz_small_rg,parity-exact,exact,exact,593.24,337.29,1.759,,,Both candidate and baseline produced exact results
fuzz6_0083_join_topk__fz_unsorted,parity-exact,exact,exact,2135.36,2234.38,0.956,,,Both candidate and baseline produced exact results
fuzz6_0084_semi__fz_date,parity-exact,exact,exact,192.94,166.13,1.161,,,Both candidate and baseline produced exact results
fuzz6_0085_topk__fz_unsorted,parity-exact,exact,exact,95.45,67.24,1.42,,,Both candidate and baseline produced exact results
fuzz6_0086_filtered_topk__fz_overlap,parity-exact,exact,exact,80.67,100.68,0.801,,,Both candidate and baseline produced exact results
fuzz6_0087_topk__fz_skewed,parity-exact,exact,exact,524.11,97.21,5.391,,,Both candidate and baseline produced exact results
fuzz6_0088_filtered_topk__fz_str,parity-exact,exact,exact,141.37,86.62,1.632,,,Both candidate and baseline produced exact results
fuzz6_0089_topk__fz_updated,parity-exact,exact,exact,210.11,203.58,1.032,,,Both candidate and baseline produced exact results
fuzz6_0090_semi__fz_pos_deletes,parity-exact,exact,exact,238.82,179.73,1.329,,,Both candidate and baseline produced exact results
fuzz6_0091_topk__fz_overlap,parity-exact,exact,exact,222.06,186.69,1.189,,,Both candidate and baseline produced exact results
fuzz6_0092_topk__fz_pos_deletes,parity-exact,exact,exact,713.04,244.55,2.916,,,Both candidate and baseline produced exact results
fuzz6_0093_join__fz_date,parity-exact,exact,exact,251.8,382.73,0.658,,,Both candidate and baseline produced exact results
fuzz6_0094_join_min__fz_nulls,parity-exact,exact,exact,178.37,179.41,0.994,,,Both candidate and baseline produced exact results
fuzz6_0095_join_topk__fz_unsorted,parity-exact,exact,exact,290.5,202.52,1.434,,,Both candidate and baseline produced exact results
fuzz6_0096_join_topk__fz_evolved,parity-exact,exact,exact,397.33,321.93,1.234,,,Both candidate and baseline produced exact results
fuzz6_0097_topk__fz_str,parity-exact,exact,exact,120.09,126.68,0.948,,,Both candidate and baseline produced exact results
fuzz6_0098_topk__fz_updated,parity-exact,exact,exact,672.75,365.69,1.84,,,Both candidate and baseline produced exact results
fuzz6_0099_join__fz_small_rg,parity-exact,exact,exact,191.86,183.59,1.045,,,Both candidate and baseline produced exact results
fuzz6_0100_semi__fz_sorted,parity-exact,exact,exact,399.25,379.27,1.053,,,Both candidate and baseline produced exact results
fuzz6_0101_minmax__fz_updated,parity-exact,exact,exact,98.53,96.65,1.019,,,Both candidate and baseline produced exact results
fuzz6_0102_join__fz_long,parity-exact,exact,exact,328.48,289.01,1.137,,,Both candidate and baseline produced exact results
fuzz6_0103_topk__fz_reversed_files,parity-exact,exact,exact,210.48,66.64,3.158,,,Both candidate and baseline produced exact results
fuzz6_0104_topk__fz_nan,parity-exact,exact,exact,96.0,96.2,0.998,,,Both candidate and baseline produced exact results
fuzz6_0105_filtered_topk__fz_nan,parity-exact,exact,exact,998.47,856.04,1.166,,,Both candidate and baseline produced exact results
fuzz6_0106_join_min__fz_pos_deletes,parity-exact,exact,exact,172.61,177.07,0.975,,,Both candidate and baseline produced exact results
fuzz6_0107_semi__fz_nulls,parity-exact,exact,exact,227.46,223.16,1.019,,,Both candidate and baseline produced exact results
fuzz6_0108_minmax__fz_overlap,parity-exact,exact,exact,74.91,64.65,1.159,,,Both candidate and baseline produced exact results
fuzz6_0109_join_min__fz_unsorted,parity-exact,exact,exact,469.35,636.72,0.737,,,Both candidate and baseline produced exact results
fuzz6_0110_filtered_topk__fz_nulls,parity-exact,exact,exact,144.15,130.22,1.107,,,Both candidate and baseline produced exact results
fuzz6_0111_topk__fz_snapshots,parity-exact,exact,exact,306.51,143.81,2.131,,,Both candidate and baseline produced exact results
fuzz6_0112_topk__fz_overlap,parity-exact,exact,exact,208.22,172.61,1.206,,,Both candidate and baseline produced exact results
fuzz6_0113_join__fz_snapshots,parity-exact,exact,exact,412.21,237.11,1.738,,,Both candidate and baseline produced exact results
fuzz6_0114_minmax__fz_skewed,parity-exact,exact,exact,126.93,116.63,1.088,,,Both candidate and baseline produced exact results
fuzz6_0115_topk__fz_snapshots,parity-exact,exact,exact,532.95,194.59,2.739,,,Both candidate and baseline produced exact results
fuzz6_0116_semi__fz_sorted,parity-exact,exact,exact,373.58,260.94,1.432,,,Both candidate and baseline produced exact results
fuzz6_0117_topk__fz_unsorted,parity-exact,exact,exact,224.92,151.01,1.489,,,Both candidate and baseline produced exact results
fuzz6_0118_join_topk__fz_small_rg,parity-exact,exact,exact,301.76,291.94,1.034,,,Both candidate and baseline produced exact results
fuzz6_0119_join__fz_date,parity-exact,exact,exact,362.86,365.43,0.993,,,Both candidate and baseline produced exact results
fuzz6_0120_join_min__fz_evolved,parity-exact,exact,exact,152.36,173.46,0.878,,,Both candidate and baseline produced exact results
fuzz6_0121_minmax__fz_date,parity-exact,exact,exact,101.83,112.16,0.908,,,Both candidate and baseline produced exact results
fuzz6_0122_join__fz_small_rg,parity-exact,exact,exact,271.77,321.96,0.844,,,Both candidate and baseline produced exact results
fuzz6_0123_join__fz_date,parity-exact,exact,exact,221.35,212.5,1.042,,,Both candidate and baseline produced exact results
fuzz6_0124_join_min__fz_sorted,parity-exact,exact,exact,211.62,252.5,0.838,,,Both candidate and baseline produced exact results
fuzz6_0125_minmax__fz_overlap,parity-exact,exact,exact,68.25,58.18,1.173,,,Both candidate and baseline produced exact results
fuzz6_0126_topk__fz_part_evolved,parity-exact,exact,exact,122.42,84.13,1.455,,,Both candidate and baseline produced exact results
fuzz6_0127_semi__fz_small_rg,parity-exact,exact,exact,490.57,873.2,0.562,,,Both candidate and baseline produced exact results
fuzz6_0128_filtered_topk__fz_dec,parity-exact,exact,exact,288.02,327.9,0.878,,,Both candidate and baseline produced exact results
fuzz6_0129_join__fz_updated,parity-exact,exact,exact,571.19,232.69,2.455,,,Both candidate and baseline produced exact results
fuzz6_0130_join__fz_date,parity-exact,exact,exact,252.38,195.28,1.292,,,Both candidate and baseline produced exact results
fuzz6_0131_topk__fz_long,parity-exact,exact,exact,108.39,70.28,1.542,,,Both candidate and baseline produced exact results
fuzz6_0132_semi__fz_skewed,parity-exact,exact,exact,335.88,317.23,1.059,,,Both candidate and baseline produced exact results
fuzz6_0133_join__fz_reversed_files,parity-exact,exact,exact,293.73,250.77,1.171,,,Both candidate and baseline produced exact results
fuzz6_0134_join_topk__fz_reversed_files,parity-exact,exact,exact,529.13,581.74,0.91,,,Both candidate and baseline produced exact results
fuzz6_0135_minmax__fz_sorted,parity-exact,exact,exact,174.54,121.73,1.434,,,Both candidate and baseline produced exact results
fuzz6_0136_minmax__fz_small_rg,parity-exact,exact,exact,149.11,204.76,0.728,,,Both candidate and baseline produced exact results
fuzz6_0137_topk__fz_sorted,parity-exact,exact,exact,323.88,79.61,4.068,,,Both candidate and baseline produced exact results
fuzz6_0138_filtered_topk__fz_str,parity-exact,exact,exact,219.44,224.76,0.976,,,Both candidate and baseline produced exact results
fuzz6_0139_join__fz_nan,parity-exact,exact,exact,585.19,655.43,0.893,,,Both candidate and baseline produced exact results
fuzz6_0140_topk__fz_date,parity-exact,exact,exact,271.0,83.11,3.261,,,Both candidate and baseline produced exact results
fuzz6_0141_join_topk__fz_unsorted,parity-exact,exact,exact,291.19,369.81,0.787,,,Both candidate and baseline produced exact results
fuzz6_0142_filtered_topk__fz_reversed_files,parity-exact,exact,exact,511.6,341.5,1.498,,,Both candidate and baseline produced exact results
fuzz6_0143_topk__fz_nan,parity-exact,exact,exact,982.43,978.29,1.004,,,Both candidate and baseline produced exact results
fuzz6_0144_join__fz_long,parity-exact,exact,exact,215.52,194.47,1.108,,,Both candidate and baseline produced exact results
fuzz6_0145_join__fz_overlap,parity-exact,exact,exact,200.13,200.89,0.996,,,Both candidate and baseline produced exact results
fuzz6_0146_topk__fz_skewed,parity-exact,exact,exact,740.6,239.23,3.096,,,Both candidate and baseline produced exact results
fuzz6_0147_semi__fz_dec,parity-exact,exact,exact,478.15,504.38,0.948,,,Both candidate and baseline produced exact results
fuzz6_0148_filtered_topk__fz_part_evolved,parity-exact,exact,exact,98.82,107.71,0.917,,,Both candidate and baseline produced exact results
fuzz6_0149_topk__fz_nulls,parity-exact,exact,exact,124.11,93.26,1.331,,,Both candidate and baseline produced exact results
fuzz6_0150_semi__fz_part_evolved,parity-exact,exact,exact,305.54,319.35,0.957,,,Both candidate and baseline produced exact results
fuzz6_0151_join__fz_str,parity-exact,exact,exact,254.88,238.23,1.07,,,Both candidate and baseline produced exact results
fuzz6_0152_minmax__fz_dec,parity-exact,exact,exact,153.88,138.39,1.112,,,Both candidate and baseline produced exact results
fuzz6_0153_topk__fz_updated,parity-exact,exact,exact,354.54,261.64,1.355,,,Both candidate and baseline produced exact results
fuzz6_0154_filtered_topk__fz_snapshots,parity-exact,exact,exact,263.58,119.81,2.2,,,Both candidate and baseline produced exact results
fuzz6_0155_join__fz_dec,parity-exact,exact,exact,628.91,741.48,0.848,,,Both candidate and baseline produced exact results
fuzz6_0156_topk__fz_long,parity-exact,exact,exact,141.48,92.75,1.525,,,Both candidate and baseline produced exact results
fuzz6_0157_minmax__fz_unsorted,parity-exact,exact,exact,107.65,111.68,0.964,,,Both candidate and baseline produced exact results
fuzz6_0158_filtered_topk__fz_sorted,parity-exact,exact,exact,105.17,104.85,1.003,,,Both candidate and baseline produced exact results
fuzz6_0159_join_topk__fz_long,parity-exact,exact,exact,114.97,167.88,0.685,,,Both candidate and baseline produced exact results
fuzz6_0160_filtered_topk__fz_pos_deletes,parity-exact,exact,exact,117.99,115.32,1.023,,,Both candidate and baseline produced exact results
fuzz6_0161_minmax__fz_part_evolved,parity-exact,exact,exact,147.47,147.95,0.997,,,Both candidate and baseline produced exact results
fuzz6_0162_join_topk__fz_pos_deletes,parity-exact,exact,exact,176.86,163.16,1.084,,,Both candidate and baseline produced exact results
fuzz6_0163_join__fz_nulls,parity-exact,exact,exact,207.77,276.1,0.753,,,Both candidate and baseline produced exact results
fuzz6_0164_join__fz_skewed,parity-exact,exact,exact,196.7,275.13,0.715,,,Both candidate and baseline produced exact results
fuzz6_0165_topk__fz_long,parity-exact,exact,exact,143.25,89.32,1.604,,,Both candidate and baseline produced exact results
fuzz6_0166_join__fz_overlap,parity-exact,exact,exact,216.91,219.42,0.989,,,Both candidate and baseline produced exact results
fuzz6_0167_join_topk__fz_skewed,parity-exact,exact,exact,325.98,240.83,1.354,,,Both candidate and baseline produced exact results
fuzz6_0168_join_min__fz_nulls,parity-exact,exact,exact,1364.29,1426.27,0.957,,,Both candidate and baseline produced exact results
fuzz6_0169_topk__fz_sorted,parity-exact,exact,exact,229.06,72.32,3.167,,,Both candidate and baseline produced exact results
fuzz6_0170_topk__fz_date,parity-exact,exact,exact,97.82,74.99,1.304,,,Both candidate and baseline produced exact results
fuzz6_0171_join__fz_reversed_files,parity-exact,exact,exact,318.5,361.25,0.882,,,Both candidate and baseline produced exact results
fuzz6_0172_minmax__fz_small_rg,parity-exact,exact,exact,96.99,90.44,1.072,,,Both candidate and baseline produced exact results
fuzz6_0173_minmax__fz_overlap,parity-exact,exact,exact,110.42,106.29,1.039,,,Both candidate and baseline produced exact results
fuzz6_0174_topk__fz_long,parity-exact,exact,exact,85.71,62.08,1.381,,,Both candidate and baseline produced exact results
fuzz6_0175_minmax__fz_long,parity-exact,exact,exact,108.81,104.43,1.042,,,Both candidate and baseline produced exact results
fuzz6_0176_topk__fz_sorted,parity-exact,exact,exact,169.35,143.06,1.184,,,Both candidate and baseline produced exact results
fuzz6_0177_join__fz_dec,parity-exact,exact,exact,437.08,510.21,0.857,,,Both candidate and baseline produced exact results
fuzz6_0178_semi__fz_dec,parity-exact,exact,exact,870.94,564.64,1.542,,,Both candidate and baseline produced exact results
fuzz6_0179_topk__fz_reversed_files,parity-exact,exact,exact,1055.09,265.26,3.978,,,Both candidate and baseline produced exact results
fuzz6_0180_join__fz_nulls,parity-exact,exact,exact,252.47,320.09,0.789,,,Both candidate and baseline produced exact results
fuzz6_0181_join_topk__fz_updated,parity-exact,exact,exact,578.07,416.83,1.387,,,Both candidate and baseline produced exact results
fuzz6_0182_semi__fz_evolved,parity-exact,exact,exact,270.28,303.84,0.89,,,Both candidate and baseline produced exact results
fuzz6_0183_minmax__fz_part_evolved,parity-exact,exact,exact,108.13,107.21,1.009,,,Both candidate and baseline produced exact results
fuzz6_0184_semi__fz_skewed,parity-exact,exact,exact,167.65,233.49,0.718,,,Both candidate and baseline produced exact results
fuzz6_0185_join_topk__fz_part_evolved,parity-exact,exact,exact,308.54,402.11,0.767,,,Both candidate and baseline produced exact results
fuzz6_0186_minmax__fz_updated,parity-exact,exact,exact,138.06,184.84,0.747,,,Both candidate and baseline produced exact results
fuzz6_0187_minmax__fz_date,parity-exact,exact,exact,92.65,79.14,1.171,,,Both candidate and baseline produced exact results
fuzz6_0188_join__fz_nulls,parity-exact,exact,exact,146.19,162.85,0.898,,,Both candidate and baseline produced exact results
fuzz6_0189_topk__fz_unsorted,parity-exact,exact,exact,860.81,503.45,1.71,,,Both candidate and baseline produced exact results
fuzz6_0190_topk__fz_long,parity-exact,exact,exact,134.42,85.49,1.572,,,Both candidate and baseline produced exact results
fuzz6_0191_join__fz_updated,parity-exact,exact,exact,274.77,272.59,1.008,,,Both candidate and baseline produced exact results
fuzz6_0192_join__fz_snapshots,parity-exact,exact,exact,290.03,252.63,1.148,,,Both candidate and baseline produced exact results
fuzz6_0193_topk__fz_small_rg,parity-exact,exact,exact,539.46,237.7,2.27,,,Both candidate and baseline produced exact results
fuzz6_0194_join_topk__fz_long,parity-exact,exact,exact,198.93,237.61,0.837,,,Both candidate and baseline produced exact results
fuzz6_0195_minmax__fz_nulls,parity-exact,exact,exact,129.88,204.05,0.636,,,Both candidate and baseline produced exact results
fuzz6_0196_topk__fz_reversed_files,parity-exact,exact,exact,340.56,216.24,1.575,,,Both candidate and baseline produced exact results
fuzz6_0197_join__fz_unsorted,parity-exact,exact,exact,763.36,702.07,1.087,,,Both candidate and baseline produced exact results
fuzz6_0198_join_min__fz_nulls,parity-exact,exact,exact,251.63,256.53,0.981,,,Both candidate and baseline produced exact results
fuzz6_0199_minmax__fz_unsorted,parity-exact,exact,exact,89.13,86.55,1.03,,,Both candidate and baseline produced exact results
fuzz6_0200_join__fz_date,parity-exact,exact,exact,777.41,895.54,0.868,,,Both candidate and baseline produced exact results
fuzz6_0201_topk__fz_str,parity-exact,exact,exact,333.81,362.63,0.921,,,Both candidate and baseline produced exact results
fuzz6_0202_topk__fz_pos_deletes,parity-exact,exact,exact,487.46,143.74,3.391,,,Both candidate and baseline produced exact results
fuzz6_0203_topk__fz_evolved,parity-exact,exact,exact,179.48,116.41,1.542,,,Both candidate and baseline produced exact results
fuzz6_0204_semi__fz_overlap,parity-exact,exact,exact,155.8,154.92,1.006,,,Both candidate and baseline produced exact results
fuzz6_0205_join__fz_reversed_files,parity-exact,exact,exact,154.61,118.39,1.306,,,Both candidate and baseline produced exact results
fuzz6_0206_topk__fz_unsorted,parity-exact,exact,exact,171.5,119.85,1.431,,,Both candidate and baseline produced exact results
fuzz6_0207_filtered_topk__fz_dec,parity-exact,exact,exact,139.0,127.95,1.086,,,Both candidate and baseline produced exact results
fuzz6_0208_join_topk__fz_sorted,parity-exact,exact,exact,112.93,136.39,0.828,,,Both candidate and baseline produced exact results
fuzz6_0209_filtered_topk__fz_part_evolved,parity-exact,exact,exact,216.13,195.61,1.105,,,Both candidate and baseline produced exact results
fuzz6_0210_topk__fz_str,parity-exact,exact,exact,669.62,673.32,0.995,,,Both candidate and baseline produced exact results
fuzz6_0211_minmax__fz_sorted,parity-exact,exact,exact,172.95,208.1,0.831,,,Both candidate and baseline produced exact results
fuzz6_0212_semi__fz_unsorted,parity-exact,exact,exact,237.73,336.66,0.706,,,Both candidate and baseline produced exact results
fuzz6_0213_semi__fz_updated,parity-exact,exact,exact,247.68,211.59,1.171,,,Both candidate and baseline produced exact results
fuzz6_0214_topk__fz_dec,parity-exact,exact,exact,217.97,229.41,0.95,,,Both candidate and baseline produced exact results
fuzz6_0215_join_min__fz_date,parity-exact,exact,exact,224.78,225.5,0.997,,,Both candidate and baseline produced exact results
fuzz6_0216_topk__fz_updated,parity-exact,exact,exact,681.86,365.11,1.868,,,Both candidate and baseline produced exact results
fuzz6_0217_topk__fz_part_evolved,parity-exact,exact,exact,176.11,91.97,1.915,,,Both candidate and baseline produced exact results
fuzz6_0218_join_min__fz_nulls,parity-exact,exact,exact,292.43,273.62,1.069,,,Both candidate and baseline produced exact results
fuzz6_0219_join_min__fz_date,parity-exact,exact,exact,435.78,485.11,0.898,,,Both candidate and baseline produced exact results
fuzz6_0220_join__fz_long,parity-exact,exact,exact,158.58,140.48,1.129,,,Both candidate and baseline produced exact results
fuzz6_0221_join_topk__fz_overlap,parity-exact,exact,exact,367.55,340.41,1.08,,,Both candidate and baseline produced exact results
fuzz6_0222_filtered_topk__fz_evolved,parity-exact,exact,exact,168.56,158.58,1.063,,,Both candidate and baseline produced exact results
fuzz6_0223_topk__fz_part_evolved,parity-exact,exact,exact,235.86,131.94,1.788,,,Both candidate and baseline produced exact results
fuzz6_0224_topk__fz_unsorted,parity-exact,exact,exact,76.35,70.68,1.08,,,Both candidate and baseline produced exact results
fuzz6_0225_join__fz_skewed,parity-exact,exact,exact,218.74,235.13,0.93,,,Both candidate and baseline produced exact results
fuzz6_0226_join__fz_long,parity-exact,exact,exact,269.76,286.29,0.942,,,Both candidate and baseline produced exact results
fuzz6_0227_join__fz_unsorted,parity-exact,exact,exact,246.63,274.72,0.898,,,Both candidate and baseline produced exact results
fuzz6_0228_topk__fz_unsorted,parity-exact,exact,exact,78.55,64.45,1.219,,,Both candidate and baseline produced exact results
fuzz6_0229_minmax__fz_pos_deletes,parity-exact,exact,exact,86.08,87.16,0.988,,,Both candidate and baseline produced exact results
fuzz6_0230_topk__fz_nan,parity-exact,exact,exact,148.67,136.44,1.09,,,Both candidate and baseline produced exact results
fuzz6_0231_topk__fz_reversed_files,parity-exact,exact,exact,304.28,66.41,4.582,,,Both candidate and baseline produced exact results
fuzz6_0232_topk__fz_sorted,parity-exact,exact,exact,101.49,66.57,1.525,,,Both candidate and baseline produced exact results
fuzz6_0233_join_min__fz_date,parity-exact,exact,exact,362.67,454.07,0.799,,,Both candidate and baseline produced exact results
fuzz6_0234_topk__fz_overlap,parity-exact,exact,exact,154.79,90.09,1.718,,,Both candidate and baseline produced exact results
fuzz6_0235_semi__fz_evolved,parity-exact,exact,exact,195.18,217.16,0.899,,,Both candidate and baseline produced exact results
fuzz6_0236_topk__fz_dec,parity-exact,exact,exact,321.33,304.0,1.057,,,Both candidate and baseline produced exact results
fuzz6_0237_topk__fz_part_evolved,parity-exact,exact,exact,250.66,139.46,1.797,,,Both candidate and baseline produced exact results
fuzz6_0238_join__fz_reversed_files,parity-exact,exact,exact,384.6,276.5,1.391,,,Both candidate and baseline produced exact results
fuzz6_0239_semi__fz_overlap,parity-exact,exact,exact,178.52,283.76,0.629,,,Both candidate and baseline produced exact results
fuzz6_0240_join__fz_overlap,parity-exact,exact,exact,236.3,271.11,0.872,,,Both candidate and baseline produced exact results
fuzz6_0241_filtered_topk__fz_long,parity-exact,exact,exact,290.72,291.56,0.997,,,Both candidate and baseline produced exact results
fuzz6_0242_join_min__fz_evolved,parity-exact,exact,exact,233.89,256.97,0.91,,,Both candidate and baseline produced exact results
fuzz6_0243_semi__fz_small_rg,parity-exact,exact,exact,289.92,248.79,1.165,,,Both candidate and baseline produced exact results
fuzz6_0244_topk__fz_snapshots,parity-exact,exact,exact,426.78,128.94,3.31,,,Both candidate and baseline produced exact results
fuzz6_0245_join_min__fz_dec,parity-exact,exact,exact,569.46,467.81,1.217,,,Both candidate and baseline produced exact results
fuzz6_0246_join__fz_evolved,parity-exact,exact,exact,166.98,195.17,0.856,,,Both candidate and baseline produced exact results
fuzz6_0247_topk__fz_long,parity-exact,exact,exact,182.13,145.94,1.248,,,Both candidate and baseline produced exact results
fuzz6_0248_semi__fz_skewed,parity-exact,exact,exact,188.52,248.68,0.758,,,Both candidate and baseline produced exact results
fuzz6_0249_join__fz_evolved,parity-exact,exact,exact,404.11,203.64,1.984,,,Both candidate and baseline produced exact results
fuzz6_0250_join_min__fz_nulls,parity-exact,exact,exact,587.12,511.88,1.147,,,Both candidate and baseline produced exact results
fuzz6_0251_topk__fz_part_evolved,parity-exact,exact,exact,226.13,181.53,1.246,,,Both candidate and baseline produced exact results
fuzz6_0252_filtered_topk__fz_str,parity-exact,exact,exact,324.02,291.73,1.111,,,Both candidate and baseline produced exact results
fuzz6_0253_join__fz_date,parity-exact,exact,exact,279.29,186.09,1.501,,,Both candidate and baseline produced exact results
fuzz6_0254_topk__fz_overlap,parity-exact,exact,exact,176.09,173.62,1.014,,,Both candidate and baseline produced exact results
fuzz6_0255_join__fz_skewed,parity-exact,exact,exact,138.68,144.35,0.961,,,Both candidate and baseline produced exact results
fuzz6_0256_topk__fz_nulls,parity-exact,exact,exact,107.45,68.0,1.58,,,Both candidate and baseline produced exact results
fuzz6_0257_join_min__fz_sorted,parity-exact,exact,exact,235.13,252.28,0.932,,,Both candidate and baseline produced exact results
fuzz6_0258_join__fz_evolved,parity-exact,exact,exact,298.4,308.21,0.968,,,Both candidate and baseline produced exact results
fuzz6_0259_join_min__fz_part_evolved,parity-exact,exact,exact,262.45,249.22,1.053,,,Both candidate and baseline produced exact results
fuzz6_0260_join__fz_nan,parity-exact,exact,exact,998.98,1074.25,0.93,,,Both candidate and baseline produced exact results
fuzz6_0261_join__fz_nan,parity-exact,exact,exact,627.05,383.18,1.636,,,Both candidate and baseline produced exact results
fuzz6_0262_filtered_topk__fz_skewed,parity-exact,exact,exact,121.39,121.87,0.996,,,Both candidate and baseline produced exact results
fuzz6_0263_semi__fz_str,baseline-invalid-candidate-pass,exact,,,3306.44,,,,Baseline hit broadcast coalescing bug (mismatch / OversizedAllocationException); candidate passed exact
fuzz6_0264_filtered_topk__fz_part_evolved,parity-exact,exact,exact,185.34,224.68,0.825,,,Both candidate and baseline produced exact results
fuzz6_0265_minmax__fz_updated,parity-exact,exact,exact,76.77,94.93,0.809,,,Both candidate and baseline produced exact results
fuzz6_0266_join_min__fz_date,parity-exact,exact,exact,147.92,226.07,0.654,,,Both candidate and baseline produced exact results
fuzz6_0267_filtered_topk__fz_skewed,parity-exact,exact,exact,119.02,86.73,1.372,,,Both candidate and baseline produced exact results
fuzz6_0268_join_topk__fz_unsorted,parity-exact,exact,exact,335.93,294.94,1.139,,,Both candidate and baseline produced exact results
fuzz6_0269_join__fz_nan,parity-exact,exact,exact,851.54,927.56,0.918,,,Both candidate and baseline produced exact results
fuzz6_0270_join__fz_small_rg,parity-exact,exact,exact,360.09,357.12,1.008,,,Both candidate and baseline produced exact results
fuzz6_0271_join_min__fz_overlap,parity-exact,exact,exact,335.48,315.64,1.063,,,Both candidate and baseline produced exact results
fuzz6_0272_filtered_topk__fz_part_evolved,parity-exact,exact,exact,205.43,228.58,0.899,,,Both candidate and baseline produced exact results
fuzz6_0273_semi__fz_snapshots,parity-exact,exact,exact,761.59,554.51,1.373,,,Both candidate and baseline produced exact results
fuzz6_0274_minmax__fz_overlap,parity-exact,exact,exact,69.09,72.74,0.95,,,Both candidate and baseline produced exact results
fuzz6_0275_minmax__fz_long,parity-exact,exact,exact,153.8,168.0,0.915,,,Both candidate and baseline produced exact results
fuzz6_0276_join__fz_snapshots,parity-exact,exact,exact,1079.04,388.12,2.78,,,Both candidate and baseline produced exact results
fuzz6_0277_filtered_topk__fz_nulls,parity-exact,exact,exact,155.29,146.38,1.061,,,Both candidate and baseline produced exact results
fuzz6_0278_join_topk__fz_sorted,parity-exact,exact,exact,219.56,251.38,0.873,,,Both candidate and baseline produced exact results
fuzz6_0279_topk__fz_skewed,parity-exact,exact,exact,76.97,71.92,1.07,,,Both candidate and baseline produced exact results
fuzz6_0280_semi__fz_sorted,parity-exact,exact,exact,192.71,185.17,1.041,,,Both candidate and baseline produced exact results
fuzz6_0281_join_topk__fz_str,parity-exact,exact,exact,350.17,273.34,1.281,,,Both candidate and baseline produced exact results
fuzz6_0282_join__fz_pos_deletes,parity-exact,exact,exact,209.85,212.93,0.986,,,Both candidate and baseline produced exact results
fuzz6_0283_join_min__fz_pos_deletes,parity-exact,exact,exact,189.34,163.81,1.156,,,Both candidate and baseline produced exact results
fuzz6_0284_topk__fz_reversed_files,parity-exact,exact,exact,302.08,113.02,2.673,,,Both candidate and baseline produced exact results
fuzz6_0285_topk__fz_evolved,parity-exact,exact,exact,160.07,165.08,0.97,,,Both candidate and baseline produced exact results
fuzz6_0286_join__fz_unsorted,parity-exact,exact,exact,183.59,292.81,0.627,,,Both candidate and baseline produced exact results
fuzz6_0287_filtered_topk__fz_skewed,parity-exact,exact,exact,60.68,69.35,0.875,,,Both candidate and baseline produced exact results
fuzz6_0288_join__fz_skewed,parity-exact,exact,exact,190.15,145.71,1.305,,,Both candidate and baseline produced exact results
fuzz6_0289_semi__fz_reversed_files,parity-exact,exact,exact,409.35,215.33,1.901,,,Both candidate and baseline produced exact results
fuzz6_0290_topk__fz_dec,parity-exact,exact,exact,177.34,125.92,1.408,,,Both candidate and baseline produced exact results
fuzz6_0291_join__fz_updated,parity-exact,exact,exact,246.98,255.22,0.968,,,Both candidate and baseline produced exact results
fuzz6_0292_join__fz_overlap,parity-exact,exact,exact,172.07,196.07,0.878,,,Both candidate and baseline produced exact results
fuzz6_0293_filtered_topk__fz_reversed_files,parity-exact,exact,exact,496.16,188.41,2.633,,,Both candidate and baseline produced exact results
fuzz6_0294_topk__fz_snapshots,parity-exact,exact,exact,555.06,124.0,4.476,,,Both candidate and baseline produced exact results
fuzz6_0295_join_topk__fz_unsorted,parity-exact,exact,exact,213.1,218.31,0.976,,,Both candidate and baseline produced exact results
fuzz6_0296_minmax__fz_reversed_files,parity-exact,exact,exact,169.2,80.66,2.098,,,Both candidate and baseline produced exact results
fuzz6_0297_topk__fz_small_rg,parity-exact,exact,exact,481.08,212.2,2.267,,,Both candidate and baseline produced exact results
fuzz6_0298_semi__fz_evolved,parity-exact,exact,exact,372.99,171.43,2.176,,,Both candidate and baseline produced exact results
fuzz6_0299_semi__fz_pos_deletes,parity-exact,exact,exact,214.85,188.86,1.138,,,Both candidate and baseline produced exact results
fuzz6_0300_topk__fz_sorted,parity-exact,exact,exact,178.88,131.71,1.358,,,Both candidate and baseline produced exact results
fuzz6_0301_join_min__fz_part_evolved,parity-exact,exact,exact,532.55,676.71,0.787,,,Both candidate and baseline produced exact results
fuzz6_0302_join__fz_unsorted,parity-exact,exact,exact,861.96,800.58,1.077,,,Both candidate and baseline produced exact results
fuzz6_0303_topk__fz_nan,parity-exact,exact,exact,284.55,293.38,0.97,,,Both candidate and baseline produced exact results
fuzz6_0304_join__fz_nulls,parity-exact,exact,exact,402.64,361.73,1.113,,,Both candidate and baseline produced exact results
fuzz6_0305_topk__fz_nan,parity-exact,exact,exact,164.82,161.08,1.023,,,Both candidate and baseline produced exact results
fuzz6_0306_join_topk__fz_nan,parity-exact,exact,exact,553.35,612.64,0.903,,,Both candidate and baseline produced exact results
fuzz6_0307_topk__fz_evolved,parity-exact,exact,exact,234.34,112.01,2.092,,,Both candidate and baseline produced exact results
fuzz6_0308_semi__fz_long,parity-exact,exact,exact,204.67,193.93,1.055,,,Both candidate and baseline produced exact results
fuzz6_0309_semi__fz_nan,parity-exact,exact,exact,712.76,520.85,1.368,,,Both candidate and baseline produced exact results
fuzz6_0310_join_min__fz_sorted,parity-exact,exact,exact,200.65,331.22,0.606,,,Both candidate and baseline produced exact results
fuzz6_0311_join_min__fz_dec,parity-exact,exact,exact,355.04,402.52,0.882,,,Both candidate and baseline produced exact results
fuzz6_0312_join__fz_long,parity-exact,exact,exact,144.71,176.91,0.818,,,Both candidate and baseline produced exact results
fuzz6_0313_minmax__fz_long,parity-exact,exact,exact,105.58,83.31,1.267,,,Both candidate and baseline produced exact results
fuzz6_0314_topk__fz_overlap,parity-exact,exact,exact,404.43,218.48,1.851,,,Both candidate and baseline produced exact results
fuzz6_0315_topk__fz_sorted,parity-exact,exact,exact,318.79,78.01,4.086,,,Both candidate and baseline produced exact results
fuzz6_0316_topk__fz_nan,parity-exact,exact,exact,178.84,160.81,1.112,,,Both candidate and baseline produced exact results
fuzz6_0317_topk__fz_date,parity-exact,exact,exact,131.95,66.17,1.994,,,Both candidate and baseline produced exact results
fuzz6_0318_join__fz_skewed,parity-exact,exact,exact,428.09,369.39,1.159,,,Both candidate and baseline produced exact results
fuzz6_0319_join__fz_skewed,parity-exact,exact,exact,258.58,259.96,0.995,,,Both candidate and baseline produced exact results
fuzz6_0320_topk__fz_small_rg,parity-exact,exact,exact,331.57,150.09,2.209,,,Both candidate and baseline produced exact results
fuzz6_0321_join__fz_dec,parity-exact,exact,exact,346.59,359.18,0.965,,,Both candidate and baseline produced exact results
fuzz6_0322_join_topk__fz_str,parity-exact,exact,exact,155.66,207.09,0.752,,,Both candidate and baseline produced exact results
fuzz6_0323_join__fz_small_rg,parity-exact,exact,exact,282.42,281.86,1.002,,,Both candidate and baseline produced exact results
fuzz6_0324_join__fz_dec,parity-exact,exact,exact,597.35,532.04,1.123,,,Both candidate and baseline produced exact results
fuzz6_0325_topk__fz_part_evolved,parity-exact,exact,exact,1019.5,729.05,1.398,,,Both candidate and baseline produced exact results
fuzz6_0326_join__fz_overlap,parity-exact,exact,exact,132.32,124.07,1.066,,,Both candidate and baseline produced exact results
fuzz6_0327_join__fz_pos_deletes,parity-exact,exact,exact,422.62,286.32,1.476,,,Both candidate and baseline produced exact results
fuzz6_0328_filtered_topk__fz_part_evolved,parity-exact,exact,exact,156.73,173.46,0.904,,,Both candidate and baseline produced exact results
fuzz6_0329_filtered_topk__fz_date,parity-exact,exact,exact,142.83,111.62,1.28,,,Both candidate and baseline produced exact results
fuzz6_0330_join__fz_nan,parity-exact,exact,exact,897.7,927.95,0.967,,,Both candidate and baseline produced exact results
fuzz6_0331_join_topk__fz_pos_deletes,parity-exact,exact,exact,121.65,171.77,0.708,,,Both candidate and baseline produced exact results
fuzz6_0332_topk__fz_unsorted,parity-exact,exact,exact,718.81,364.33,1.973,,,Both candidate and baseline produced exact results
fuzz6_0333_join_topk__fz_long,parity-exact,exact,exact,468.81,522.12,0.898,,,Both candidate and baseline produced exact results
fuzz6_0334_minmax__fz_skewed,parity-exact,exact,exact,53.75,55.12,0.975,,,Both candidate and baseline produced exact results
fuzz6_0335_join__fz_reversed_files,parity-exact,exact,exact,1076.38,1181.01,0.911,,,Both candidate and baseline produced exact results
fuzz6_0336_topk__fz_nan,parity-exact,exact,exact,103.37,108.13,0.956,,,Both candidate and baseline produced exact results
fuzz6_0337_topk__fz_skewed,parity-exact,exact,exact,340.81,86.52,3.939,,,Both candidate and baseline produced exact results
fuzz6_0338_join_topk__fz_skewed,parity-exact,exact,exact,5363.91,5466.95,0.981,,,Both candidate and baseline produced exact results
fuzz6_0339_semi__fz_dec,parity-exact,exact,exact,1419.92,1542.84,0.92,,,Both candidate and baseline produced exact results
fuzz6_0340_topk__fz_long,parity-exact,exact,exact,94.31,74.25,1.27,,,Both candidate and baseline produced exact results
fuzz6_0341_join__fz_reversed_files,parity-exact,exact,exact,176.36,179.38,0.983,,,Both candidate and baseline produced exact results
fuzz6_0342_filtered_topk__fz_nulls,parity-exact,exact,exact,267.23,358.74,0.745,,,Both candidate and baseline produced exact results
fuzz6_0343_filtered_topk__fz_part_evolved,parity-exact,exact,exact,254.35,255.12,0.997,,,Both candidate and baseline produced exact results
fuzz6_0344_join__fz_snapshots,parity-exact,exact,exact,558.43,283.6,1.969,,,Both candidate and baseline produced exact results
fuzz6_0345_join_topk__fz_sorted,parity-exact,exact,exact,178.28,178.58,0.998,,,Both candidate and baseline produced exact results
fuzz6_0346_topk__fz_long,parity-exact,exact,exact,295.56,79.47,3.719,,,Both candidate and baseline produced exact results
fuzz6_0347_join_min__fz_unsorted,parity-exact,exact,exact,176.56,151.91,1.162,,,Both candidate and baseline produced exact results
fuzz6_0348_topk__fz_updated,parity-exact,exact,exact,634.25,356.49,1.779,,,Both candidate and baseline produced exact results
fuzz6_0349_join_topk__fz_evolved,parity-exact,exact,exact,173.99,147.07,1.183,,,Both candidate and baseline produced exact results
fuzz6_0350_join_min__fz_overlap,parity-exact,exact,exact,185.7,160.27,1.159,,,Both candidate and baseline produced exact results
fuzz6_0351_join__fz_overlap,parity-exact,exact,exact,304.11,298.74,1.018,,,Both candidate and baseline produced exact results
fuzz6_0352_join_topk__fz_str,parity-exact,exact,exact,206.45,238.62,0.865,,,Both candidate and baseline produced exact results
fuzz6_0353_join_min__fz_evolved,parity-exact,exact,exact,514.27,309.94,1.659,,,Both candidate and baseline produced exact results
fuzz6_0354_join_topk__fz_snapshots,parity-exact,exact,exact,460.45,276.52,1.665,,,Both candidate and baseline produced exact results
fuzz6_0355_join__fz_pos_deletes,parity-exact,exact,exact,393.5,607.35,0.648,,,Both candidate and baseline produced exact results
fuzz6_0356_filtered_topk__fz_sorted,parity-exact,exact,exact,86.15,96.03,0.897,,,Both candidate and baseline produced exact results
fuzz6_0357_filtered_topk__fz_evolved,parity-exact,exact,exact,227.12,181.13,1.254,,,Both candidate and baseline produced exact results
fuzz6_0358_filtered_topk__fz_sorted,parity-exact,exact,exact,220.32,131.84,1.671,,,Both candidate and baseline produced exact results
fuzz6_0359_semi__fz_sorted,parity-exact,exact,exact,330.92,216.99,1.525,,,Both candidate and baseline produced exact results
fuzz6_0360_topk__fz_updated,parity-exact,exact,exact,333.57,199.24,1.674,,,Both candidate and baseline produced exact results
fuzz6_0361_join__fz_dec,parity-exact,exact,exact,659.67,677.83,0.973,,,Both candidate and baseline produced exact results
fuzz6_0362_join_min__fz_reversed_files,parity-exact,exact,exact,405.72,188.38,2.154,,,Both candidate and baseline produced exact results
fuzz6_0363_join_topk__fz_date,parity-exact,exact,exact,509.6,432.98,1.177,,,Both candidate and baseline produced exact results
fuzz6_0364_topk__fz_evolved,parity-exact,exact,exact,219.85,111.88,1.965,,,Both candidate and baseline produced exact results
fuzz6_0365_topk__fz_evolved,parity-exact,exact,exact,86.66,72.61,1.194,,,Both candidate and baseline produced exact results
fuzz6_0366_topk__fz_reversed_files,parity-exact,exact,exact,238.03,129.06,1.844,,,Both candidate and baseline produced exact results
fuzz6_0367_semi__fz_part_evolved,parity-exact,exact,exact,248.67,297.46,0.836,,,Both candidate and baseline produced exact results
fuzz6_0368_filtered_topk__fz_nan,parity-exact,exact,exact,97.93,86.45,1.133,,,Both candidate and baseline produced exact results
fuzz6_0369_join__fz_evolved,parity-exact,exact,exact,245.38,310.4,0.791,,,Both candidate and baseline produced exact results
fuzz6_0370_filtered_topk__fz_long,parity-exact,exact,exact,136.42,125.77,1.085,,,Both candidate and baseline produced exact results
fuzz6_0371_topk__fz_part_evolved,parity-exact,exact,exact,220.65,190.31,1.159,,,Both candidate and baseline produced exact results
fuzz6_0372_minmax__fz_nan,parity-exact,exact,exact,86.99,98.36,0.884,,,Both candidate and baseline produced exact results
fuzz6_0373_join__fz_updated,parity-exact,exact,exact,403.71,269.49,1.498,,,Both candidate and baseline produced exact results
fuzz6_0374_join_topk__fz_nan,parity-exact,exact,exact,713.4,751.11,0.95,,,Both candidate and baseline produced exact results
fuzz6_0375_join__fz_str,baseline-invalid-candidate-pass,exact,mismatch,,330.64,,,,Baseline hit broadcast coalescing bug (mismatch / OversizedAllocationException); candidate passed exact
fuzz6_0376_join__fz_unsorted,parity-exact,exact,exact,226.96,221.57,1.024,,,Both candidate and baseline produced exact results
fuzz6_0377_filtered_topk__fz_overlap,parity-exact,exact,exact,92.73,86.12,1.077,,,Both candidate and baseline produced exact results
fuzz6_0378_join__fz_str,parity-exact,exact,exact,294.86,376.05,0.784,,,Both candidate and baseline produced exact results
fuzz6_0379_join__fz_evolved,parity-exact,exact,exact,675.37,648.52,1.041,,,Both candidate and baseline produced exact results
fuzz6_0380_join_topk__fz_evolved,parity-exact,exact,exact,240.41,235.49,1.021,,,Both candidate and baseline produced exact results
fuzz6_0381_join_topk__fz_skewed,parity-exact,exact,exact,279.81,244.12,1.146,,,Both candidate and baseline produced exact results
fuzz6_0382_join__fz_nan,parity-exact,exact,exact,314.7,416.52,0.756,,,Both candidate and baseline produced exact results
fuzz6_0383_filtered_topk__fz_evolved,parity-exact,exact,exact,130.33,78.36,1.663,,,Both candidate and baseline produced exact results
fuzz6_0384_semi__fz_str,parity-exact,exact,exact,173.41,170.41,1.018,,,Both candidate and baseline produced exact results
fuzz6_0385_filtered_topk__fz_sorted,parity-exact,exact,exact,200.64,188.15,1.066,,,Both candidate and baseline produced exact results
fuzz6_0386_filtered_topk__fz_nulls,parity-exact,exact,exact,250.43,213.87,1.171,,,Both candidate and baseline produced exact results
fuzz6_0387_join_min__fz_pos_deletes,parity-exact,exact,exact,184.46,208.44,0.885,,,Both candidate and baseline produced exact results
fuzz6_0388_join__fz_updated,parity-exact,exact,exact,200.15,211.35,0.947,,,Both candidate and baseline produced exact results
fuzz6_0389_topk__fz_nan,parity-exact,exact,exact,153.0,151.88,1.007,,,Both candidate and baseline produced exact results
fuzz6_0390_join__fz_sorted,parity-exact,exact,exact,192.35,164.87,1.167,,,Both candidate and baseline produced exact results
fuzz6_0391_topk__fz_skewed,parity-exact,exact,exact,97.66,90.74,1.076,,,Both candidate and baseline produced exact results
fuzz6_0392_topk__fz_long,parity-exact,exact,exact,398.08,73.75,5.398,,,Both candidate and baseline produced exact results
fuzz6_0393_join_min__fz_part_evolved,parity-exact,exact,exact,256.92,486.42,0.528,,,Both candidate and baseline produced exact results
fuzz6_0394_join_topk__fz_snapshots,parity-exact,exact,exact,511.97,262.35,1.951,,,Both candidate and baseline produced exact results
fuzz6_0395_semi__fz_evolved,parity-exact,exact,exact,163.52,165.34,0.989,,,Both candidate and baseline produced exact results
fuzz6_0396_topk__fz_pos_deletes,parity-exact,exact,exact,746.67,229.29,3.256,,,Both candidate and baseline produced exact results
fuzz6_0397_semi__fz_small_rg,parity-exact,exact,exact,278.99,378.56,0.737,,,Both candidate and baseline produced exact results
fuzz6_0398_minmax__fz_str,parity-exact,exact,exact,455.34,430.7,1.057,,,Both candidate and baseline produced exact results
fuzz6_0399_join_min__fz_reversed_files,parity-exact,exact,exact,244.59,226.14,1.082,,,Both candidate and baseline produced exact results
fuzz6_0400_join__fz_nulls,parity-exact,exact,exact,202.56,258.52,0.784,,,Both candidate and baseline produced exact results
fuzz6_0401_semi__fz_evolved,parity-exact,exact,exact,843.21,1257.03,0.671,,,Both candidate and baseline produced exact results
fuzz6_0402_filtered_topk__fz_str,parity-exact,exact,exact,250.51,271.25,0.924,,,Both candidate and baseline produced exact results
fuzz6_0403_filtered_topk__fz_sorted,parity-exact,exact,exact,148.78,126.83,1.173,,,Both candidate and baseline produced exact results
fuzz6_0404_semi__fz_str,parity-exact,exact,exact,347.45,362.39,0.959,,,Both candidate and baseline produced exact results
fuzz6_0405_join__fz_part_evolved,parity-exact,exact,exact,1137.78,1502.4,0.757,,,Both candidate and baseline produced exact results
fuzz6_0406_join__fz_nan,parity-exact,exact,exact,373.87,327.25,1.142,,,Both candidate and baseline produced exact results
fuzz6_0407_semi__fz_unsorted,parity-exact,exact,exact,294.22,212.04,1.388,,,Both candidate and baseline produced exact results
fuzz6_0408_semi__fz_nan,parity-exact,exact,exact,405.33,444.73,0.911,,,Both candidate and baseline produced exact results
fuzz6_0409_join_min__fz_updated,parity-exact,exact,exact,160.12,185.02,0.865,,,Both candidate and baseline produced exact results
fuzz6_0410_topk__fz_date,parity-exact,exact,exact,67.44,60.2,1.12,,,Both candidate and baseline produced exact results
fuzz6_0411_semi__fz_date,parity-exact,exact,exact,240.57,287.35,0.837,,,Both candidate and baseline produced exact results
fuzz6_0412_filtered_topk__fz_sorted,parity-exact,exact,exact,70.3,54.61,1.287,,,Both candidate and baseline produced exact results
fuzz6_0413_topk__fz_nan,parity-exact,exact,exact,104.74,105.99,0.988,,,Both candidate and baseline produced exact results
fuzz6_0414_join__fz_sorted,parity-exact,exact,exact,324.74,223.89,1.45,,,Both candidate and baseline produced exact results
fuzz6_0415_minmax__fz_unsorted,parity-exact,exact,exact,122.08,108.13,1.129,,,Both candidate and baseline produced exact results
fuzz6_0416_join__fz_date,parity-exact,exact,exact,234.52,210.48,1.114,,,Both candidate and baseline produced exact results
fuzz6_0417_join__fz_part_evolved,parity-exact,exact,exact,315.05,272.64,1.156,,,Both candidate and baseline produced exact results
fuzz6_0418_topk__fz_date,parity-exact,exact,exact,101.29,60.44,1.676,,,Both candidate and baseline produced exact results
fuzz6_0419_join__fz_str,baseline-invalid-candidate-pass,exact,mismatch,,630.81,,,,Baseline hit broadcast coalescing bug (mismatch / OversizedAllocationException); candidate passed exact
fuzz6_0420_topk__fz_updated,parity-exact,exact,exact,460.74,337.96,1.363,,,Both candidate and baseline produced exact results
fuzz6_0421_join_min__fz_reversed_files,parity-exact,exact,exact,253.79,232.28,1.093,,,Both candidate and baseline produced exact results
fuzz6_0422_join_topk__fz_long,parity-exact,exact,exact,513.4,616.8,0.832,,,Both candidate and baseline produced exact results
fuzz6_0423_minmax__fz_small_rg,parity-exact,exact,exact,146.99,120.49,1.22,,,Both candidate and baseline produced exact results
fuzz6_0424_join__fz_small_rg,parity-exact,exact,exact,282.34,247.54,1.141,,,Both candidate and baseline produced exact results
fuzz6_0425_join__fz_skewed,parity-exact,exact,exact,311.48,258.17,1.206,,,Both candidate and baseline produced exact results
fuzz6_0426_join__fz_reversed_files,parity-exact,exact,exact,809.04,363.11,2.228,,,Both candidate and baseline produced exact results
fuzz6_0427_topk__fz_dec,parity-exact,exact,exact,916.49,901.58,1.017,,,Both candidate and baseline produced exact results
fuzz6_0428_filtered_topk__fz_small_rg,parity-exact,exact,exact,94.09,96.17,0.978,,,Both candidate and baseline produced exact results
fuzz6_0429_join_topk__fz_long,parity-exact,exact,exact,131.85,160.27,0.823,,,Both candidate and baseline produced exact results
fuzz6_0430_minmax__fz_unsorted,parity-exact,exact,exact,101.04,78.24,1.291,,,Both candidate and baseline produced exact results
fuzz6_0431_join_topk__fz_unsorted,parity-exact,exact,exact,264.55,332.59,0.795,,,Both candidate and baseline produced exact results
fuzz6_0432_join_min__fz_dec,parity-exact,exact,exact,794.43,555.25,1.431,,,Both candidate and baseline produced exact results
fuzz6_0433_filtered_topk__fz_pos_deletes,parity-exact,exact,exact,105.91,115.3,0.919,,,Both candidate and baseline produced exact results
fuzz6_0434_join__fz_nulls,parity-exact,exact,exact,342.92,222.6,1.541,,,Both candidate and baseline produced exact results
fuzz6_0435_join_min__fz_skewed,parity-exact,exact,exact,170.29,257.93,0.66,,,Both candidate and baseline produced exact results
fuzz6_0436_join_topk__fz_dec,parity-exact,exact,exact,435.4,650.46,0.669,,,Both candidate and baseline produced exact results
fuzz6_0437_join__fz_nulls,parity-exact,exact,exact,298.39,350.75,0.851,,,Both candidate and baseline produced exact results
fuzz6_0438_join__fz_pos_deletes,parity-exact,exact,exact,238.3,292.86,0.814,,,Both candidate and baseline produced exact results
fuzz6_0439_join__fz_evolved,parity-exact,exact,exact,557.29,558.04,0.999,,,Both candidate and baseline produced exact results
fuzz6_0440_join__fz_snapshots,parity-exact,exact,exact,436.66,221.3,1.973,,,Both candidate and baseline produced exact results
fuzz6_0441_minmax__fz_overlap,parity-exact,exact,exact,104.24,91.54,1.139,,,Both candidate and baseline produced exact results
fuzz6_0442_semi__fz_long,parity-exact,exact,exact,187.05,171.18,1.093,,,Both candidate and baseline produced exact results
fuzz6_0443_join__fz_reversed_files,parity-exact,exact,exact,204.13,263.76,0.774,,,Both candidate and baseline produced exact results
fuzz6_0444_filtered_topk__fz_reversed_files,parity-exact,exact,exact,423.74,156.98,2.699,,,Both candidate and baseline produced exact results
fuzz6_0445_topk__fz_reversed_files,parity-exact,exact,exact,309.27,160.88,1.922,,,Both candidate and baseline produced exact results
fuzz6_0446_topk__fz_skewed,parity-exact,exact,exact,146.55,85.95,1.705,,,Both candidate and baseline produced exact results
fuzz6_0447_topk__fz_date,parity-exact,exact,exact,85.67,73.55,1.165,,,Both candidate and baseline produced exact results
fuzz6_0448_topk__fz_reversed_files,parity-exact,exact,exact,215.23,125.4,1.716,,,Both candidate and baseline produced exact results
fuzz6_0449_join_topk__fz_skewed,parity-exact,exact,exact,296.95,257.18,1.155,,,Both candidate and baseline produced exact results
fuzz6_0450_topk__fz_str,parity-exact,exact,exact,168.77,146.84,1.149,,,Both candidate and baseline produced exact results
fuzz6_0451_join__fz_date,parity-exact,exact,exact,200.45,182.64,1.097,,,Both candidate and baseline produced exact results
fuzz6_0452_join__fz_small_rg,parity-exact,exact,exact,357.08,394.1,0.906,,,Both candidate and baseline produced exact results
fuzz6_0453_join_min__fz_unsorted,parity-exact,exact,exact,254.75,252.46,1.009,,,Both candidate and baseline produced exact results
fuzz6_0454_topk__fz_updated,parity-exact,exact,exact,397.67,222.34,1.789,,,Both candidate and baseline produced exact results
fuzz6_0455_topk__fz_snapshots,parity-exact,exact,exact,617.42,146.25,4.222,,,Both candidate and baseline produced exact results
fuzz6_0456_join__fz_skewed,parity-exact,exact,exact,169.9,164.52,1.033,,,Both candidate and baseline produced exact results
fuzz6_0457_join__fz_sorted,parity-exact,exact,exact,207.63,224.99,0.923,,,Both candidate and baseline produced exact results
fuzz6_0458_join__fz_overlap,parity-exact,exact,exact,215.16,334.51,0.643,,,Both candidate and baseline produced exact results
fuzz6_0459_join__fz_updated,parity-exact,exact,exact,456.92,464.66,0.983,,,Both candidate and baseline produced exact results
fuzz6_0460_filtered_topk__fz_str,parity-exact,exact,exact,217.57,205.47,1.059,,,Both candidate and baseline produced exact results
fuzz6_0461_topk__fz_part_evolved,parity-exact,exact,exact,235.35,131.82,1.785,,,Both candidate and baseline produced exact results
fuzz6_0462_join__fz_small_rg,parity-exact,exact,exact,334.5,267.25,1.252,,,Both candidate and baseline produced exact results
fuzz6_0463_join__fz_nan,parity-exact,exact,exact,454.65,383.69,1.185,,,Both candidate and baseline produced exact results
fuzz6_0464_join_min__fz_sorted,parity-exact,exact,exact,151.17,132.47,1.141,,,Both candidate and baseline produced exact results
fuzz6_0465_topk__fz_snapshots,parity-exact,exact,exact,316.13,103.17,3.064,,,Both candidate and baseline produced exact results
fuzz6_0466_join_topk__fz_dec,parity-exact,exact,exact,542.51,615.06,0.882,,,Both candidate and baseline produced exact results
fuzz6_0467_join__fz_overlap,parity-exact,exact,exact,542.08,547.46,0.99,,,Both candidate and baseline produced exact results
fuzz6_0468_filtered_topk__fz_skewed,parity-exact,exact,exact,54.23,49.65,1.092,,,Both candidate and baseline produced exact results
fuzz6_0469_topk__fz_long,parity-exact,exact,exact,809.98,281.76,2.875,,,Both candidate and baseline produced exact results
fuzz6_0470_semi__fz_overlap,parity-exact,exact,exact,857.92,605.94,1.416,,,Both candidate and baseline produced exact results
fuzz6_0471_join__fz_small_rg,parity-exact,exact,exact,351.1,361.39,0.972,,,Both candidate and baseline produced exact results
fuzz6_0472_filtered_topk__fz_updated,parity-exact,exact,exact,253.06,279.49,0.905,,,Both candidate and baseline produced exact results
fuzz6_0473_join_min__fz_dec,parity-exact,exact,exact,533.64,563.27,0.947,,,Both candidate and baseline produced exact results
fuzz6_0474_join__fz_unsorted,parity-exact,exact,exact,193.47,236.86,0.817,,,Both candidate and baseline produced exact results
fuzz6_0475_filtered_topk__fz_str,parity-exact,exact,exact,64.31,68.5,0.939,,,Both candidate and baseline produced exact results
fuzz6_0476_topk__fz_snapshots,parity-exact,exact,exact,406.88,203.77,1.997,,,Both candidate and baseline produced exact results
fuzz6_0477_topk__fz_str,parity-exact,exact,exact,443.89,400.89,1.107,,,Both candidate and baseline produced exact results
fuzz6_0478_minmax__fz_overlap,parity-exact,exact,exact,83.37,83.18,1.002,,,Both candidate and baseline produced exact results
fuzz6_0479_minmax__fz_snapshots,parity-exact,exact,exact,378.0,195.73,1.931,,,Both candidate and baseline produced exact results
fuzz6_0480_join__fz_dec,parity-exact,exact,exact,376.18,454.91,0.827,,,Both candidate and baseline produced exact results
fuzz6_0481_filtered_topk__fz_unsorted,parity-exact,exact,exact,178.8,187.79,0.952,,,Both candidate and baseline produced exact results
fuzz6_0482_join__fz_pos_deletes,parity-exact,exact,exact,148.43,123.22,1.205,,,Both candidate and baseline produced exact results
fuzz6_0483_semi__fz_snapshots,parity-exact,exact,exact,636.31,432.54,1.471,,,Both candidate and baseline produced exact results
fuzz6_0484_semi__fz_skewed,parity-exact,exact,exact,298.2,186.27,1.601,,,Both candidate and baseline produced exact results
fuzz6_0485_join_min__fz_dec,parity-exact,exact,exact,585.88,464.14,1.262,,,Both candidate and baseline produced exact results
fuzz6_0486_join__fz_sorted,parity-exact,exact,exact,256.67,218.23,1.176,,,Both candidate and baseline produced exact results
fuzz6_0487_topk__fz_nulls,parity-exact,exact,exact,424.52,124.05,3.422,,,Both candidate and baseline produced exact results
fuzz6_0488_join_topk__fz_nan,parity-exact,exact,exact,442.64,438.06,1.01,,,Both candidate and baseline produced exact results
fuzz6_0489_semi__fz_reversed_files,parity-exact,exact,exact,364.79,225.62,1.617,,,Both candidate and baseline produced exact results
fuzz6_0490_join_min__fz_updated,parity-exact,exact,exact,394.28,385.97,1.022,,,Both candidate and baseline produced exact results
fuzz6_0491_minmax__fz_long,parity-exact,exact,exact,84.93,65.45,1.298,,,Both candidate and baseline produced exact results
fuzz6_0492_join_min__fz_evolved,parity-exact,exact,exact,151.58,164.57,0.921,,,Both candidate and baseline produced exact results
fuzz6_0493_topk__fz_str,parity-exact,exact,exact,190.95,174.46,1.095,,,Both candidate and baseline produced exact results
fuzz6_0494_topk__fz_evolved,parity-exact,exact,exact,129.51,102.7,1.261,,,Both candidate and baseline produced exact results
fuzz6_0495_filtered_topk__fz_skewed,parity-exact,exact,exact,89.76,98.31,0.913,,,Both candidate and baseline produced exact results
fuzz6_0496_filtered_topk__fz_nan,parity-exact,exact,exact,157.57,151.22,1.042,,,Both candidate and baseline produced exact results
fuzz6_0497_topk__fz_date,parity-exact,exact,exact,69.69,60.26,1.157,,,Both candidate and baseline produced exact results
fuzz6_0498_topk__fz_str,parity-exact,exact,exact,152.89,146.37,1.045,,,Both candidate and baseline produced exact results
fuzz6_0499_join__fz_nulls,parity-exact,exact,exact,558.22,560.04,0.997,,,Both candidate and baseline produced exact results
fuzz7_0000_semi__fz_skewed,parity-exact,exact,exact,153.67,159.23,0.965,,,Both candidate and baseline produced exact results
fuzz7_0001_filtered_topk__fz_nan,parity-exact,exact,exact,165.72,184.56,0.898,,,Both candidate and baseline produced exact results
fuzz7_0002_join__fz_nulls,parity-exact,exact,exact,165.27,204.68,0.807,,,Both candidate and baseline produced exact results
fuzz7_0003_minmax__fz_overlap,parity-exact,exact,exact,80.42,72.82,1.104,,,Both candidate and baseline produced exact results
fuzz7_0004_topk__fz_dec,parity-exact,exact,exact,410.21,411.38,0.997,,,Both candidate and baseline produced exact results
fuzz7_0005_minmax__fz_str,parity-exact,exact,exact,425.43,446.11,0.954,,,Both candidate and baseline produced exact results
fuzz7_0006_join__fz_part_evolved,parity-exact,exact,exact,89.96,110.64,0.813,,,Both candidate and baseline produced exact results
fuzz7_0007_filtered_topk__fz_reversed_files,parity-exact,exact,exact,223.75,143.49,1.559,,,Both candidate and baseline produced exact results
fuzz7_0008_join__fz_reversed_files,parity-exact,exact,exact,257.07,328.15,0.783,,,Both candidate and baseline produced exact results
fuzz7_0009_semi__fz_skewed,parity-exact,exact,exact,298.08,358.15,0.832,,,Both candidate and baseline produced exact results
fuzz7_0010_topk__fz_dec,parity-exact,exact,exact,1183.24,1272.61,0.93,,,Both candidate and baseline produced exact results
fuzz7_0011_join__fz_small_rg,parity-exact,exact,exact,325.86,315.64,1.032,,,Both candidate and baseline produced exact results
fuzz7_0012_join_topk__fz_nan,parity-exact,exact,exact,640.97,529.41,1.211,,,Both candidate and baseline produced exact results
fuzz7_0013_join__fz_nan,parity-exact,exact,exact,459.12,378.48,1.213,,,Both candidate and baseline produced exact results
fuzz7_0014_join__fz_part_evolved,parity-exact,exact,exact,228.36,233.16,0.979,,,Both candidate and baseline produced exact results
fuzz7_0015_join__fz_snapshots,parity-exact,exact,exact,410.2,257.6,1.592,,,Both candidate and baseline produced exact results
fuzz7_0016_semi__fz_str,parity-exact,exact,exact,364.59,331.36,1.1,,,Both candidate and baseline produced exact results
fuzz7_0017_join__fz_long,parity-exact,exact,exact,101.0,412.77,0.245,,,Both candidate and baseline produced exact results
fuzz7_0018_filtered_topk__fz_nan,parity-exact,exact,exact,162.18,154.68,1.048,,,Both candidate and baseline produced exact results
fuzz7_0019_topk__fz_evolved,parity-exact,exact,exact,370.55,141.59,2.617,,,Both candidate and baseline produced exact results
fuzz7_0020_minmax__fz_small_rg,parity-exact,exact,exact,237.86,243.39,0.977,,,Both candidate and baseline produced exact results
fuzz7_0021_join_min__fz_str,parity-exact,exact,exact,288.11,331.33,0.87,,,Both candidate and baseline produced exact results
fuzz7_0022_filtered_topk__fz_date,parity-exact,exact,exact,95.99,93.04,1.032,,,Both candidate and baseline produced exact results
fuzz7_0023_filtered_topk__fz_pos_deletes,parity-exact,exact,exact,255.6,341.16,0.749,,,Both candidate and baseline produced exact results
fuzz7_0024_filtered_topk__fz_part_evolved,parity-exact,exact,exact,293.94,251.93,1.167,,,Both candidate and baseline produced exact results
fuzz7_0025_topk__fz_part_evolved,parity-exact,exact,exact,176.65,114.26,1.546,,,Both candidate and baseline produced exact results
fuzz7_0026_filtered_topk__fz_overlap,parity-exact,exact,exact,99.66,100.82,0.988,,,Both candidate and baseline produced exact results
fuzz7_0027_topk__fz_date,parity-exact,exact,exact,104.7,76.21,1.374,,,Both candidate and baseline produced exact results
fuzz7_0028_minmax__fz_str,parity-exact,exact,exact,579.56,614.97,0.942,,,Both candidate and baseline produced exact results
fuzz7_0029_join_min__fz_part_evolved,parity-exact,exact,exact,231.84,221.35,1.047,,,Both candidate and baseline produced exact results
fuzz7_0030_join_min__fz_date,parity-exact,exact,exact,164.71,143.45,1.148,,,Both candidate and baseline produced exact results
fuzz7_0031_join__fz_evolved,parity-exact,exact,exact,183.13,180.86,1.013,,,Both candidate and baseline produced exact results
fuzz7_0032_filtered_topk__fz_long,parity-exact,exact,exact,131.92,126.64,1.042,,,Both candidate and baseline produced exact results
fuzz7_0033_topk__fz_overlap,parity-exact,exact,exact,119.52,80.17,1.491,,,Both candidate and baseline produced exact results
fuzz7_0034_topk__fz_updated,parity-exact,exact,exact,488.05,254.05,1.921,,,Both candidate and baseline produced exact results
fuzz7_0035_join__fz_nan,parity-exact,exact,exact,422.01,350.82,1.203,,,Both candidate and baseline produced exact results
fuzz7_0036_filtered_topk__fz_str,parity-exact,exact,exact,285.05,277.53,1.027,,,Both candidate and baseline produced exact results
fuzz7_0037_filtered_topk__fz_nan,parity-exact,exact,exact,181.15,259.93,0.697,,,Both candidate and baseline produced exact results
fuzz7_0038_join__fz_nulls,parity-exact,exact,exact,338.51,396.58,0.854,,,Both candidate and baseline produced exact results
fuzz7_0039_filtered_topk__fz_long,parity-exact,exact,exact,377.16,353.91,1.066,,,Both candidate and baseline produced exact results
fuzz7_0040_filtered_topk__fz_long,parity-exact,exact,exact,143.61,141.89,1.012,,,Both candidate and baseline produced exact results
fuzz7_0041_join__fz_pos_deletes,parity-exact,exact,exact,296.32,281.38,1.053,,,Both candidate and baseline produced exact results
fuzz7_0042_join__fz_date,parity-exact,exact,exact,353.36,240.46,1.469,,,Both candidate and baseline produced exact results
fuzz7_0043_filtered_topk__fz_pos_deletes,parity-exact,exact,exact,84.35,90.69,0.93,,,Both candidate and baseline produced exact results
fuzz7_0044_join_topk__fz_nan,parity-exact,exact,exact,687.78,626.14,1.098,,,Both candidate and baseline produced exact results
fuzz7_0045_join_min__fz_nan,parity-exact,exact,exact,743.52,763.69,0.974,,,Both candidate and baseline produced exact results
fuzz7_0046_join_min__fz_snapshots,parity-exact,exact,exact,1539.3,1482.17,1.039,,,Both candidate and baseline produced exact results
fuzz7_0047_join_topk__fz_nulls,parity-exact,exact,exact,311.84,246.97,1.263,,,Both candidate and baseline produced exact results
fuzz7_0048_filtered_topk__fz_skewed,parity-exact,exact,exact,59.41,62.1,0.957,,,Both candidate and baseline produced exact results
fuzz7_0049_topk__fz_long,parity-exact,exact,exact,119.93,76.49,1.568,,,Both candidate and baseline produced exact results
fuzz7_0050_semi__fz_dec,parity-exact,exact,exact,575.86,575.08,1.001,,,Both candidate and baseline produced exact results
fuzz7_0051_topk__fz_sorted,parity-exact,exact,exact,76.49,62.24,1.229,,,Both candidate and baseline produced exact results
fuzz7_0052_join__fz_skewed,parity-exact,exact,exact,366.58,355.98,1.03,,,Both candidate and baseline produced exact results
fuzz7_0053_join_topk__fz_nulls,parity-exact,exact,exact,238.42,249.35,0.956,,,Both candidate and baseline produced exact results
fuzz7_0054_join__fz_pos_deletes,parity-exact,exact,exact,150.66,145.46,1.036,,,Both candidate and baseline produced exact results
fuzz7_0055_join__fz_part_evolved,parity-exact,exact,exact,1091.18,1223.11,0.892,,,Both candidate and baseline produced exact results
fuzz7_0056_minmax__fz_date,parity-exact,exact,exact,172.4,110.65,1.558,,,Both candidate and baseline produced exact results
fuzz7_0057_join__fz_nan,parity-exact,exact,exact,443.14,322.59,1.374,,,Both candidate and baseline produced exact results
fuzz7_0058_join__fz_part_evolved,parity-exact,exact,exact,554.48,551.74,1.005,,,Both candidate and baseline produced exact results
fuzz7_0059_topk__fz_overlap,parity-exact,exact,exact,442.32,201.7,2.193,,,Both candidate and baseline produced exact results
fuzz7_0060_join_min__fz_reversed_files,parity-exact,exact,exact,145.95,95.69,1.525,,,Both candidate and baseline produced exact results
fuzz7_0061_topk__fz_nulls,parity-exact,exact,exact,112.71,96.1,1.173,,,Both candidate and baseline produced exact results
fuzz7_0062_join__fz_date,parity-exact,exact,exact,402.1,320.49,1.255,,,Both candidate and baseline produced exact results
fuzz7_0063_filtered_topk__fz_overlap,parity-exact,exact,exact,256.66,241.24,1.064,,,Both candidate and baseline produced exact results
fuzz7_0064_join_topk__fz_long,parity-exact,exact,exact,114.59,199.67,0.574,,,Both candidate and baseline produced exact results
fuzz7_0065_topk__fz_reversed_files,parity-exact,exact,exact,219.8,117.49,1.871,,,Both candidate and baseline produced exact results
fuzz7_0066_minmax__fz_snapshots,parity-exact,exact,exact,201.6,104.36,1.932,,,Both candidate and baseline produced exact results
fuzz7_0067_join_topk__fz_pos_deletes,parity-exact,exact,exact,279.07,320.06,0.872,,,Both candidate and baseline produced exact results
fuzz7_0068_topk__fz_updated,parity-exact,exact,exact,150.43,132.44,1.136,,,Both candidate and baseline produced exact results
fuzz7_0069_join_min__fz_dec,parity-exact,exact,exact,435.0,678.42,0.641,,,Both candidate and baseline produced exact results
fuzz7_0070_topk__fz_date,parity-exact,exact,exact,135.21,79.5,1.701,,,Both candidate and baseline produced exact results
fuzz7_0071_join__fz_part_evolved,parity-exact,exact,exact,304.91,354.18,0.861,,,Both candidate and baseline produced exact results
fuzz7_0072_join__fz_nulls,parity-exact,exact,exact,239.87,261.33,0.918,,,Both candidate and baseline produced exact results
fuzz7_0073_topk__fz_unsorted,parity-exact,exact,exact,167.91,120.5,1.393,,,Both candidate and baseline produced exact results
fuzz7_0074_topk__fz_evolved,parity-exact,exact,exact,122.87,88.1,1.395,,,Both candidate and baseline produced exact results
fuzz7_0075_join__fz_snapshots,parity-exact,exact,exact,451.93,397.37,1.137,,,Both candidate and baseline produced exact results
fuzz7_0076_join__fz_part_evolved,parity-exact,exact,exact,86.8,109.04,0.796,,,Both candidate and baseline produced exact results
fuzz7_0077_semi__fz_updated,parity-exact,exact,exact,241.11,273.84,0.88,,,Both candidate and baseline produced exact results
fuzz7_0078_minmax__fz_snapshots,parity-exact,exact,exact,251.62,157.0,1.603,,,Both candidate and baseline produced exact results
fuzz7_0079_join__fz_nan,parity-exact,exact,exact,312.76,369.95,0.845,,,Both candidate and baseline produced exact results
fuzz7_0080_join_topk__fz_updated,parity-exact,exact,exact,198.03,215.97,0.917,,,Both candidate and baseline produced exact results
fuzz7_0081_join__fz_part_evolved,parity-exact,exact,exact,210.82,223.99,0.941,,,Both candidate and baseline produced exact results
fuzz7_0082_join__fz_small_rg,parity-exact,exact,exact,244.37,277.37,0.881,,,Both candidate and baseline produced exact results
fuzz7_0083_topk__fz_pos_deletes,parity-exact,exact,exact,139.05,153.36,0.907,,,Both candidate and baseline produced exact results
fuzz7_0084_join_topk__fz_unsorted,parity-exact,exact,exact,374.99,321.48,1.166,,,Both candidate and baseline produced exact results
fuzz7_0085_topk__fz_dec,parity-exact,exact,exact,105.52,108.9,0.969,,,Both candidate and baseline produced exact results
fuzz7_0086_semi__fz_reversed_files,parity-exact,exact,exact,285.76,195.75,1.46,,,Both candidate and baseline produced exact results
fuzz7_0087_join__fz_pos_deletes,parity-exact,exact,exact,257.21,197.19,1.304,,,Both candidate and baseline produced exact results
fuzz7_0088_topk__fz_unsorted,parity-exact,exact,exact,585.96,332.23,1.764,,,Both candidate and baseline produced exact results
fuzz7_0089_join__fz_str,parity-exact,exact,exact,198.56,260.91,0.761,,,Both candidate and baseline produced exact results
fuzz7_0090_topk__fz_overlap,parity-exact,exact,exact,118.02,78.86,1.497,,,Both candidate and baseline produced exact results
fuzz7_0091_join__fz_str,parity-exact,exact,exact,237.84,229.26,1.037,,,Both candidate and baseline produced exact results
fuzz7_0092_topk__fz_str,parity-exact,exact,exact,141.32,161.34,0.876,,,Both candidate and baseline produced exact results
fuzz7_0093_semi__fz_evolved,parity-exact,exact,exact,218.29,225.4,0.968,,,Both candidate and baseline produced exact results
fuzz7_0094_minmax__fz_pos_deletes,parity-exact,exact,exact,115.76,108.23,1.07,,,Both candidate and baseline produced exact results
fuzz7_0095_topk__fz_updated,parity-exact,exact,exact,246.23,134.12,1.836,,,Both candidate and baseline produced exact results
fuzz7_0096_join_topk__fz_unsorted,parity-exact,exact,exact,1268.7,1267.87,1.001,,,Both candidate and baseline produced exact results
fuzz7_0097_join_topk__fz_str,parity-exact,exact,exact,292.46,320.75,0.912,,,Both candidate and baseline produced exact results
fuzz7_0098_join_topk__fz_snapshots,parity-exact,exact,exact,533.99,368.17,1.45,,,Both candidate and baseline produced exact results
fuzz7_0099_semi__fz_nan,parity-exact,exact,exact,649.99,459.56,1.414,,,Both candidate and baseline produced exact results
fuzz7_0100_join_min__fz_part_evolved,parity-exact,exact,exact,263.39,316.03,0.833,,,Both candidate and baseline produced exact results
fuzz7_0101_filtered_topk__fz_nan,parity-exact,exact,exact,222.71,197.21,1.129,,,Both candidate and baseline produced exact results
fuzz7_0102_minmax__fz_nulls,parity-exact,exact,exact,84.33,87.98,0.959,,,Both candidate and baseline produced exact results
fuzz7_0103_topk__fz_small_rg,parity-exact,exact,exact,230.31,164.13,1.403,,,Both candidate and baseline produced exact results
fuzz7_0104_join_topk__fz_snapshots,parity-exact,exact,exact,457.66,337.05,1.358,,,Both candidate and baseline produced exact results
fuzz7_0105_join_min__fz_dec,parity-exact,exact,exact,543.87,529.28,1.028,,,Both candidate and baseline produced exact results
fuzz7_0106_filtered_topk__fz_updated,parity-exact,exact,exact,119.99,116.05,1.034,,,Both candidate and baseline produced exact results
fuzz7_0107_topk__fz_pos_deletes,parity-exact,exact,exact,492.37,184.17,2.673,,,Both candidate and baseline produced exact results
fuzz7_0108_topk__fz_sorted,parity-exact,exact,exact,88.12,59.23,1.488,,,Both candidate and baseline produced exact results
fuzz7_0109_join_min__fz_unsorted,parity-exact,exact,exact,235.06,185.62,1.266,,,Both candidate and baseline produced exact results
fuzz7_0110_join_min__fz_updated,parity-exact,exact,exact,368.33,203.98,1.806,,,Both candidate and baseline produced exact results
fuzz7_0111_join__fz_str,parity-exact,exact,exact,203.17,152.79,1.33,,,Both candidate and baseline produced exact results
fuzz7_0112_join__fz_dec,parity-exact,exact,exact,445.33,424.17,1.05,,,Both candidate and baseline produced exact results
fuzz7_0113_topk__fz_dec,parity-exact,exact,exact,320.0,309.67,1.033,,,Both candidate and baseline produced exact results
fuzz7_0114_join__fz_long,parity-exact,exact,exact,255.57,244.54,1.045,,,Both candidate and baseline produced exact results
fuzz7_0115_join_topk__fz_overlap,parity-exact,exact,exact,283.59,224.14,1.265,,,Both candidate and baseline produced exact results
fuzz7_0116_join__fz_date,parity-exact,exact,exact,177.91,181.54,0.98,,,Both candidate and baseline produced exact results
fuzz7_0117_join_min__fz_reversed_files,parity-exact,exact,exact,479.5,527.08,0.91,,,Both candidate and baseline produced exact results
fuzz7_0118_join_min__fz_part_evolved,parity-exact,exact,exact,331.21,365.06,0.907,,,Both candidate and baseline produced exact results
fuzz7_0119_filtered_topk__fz_part_evolved,parity-exact,exact,exact,311.89,216.84,1.438,,,Both candidate and baseline produced exact results
fuzz7_0120_join__fz_reversed_files,parity-exact,exact,exact,295.57,161.38,1.832,,,Both candidate and baseline produced exact results
fuzz7_0121_join__fz_sorted,parity-exact,exact,exact,547.81,269.37,2.034,,,Both candidate and baseline produced exact results
fuzz7_0122_minmax__fz_sorted,parity-exact,exact,exact,94.75,91.76,1.033,,,Both candidate and baseline produced exact results
fuzz7_0123_join_topk__fz_skewed,parity-exact,exact,exact,309.99,280.92,1.103,,,Both candidate and baseline produced exact results
fuzz7_0124_join__fz_updated,parity-exact,exact,exact,235.55,226.47,1.04,,,Both candidate and baseline produced exact results
fuzz7_0125_topk__fz_reversed_files,parity-exact,exact,exact,1027.92,198.6,5.176,,,Both candidate and baseline produced exact results
fuzz7_0126_join__fz_reversed_files,parity-exact,exact,exact,294.25,125.3,2.348,,,Both candidate and baseline produced exact results
fuzz7_0127_semi__fz_unsorted,parity-exact,exact,exact,222.02,312.54,0.71,,,Both candidate and baseline produced exact results
fuzz7_0128_semi__fz_dec,parity-exact,exact,exact,360.13,388.67,0.927,,,Both candidate and baseline produced exact results
fuzz7_0129_join__fz_sorted,parity-exact,exact,exact,188.55,208.98,0.902,,,Both candidate and baseline produced exact results
fuzz7_0130_join_topk__fz_nulls,parity-exact,exact,exact,218.77,258.56,0.846,,,Both candidate and baseline produced exact results
fuzz7_0131_semi__fz_evolved,parity-exact,exact,exact,234.58,320.33,0.732,,,Both candidate and baseline produced exact results
fuzz7_0132_join_min__fz_updated,parity-exact,exact,exact,258.97,259.45,0.998,,,Both candidate and baseline produced exact results
fuzz7_0133_minmax__fz_snapshots,parity-exact,exact,exact,284.62,98.44,2.891,,,Both candidate and baseline produced exact results
fuzz7_0134_join__fz_date,parity-exact,exact,exact,262.37,354.12,0.741,,,Both candidate and baseline produced exact results
fuzz7_0135_join__fz_sorted,parity-exact,exact,exact,157.2,174.62,0.9,,,Both candidate and baseline produced exact results
fuzz7_0136_join_topk__fz_overlap,parity-exact,exact,exact,244.9,334.18,0.733,,,Both candidate and baseline produced exact results
fuzz7_0137_topk__fz_str,parity-exact,exact,exact,336.81,374.81,0.899,,,Both candidate and baseline produced exact results
fuzz7_0138_join_topk__fz_date,parity-exact,exact,exact,199.03,159.17,1.25,,,Both candidate and baseline produced exact results
fuzz7_0139_join__fz_evolved,parity-exact,exact,exact,347.23,239.87,1.448,,,Both candidate and baseline produced exact results
fuzz7_0140_minmax__fz_evolved,parity-exact,exact,exact,120.75,115.86,1.042,,,Both candidate and baseline produced exact results
fuzz7_0141_topk__fz_dec,parity-exact,exact,exact,807.21,877.96,0.919,,,Both candidate and baseline produced exact results
fuzz7_0142_join__fz_date,parity-exact,exact,exact,279.65,185.02,1.511,,,Both candidate and baseline produced exact results
fuzz7_0143_join_min__fz_unsorted,parity-exact,exact,exact,166.06,152.78,1.087,,,Both candidate and baseline produced exact results
fuzz7_0144_minmax__fz_part_evolved,parity-exact,exact,exact,98.71,103.32,0.955,,,Both candidate and baseline produced exact results
fuzz7_0145_filtered_topk__fz_evolved,parity-exact,exact,exact,102.43,100.88,1.015,,,Both candidate and baseline produced exact results
fuzz7_0146_join_topk__fz_part_evolved,parity-exact,exact,exact,380.95,237.21,1.606,,,Both candidate and baseline produced exact results
fuzz7_0147_topk__fz_pos_deletes,parity-exact,exact,exact,266.56,82.98,3.212,,,Both candidate and baseline produced exact results
fuzz7_0148_join_min__fz_overlap,parity-exact,exact,exact,140.28,175.65,0.799,,,Both candidate and baseline produced exact results
fuzz7_0149_topk__fz_nan,parity-exact,exact,exact,156.78,216.13,0.725,,,Both candidate and baseline produced exact results
fuzz7_0150_topk__fz_snapshots,parity-exact,exact,exact,398.45,125.43,3.177,,,Both candidate and baseline produced exact results
fuzz7_0151_join__fz_str,parity-exact,exact,exact,317.22,229.47,1.382,,,Both candidate and baseline produced exact results
fuzz7_0152_join_min__fz_part_evolved,parity-exact,exact,exact,1398.95,1221.46,1.145,,,Both candidate and baseline produced exact results
fuzz7_0153_join__fz_part_evolved,parity-exact,exact,exact,313.97,211.72,1.483,,,Both candidate and baseline produced exact results
fuzz7_0154_join__fz_overlap,parity-exact,exact,exact,277.5,284.08,0.977,,,Both candidate and baseline produced exact results
fuzz7_0155_join__fz_pos_deletes,parity-exact,exact,exact,304.75,272.93,1.117,,,Both candidate and baseline produced exact results
fuzz7_0156_topk__fz_small_rg,parity-exact,exact,exact,380.35,196.92,1.931,,,Both candidate and baseline produced exact results
fuzz7_0157_topk__fz_dec,parity-exact,exact,exact,158.19,130.68,1.21,,,Both candidate and baseline produced exact results
fuzz7_0158_minmax__fz_date,parity-exact,exact,exact,71.09,121.37,0.586,,,Both candidate and baseline produced exact results
fuzz7_0159_join__fz_reversed_files,parity-exact,exact,exact,319.24,188.92,1.69,,,Both candidate and baseline produced exact results
fuzz7_0160_join__fz_unsorted,parity-exact,exact,exact,260.82,237.13,1.1,,,Both candidate and baseline produced exact results
fuzz7_0161_semi__fz_evolved,parity-exact,exact,exact,175.74,268.36,0.655,,,Both candidate and baseline produced exact results
fuzz7_0162_join_topk__fz_nan,parity-exact,exact,exact,846.09,933.11,0.907,,,Both candidate and baseline produced exact results
fuzz7_0163_semi__fz_nulls,parity-exact,exact,exact,395.49,219.72,1.8,,,Both candidate and baseline produced exact results
fuzz7_0164_semi__fz_updated,parity-exact,exact,exact,235.37,274.75,0.857,,,Both candidate and baseline produced exact results
fuzz7_0165_topk__fz_overlap,parity-exact,exact,exact,82.22,67.84,1.212,,,Both candidate and baseline produced exact results
fuzz7_0166_join_topk__fz_dec,parity-exact,exact,exact,536.31,427.56,1.254,,,Both candidate and baseline produced exact results
fuzz7_0167_join_topk__fz_part_evolved,parity-exact,exact,exact,287.98,315.81,0.912,,,Both candidate and baseline produced exact results
fuzz7_0168_filtered_topk__fz_snapshots,parity-exact,exact,exact,402.1,286.18,1.405,,,Both candidate and baseline produced exact results
fuzz7_0169_semi__fz_long,parity-exact,exact,exact,1341.63,1423.63,0.942,,,Both candidate and baseline produced exact results
fuzz7_0170_join__fz_overlap,parity-exact,exact,exact,130.92,116.26,1.126,,,Both candidate and baseline produced exact results
fuzz7_0171_minmax__fz_dec,parity-exact,exact,exact,131.65,133.61,0.985,,,Both candidate and baseline produced exact results
fuzz7_0172_join_topk__fz_reversed_files,parity-exact,exact,exact,462.69,281.08,1.646,,,Both candidate and baseline produced exact results
fuzz7_0173_minmax__fz_nan,parity-exact,exact,exact,138.81,132.03,1.051,,,Both candidate and baseline produced exact results
fuzz7_0174_filtered_topk__fz_updated,parity-exact,exact,exact,118.99,135.42,0.879,,,Both candidate and baseline produced exact results
fuzz7_0175_join__fz_nan,parity-exact,exact,exact,462.35,393.4,1.175,,,Both candidate and baseline produced exact results
fuzz7_0176_join__fz_updated,parity-exact,exact,exact,459.34,432.92,1.061,,,Both candidate and baseline produced exact results
fuzz7_0177_join__fz_nan,parity-exact,exact,exact,2324.04,2299.96,1.01,,,Both candidate and baseline produced exact results
fuzz7_0178_semi__fz_overlap,parity-exact,exact,exact,261.38,328.65,0.795,,,Both candidate and baseline produced exact results
fuzz7_0179_join_min__fz_pos_deletes,parity-exact,exact,exact,364.17,251.24,1.45,,,Both candidate and baseline produced exact results
fuzz7_0180_topk__fz_unsorted,parity-exact,exact,exact,153.27,117.36,1.306,,,Both candidate and baseline produced exact results
fuzz7_0181_minmax__fz_skewed,parity-exact,exact,exact,114.56,133.49,0.858,,,Both candidate and baseline produced exact results
fuzz7_0182_topk__fz_nulls,parity-exact,exact,exact,418.59,483.9,0.865,,,Both candidate and baseline produced exact results
fuzz7_0183_join__fz_pos_deletes,parity-exact,exact,exact,243.92,204.96,1.19,,,Both candidate and baseline produced exact results
fuzz7_0184_minmax__fz_dec,parity-exact,exact,exact,80.42,82.19,0.979,,,Both candidate and baseline produced exact results
fuzz7_0185_topk__fz_long,parity-exact,exact,exact,479.1,86.29,5.552,,,Both candidate and baseline produced exact results
fuzz7_0186_join_topk__fz_pos_deletes,parity-exact,exact,exact,303.18,251.36,1.206,,,Both candidate and baseline produced exact results
fuzz7_0187_topk__fz_str,parity-exact,exact,exact,134.97,141.07,0.957,,,Both candidate and baseline produced exact results
fuzz7_0188_minmax__fz_reversed_files,parity-exact,exact,exact,241.91,127.74,1.894,,,Both candidate and baseline produced exact results
fuzz7_0189_semi__fz_part_evolved,parity-exact,exact,exact,363.04,302.95,1.198,,,Both candidate and baseline produced exact results
fuzz7_0190_minmax__fz_updated,parity-exact,exact,exact,256.73,280.29,0.916,,,Both candidate and baseline produced exact results
fuzz7_0191_join__fz_dec,parity-exact,exact,exact,311.21,420.62,0.74,,,Both candidate and baseline produced exact results
fuzz7_0192_join__fz_reversed_files,parity-exact,exact,exact,193.25,155.82,1.24,,,Both candidate and baseline produced exact results
fuzz7_0193_filtered_topk__fz_small_rg,parity-exact,exact,exact,468.32,450.97,1.038,,,Both candidate and baseline produced exact results
fuzz7_0194_topk__fz_nan,parity-exact,exact,exact,140.95,137.75,1.023,,,Both candidate and baseline produced exact results
fuzz7_0195_topk__fz_date,parity-exact,exact,exact,166.3,169.49,0.981,,,Both candidate and baseline produced exact results
fuzz7_0196_semi__fz_evolved,parity-exact,exact,exact,336.42,239.19,1.406,,,Both candidate and baseline produced exact results
fuzz7_0197_join_topk__fz_pos_deletes,parity-exact,exact,exact,247.52,259.16,0.955,,,Both candidate and baseline produced exact results
fuzz7_0198_join_min__fz_small_rg,parity-exact,exact,exact,192.38,191.14,1.006,,,Both candidate and baseline produced exact results
fuzz7_0199_join_min__fz_updated,parity-exact,exact,exact,491.2,428.84,1.145,,,Both candidate and baseline produced exact results
fuzz7_0200_join__fz_dec,parity-exact,exact,exact,270.4,201.72,1.34,,,Both candidate and baseline produced exact results
fuzz7_0201_join_topk__fz_date,parity-exact,exact,exact,202.66,209.21,0.969,,,Both candidate and baseline produced exact results
fuzz7_0202_join__fz_long,parity-exact,exact,exact,137.31,61.9,2.218,,,Both candidate and baseline produced exact results
fuzz7_0203_semi__fz_overlap,parity-exact,exact,exact,282.04,160.44,1.758,,,Both candidate and baseline produced exact results
fuzz7_0204_join__fz_reversed_files,parity-exact,exact,exact,237.76,509.25,0.467,,,Both candidate and baseline produced exact results
fuzz7_0205_filtered_topk__fz_unsorted,parity-exact,exact,exact,132.2,160.0,0.826,,,Both candidate and baseline produced exact results
fuzz7_0206_join__fz_str,parity-exact,exact,exact,276.96,257.41,1.076,,,Both candidate and baseline produced exact results
fuzz7_0207_semi__fz_str,baseline-invalid-candidate-pass,exact,,,3084.51,,,,Baseline hit broadcast coalescing bug (mismatch / OversizedAllocationException); candidate passed exact
fuzz7_0208_join__fz_part_evolved,parity-exact,exact,exact,227.21,215.11,1.056,,,Both candidate and baseline produced exact results
fuzz7_0209_join__fz_pos_deletes,parity-exact,exact,exact,232.59,364.28,0.638,,,Both candidate and baseline produced exact results
fuzz7_0210_topk__fz_updated,parity-exact,exact,exact,147.86,116.21,1.272,,,Both candidate and baseline produced exact results
fuzz7_0211_topk__fz_nulls,parity-exact,exact,exact,79.53,58.11,1.369,,,Both candidate and baseline produced exact results
fuzz7_0212_join_topk__fz_overlap,parity-exact,exact,exact,308.32,329.53,0.936,,,Both candidate and baseline produced exact results
fuzz7_0213_semi__fz_dec,parity-exact,exact,exact,532.07,471.15,1.129,,,Both candidate and baseline produced exact results
fuzz7_0214_join__fz_dec,parity-exact,exact,exact,440.35,437.02,1.008,,,Both candidate and baseline produced exact results
fuzz7_0215_minmax__fz_evolved,parity-exact,exact,exact,82.97,83.28,0.996,,,Both candidate and baseline produced exact results
fuzz7_0216_join_topk__fz_evolved,parity-exact,exact,exact,186.29,616.22,0.302,,,Both candidate and baseline produced exact results
fuzz7_0217_join__fz_dec,parity-exact,exact,exact,450.21,377.34,1.193,,,Both candidate and baseline produced exact results
fuzz7_0218_join_min__fz_reversed_files,parity-exact,exact,exact,385.41,193.43,1.993,,,Both candidate and baseline produced exact results
fuzz7_0219_topk__fz_overlap,parity-exact,exact,exact,158.98,116.63,1.363,,,Both candidate and baseline produced exact results
fuzz7_0220_minmax__fz_date,parity-exact,exact,exact,76.59,77.31,0.991,,,Both candidate and baseline produced exact results
fuzz7_0221_minmax__fz_small_rg,parity-exact,exact,exact,198.13,209.17,0.947,,,Both candidate and baseline produced exact results
fuzz7_0222_join_topk__fz_date,parity-exact,exact,exact,219.95,424.02,0.519,,,Both candidate and baseline produced exact results
fuzz7_0223_minmax__fz_long,parity-exact,exact,exact,115.63,84.08,1.375,,,Both candidate and baseline produced exact results
fuzz7_0224_join__fz_overlap,parity-exact,exact,exact,145.11,163.05,0.89,,,Both candidate and baseline produced exact results
fuzz7_0225_semi__fz_reversed_files,parity-exact,exact,exact,711.0,485.63,1.464,,,Both candidate and baseline produced exact results
fuzz7_0226_topk__fz_overlap,parity-exact,exact,exact,99.79,61.13,1.632,,,Both candidate and baseline produced exact results
fuzz7_0227_join_min__fz_long,parity-exact,exact,exact,127.46,126.42,1.008,,,Both candidate and baseline produced exact results
fuzz7_0228_join_min__fz_nulls,parity-exact,exact,exact,132.02,143.99,0.917,,,Both candidate and baseline produced exact results
fuzz7_0229_filtered_topk__fz_small_rg,parity-exact,exact,exact,202.36,231.29,0.875,,,Both candidate and baseline produced exact results
fuzz7_0230_topk__fz_reversed_files,parity-exact,exact,exact,305.14,162.74,1.875,,,Both candidate and baseline produced exact results
fuzz7_0231_join__fz_long,parity-exact,exact,exact,287.62,319.71,0.9,,,Both candidate and baseline produced exact results
fuzz7_0232_semi__fz_updated,parity-exact,exact,exact,261.81,410.07,0.638,,,Both candidate and baseline produced exact results
fuzz7_0233_join__fz_nulls,parity-exact,exact,exact,249.3,209.75,1.189,,,Both candidate and baseline produced exact results
fuzz7_0234_topk__fz_reversed_files,parity-exact,exact,exact,278.97,128.56,2.17,,,Both candidate and baseline produced exact results
fuzz7_0235_topk__fz_long,parity-exact,exact,exact,337.62,87.44,3.861,,,Both candidate and baseline produced exact results
fuzz7_0236_join_topk__fz_date,parity-exact,exact,exact,145.76,295.54,0.493,,,Both candidate and baseline produced exact results
fuzz7_0237_join_min__fz_reversed_files,parity-exact,exact,exact,311.33,232.93,1.337,,,Both candidate and baseline produced exact results
fuzz7_0238_join__fz_snapshots,parity-exact,exact,exact,465.44,273.3,1.703,,,Both candidate and baseline produced exact results
fuzz7_0239_join_topk__fz_sorted,parity-exact,exact,exact,318.0,439.63,0.723,,,Both candidate and baseline produced exact results
fuzz7_0240_join_min__fz_long,parity-exact,exact,exact,212.71,356.95,0.596,,,Both candidate and baseline produced exact results
fuzz7_0241_filtered_topk__fz_sorted,parity-exact,exact,exact,77.3,87.94,0.879,,,Both candidate and baseline produced exact results
fuzz7_0242_join__fz_skewed,parity-exact,exact,exact,225.14,302.72,0.744,,,Both candidate and baseline produced exact results
fuzz7_0243_topk__fz_str,parity-exact,exact,exact,222.62,215.77,1.032,,,Both candidate and baseline produced exact results
fuzz7_0244_join__fz_small_rg,parity-exact,exact,exact,261.68,276.19,0.947,,,Both candidate and baseline produced exact results
fuzz7_0245_join__fz_snapshots,parity-exact,exact,exact,293.55,240.38,1.221,,,Both candidate and baseline produced exact results
fuzz7_0246_minmax__fz_sorted,parity-exact,exact,exact,76.05,75.2,1.011,,,Both candidate and baseline produced exact results
fuzz7_0247_join_topk__fz_reversed_files,parity-exact,exact,exact,226.61,180.26,1.257,,,Both candidate and baseline produced exact results
fuzz7_0248_minmax__fz_nan,parity-exact,exact,exact,300.27,384.43,0.781,,,Both candidate and baseline produced exact results
fuzz7_0249_topk__fz_str,parity-exact,exact,exact,134.98,119.03,1.134,,,Both candidate and baseline produced exact results
fuzz7_0250_topk__fz_part_evolved,parity-exact,exact,exact,607.35,308.75,1.967,,,Both candidate and baseline produced exact results
fuzz7_0251_semi__fz_sorted,parity-exact,exact,exact,451.98,232.14,1.947,,,Both candidate and baseline produced exact results
fuzz7_0252_minmax__fz_pos_deletes,parity-exact,exact,exact,150.29,150.59,0.998,,,Both candidate and baseline produced exact results
fuzz7_0253_join_min__fz_unsorted,parity-exact,exact,exact,234.86,333.67,0.704,,,Both candidate and baseline produced exact results
fuzz7_0254_minmax__fz_str,parity-exact,exact,exact,304.53,357.31,0.852,,,Both candidate and baseline produced exact results
fuzz7_0255_join__fz_nulls,parity-exact,exact,exact,228.72,266.93,0.857,,,Both candidate and baseline produced exact results
fuzz7_0256_topk__fz_reversed_files,parity-exact,exact,exact,299.7,72.8,4.117,,,Both candidate and baseline produced exact results
fuzz7_0257_join__fz_str,parity-exact,exact,exact,516.6,549.88,0.939,,,Both candidate and baseline produced exact results
fuzz7_0258_topk__fz_long,parity-exact,exact,exact,109.78,75.5,1.454,,,Both candidate and baseline produced exact results
fuzz7_0259_filtered_topk__fz_unsorted,parity-exact,exact,exact,164.48,148.36,1.109,,,Both candidate and baseline produced exact results
fuzz7_0260_join_min__fz_nan,parity-exact,exact,exact,366.05,370.55,0.988,,,Both candidate and baseline produced exact results
fuzz7_0261_semi__fz_date,parity-exact,exact,exact,224.48,240.82,0.932,,,Both candidate and baseline produced exact results
fuzz7_0262_topk__fz_unsorted,parity-exact,exact,exact,95.18,79.06,1.204,,,Both candidate and baseline produced exact results
fuzz7_0263_semi__fz_evolved,parity-exact,exact,exact,230.0,278.06,0.827,,,Both candidate and baseline produced exact results
fuzz7_0264_join__fz_date,parity-exact,exact,exact,131.23,109.48,1.199,,,Both candidate and baseline produced exact results
fuzz7_0265_minmax__fz_dec,parity-exact,exact,exact,123.56,124.81,0.99,,,Both candidate and baseline produced exact results
fuzz7_0266_join__fz_nan,parity-exact,exact,exact,706.78,674.25,1.048,,,Both candidate and baseline produced exact results
fuzz7_0267_minmax__fz_nan,parity-exact,exact,exact,156.48,180.24,0.868,,,Both candidate and baseline produced exact results
fuzz7_0268_filtered_topk__fz_unsorted,parity-exact,exact,exact,261.62,189.35,1.382,,,Both candidate and baseline produced exact results
fuzz7_0269_minmax__fz_sorted,parity-exact,exact,exact,63.03,55.37,1.138,,,Both candidate and baseline produced exact results
fuzz7_0270_topk__fz_reversed_files,parity-exact,exact,exact,300.43,126.19,2.381,,,Both candidate and baseline produced exact results
fuzz7_0271_topk__fz_updated,parity-exact,exact,exact,401.0,230.84,1.737,,,Both candidate and baseline produced exact results
fuzz7_0272_minmax__fz_long,parity-exact,exact,exact,198.8,176.26,1.128,,,Both candidate and baseline produced exact results
fuzz7_0273_join__fz_nan,parity-exact,exact,exact,525.51,589.35,0.892,,,Both candidate and baseline produced exact results
fuzz7_0274_filtered_topk__fz_snapshots,parity-exact,exact,exact,408.3,179.8,2.271,,,Both candidate and baseline produced exact results
fuzz7_0275_join__fz_reversed_files,parity-exact,exact,exact,304.71,194.82,1.564,,,Both candidate and baseline produced exact results
fuzz7_0276_join__fz_unsorted,parity-exact,exact,exact,179.89,234.47,0.767,,,Both candidate and baseline produced exact results
fuzz7_0277_semi__fz_snapshots,parity-exact,exact,exact,375.77,223.16,1.684,,,Both candidate and baseline produced exact results
fuzz7_0278_topk__fz_evolved,parity-exact,exact,exact,240.85,123.77,1.946,,,Both candidate and baseline produced exact results
fuzz7_0279_semi__fz_long,parity-exact,exact,exact,301.87,377.21,0.8,,,Both candidate and baseline produced exact results
fuzz7_0280_minmax__fz_date,parity-exact,exact,exact,69.82,61.45,1.136,,,Both candidate and baseline produced exact results
fuzz7_0281_topk__fz_pos_deletes,parity-exact,exact,exact,253.8,84.52,3.003,,,Both candidate and baseline produced exact results
fuzz7_0282_join_topk__fz_date,parity-exact,exact,exact,236.45,203.57,1.162,,,Both candidate and baseline produced exact results
fuzz7_0283_join__fz_updated,parity-exact,exact,exact,503.97,460.93,1.093,,,Both candidate and baseline produced exact results
fuzz7_0284_join_min__fz_snapshots,parity-exact,exact,exact,404.32,367.22,1.101,,,Both candidate and baseline produced exact results
fuzz7_0285_join_min__fz_nan,parity-exact,exact,exact,762.2,360.38,2.115,,,Both candidate and baseline produced exact results
fuzz7_0286_join__fz_nan,parity-exact,exact,exact,336.48,299.42,1.124,,,Both candidate and baseline produced exact results
fuzz7_0287_join__fz_pos_deletes,parity-exact,exact,exact,195.98,222.54,0.881,,,Both candidate and baseline produced exact results
fuzz7_0288_join__fz_date,parity-exact,exact,exact,354.93,272.24,1.304,,,Both candidate and baseline produced exact results
fuzz7_0289_join_topk__fz_evolved,parity-exact,exact,exact,207.71,228.75,0.908,,,Both candidate and baseline produced exact results
fuzz7_0290_join_min__fz_nulls,parity-exact,exact,exact,127.42,156.91,0.812,,,Both candidate and baseline produced exact results
fuzz7_0291_minmax__fz_dec,parity-exact,exact,exact,132.1,130.0,1.016,,,Both candidate and baseline produced exact results
fuzz7_0292_semi__fz_unsorted,parity-exact,exact,exact,1385.17,1279.29,1.083,,,Both candidate and baseline produced exact results
fuzz7_0293_semi__fz_small_rg,parity-exact,exact,exact,270.79,320.84,0.844,,,Both candidate and baseline produced exact results
fuzz7_0294_join_min__fz_sorted,parity-exact,exact,exact,306.45,524.31,0.584,,,Both candidate and baseline produced exact results
fuzz7_0295_topk__fz_dec,parity-exact,exact,exact,192.35,114.42,1.681,,,Both candidate and baseline produced exact results
fuzz7_0296_filtered_topk__fz_small_rg,parity-exact,exact,exact,941.85,873.52,1.078,,,Both candidate and baseline produced exact results
fuzz7_0297_topk__fz_snapshots,parity-exact,exact,exact,471.36,179.15,2.631,,,Both candidate and baseline produced exact results
fuzz7_0298_join_min__fz_snapshots,parity-exact,exact,exact,384.99,236.11,1.631,,,Both candidate and baseline produced exact results
fuzz7_0299_join__fz_pos_deletes,parity-exact,exact,exact,182.0,167.26,1.088,,,Both candidate and baseline produced exact results
fuzz7_0300_join_topk__fz_small_rg,parity-exact,exact,exact,1125.36,1042.6,1.079,,,Both candidate and baseline produced exact results
fuzz7_0301_join__fz_small_rg,parity-exact,exact,exact,413.94,350.57,1.181,,,Both candidate and baseline produced exact results
fuzz7_0302_semi__fz_evolved,parity-exact,exact,exact,490.62,406.29,1.208,,,Both candidate and baseline produced exact results
fuzz7_0303_filtered_topk__fz_pos_deletes,parity-exact,exact,exact,84.86,91.82,0.924,,,Both candidate and baseline produced exact results
fuzz7_0304_topk__fz_dec,parity-exact,exact,exact,582.43,601.94,0.968,,,Both candidate and baseline produced exact results
fuzz7_0305_topk__fz_pos_deletes,parity-exact,exact,exact,113.6,107.89,1.053,,,Both candidate and baseline produced exact results
fuzz7_0306_join__fz_pos_deletes,parity-exact,exact,exact,483.45,511.43,0.945,,,Both candidate and baseline produced exact results
fuzz7_0307_join__fz_snapshots,parity-exact,exact,exact,426.24,217.88,1.956,,,Both candidate and baseline produced exact results
fuzz7_0308_join_min__fz_small_rg,parity-exact,exact,exact,314.7,291.3,1.08,,,Both candidate and baseline produced exact results
fuzz7_0309_join__fz_long,parity-exact,exact,exact,253.23,356.06,0.711,,,Both candidate and baseline produced exact results
fuzz7_0310_join__fz_part_evolved,parity-exact,exact,exact,211.15,253.76,0.832,,,Both candidate and baseline produced exact results
fuzz7_0311_semi__fz_snapshots,parity-exact,exact,exact,467.34,196.8,2.375,,,Both candidate and baseline produced exact results
fuzz7_0312_join__fz_date,parity-exact,exact,exact,215.4,139.69,1.542,,,Both candidate and baseline produced exact results
fuzz7_0313_semi__fz_long,parity-exact,exact,exact,598.09,548.97,1.089,,,Both candidate and baseline produced exact results
fuzz7_0314_join_min__fz_reversed_files,parity-exact,exact,exact,234.76,186.8,1.257,,,Both candidate and baseline produced exact results
fuzz7_0315_minmax__fz_unsorted,parity-exact,exact,exact,141.42,55.02,2.57,,,Both candidate and baseline produced exact results
fuzz7_0316_join_min__fz_small_rg,parity-exact,exact,exact,261.99,246.29,1.064,,,Both candidate and baseline produced exact results
fuzz7_0317_join__fz_overlap,parity-exact,exact,exact,866.14,1002.66,0.864,,,Both candidate and baseline produced exact results
fuzz7_0318_minmax__fz_evolved,parity-exact,exact,exact,129.02,123.06,1.048,,,Both candidate and baseline produced exact results
fuzz7_0319_join_topk__fz_long,parity-exact,exact,exact,210.65,279.17,0.755,,,Both candidate and baseline produced exact results
fuzz7_0320_join_topk__fz_sorted,parity-exact,exact,exact,408.26,168.35,2.425,,,Both candidate and baseline produced exact results
fuzz7_0321_minmax__fz_reversed_files,parity-exact,exact,exact,432.68,53.68,8.061,,,Both candidate and baseline produced exact results
fuzz7_0322_join_min__fz_skewed,parity-exact,exact,exact,280.28,235.42,1.191,,,Both candidate and baseline produced exact results
fuzz7_0323_filtered_topk__fz_overlap,parity-exact,exact,exact,97.49,97.34,1.002,,,Both candidate and baseline produced exact results
fuzz7_0324_topk__fz_pos_deletes,parity-exact,exact,exact,320.57,106.73,3.004,,,Both candidate and baseline produced exact results
fuzz7_0325_join__fz_part_evolved,parity-exact,exact,exact,473.08,445.98,1.061,,,Both candidate and baseline produced exact results
fuzz7_0326_topk__fz_updated,parity-exact,exact,exact,301.31,192.56,1.565,,,Both candidate and baseline produced exact results
fuzz7_0327_topk__fz_sorted,parity-exact,exact,exact,129.15,89.75,1.439,,,Both candidate and baseline produced exact results
fuzz7_0328_topk__fz_updated,parity-exact,exact,exact,259.88,228.18,1.139,,,Both candidate and baseline produced exact results
fuzz7_0329_join_min__fz_evolved,parity-exact,exact,exact,232.16,237.38,0.978,,,Both candidate and baseline produced exact results
fuzz7_0330_topk__fz_nan,parity-exact,exact,exact,312.9,199.26,1.57,,,Both candidate and baseline produced exact results
fuzz7_0331_filtered_topk__fz_evolved,parity-exact,exact,exact,125.44,96.18,1.304,,,Both candidate and baseline produced exact results
fuzz7_0332_minmax__fz_updated,parity-exact,exact,exact,80.9,127.31,0.635,,,Both candidate and baseline produced exact results
fuzz7_0333_join__fz_unsorted,parity-exact,exact,exact,531.02,307.4,1.727,,,Both candidate and baseline produced exact results
fuzz7_0334_semi__fz_unsorted,parity-exact,exact,exact,288.11,220.02,1.309,,,Both candidate and baseline produced exact results
fuzz7_0335_semi__fz_part_evolved,parity-exact,exact,exact,169.79,190.29,0.892,,,Both candidate and baseline produced exact results
fuzz7_0336_join__fz_small_rg,parity-exact,exact,exact,414.23,493.55,0.839,,,Both candidate and baseline produced exact results
fuzz7_0337_minmax__fz_date,parity-exact,exact,exact,67.97,61.42,1.107,,,Both candidate and baseline produced exact results
fuzz7_0338_minmax__fz_long,parity-exact,exact,exact,142.79,149.44,0.956,,,Both candidate and baseline produced exact results
fuzz7_0339_join__fz_snapshots,parity-exact,exact,exact,605.52,419.99,1.442,,,Both candidate and baseline produced exact results
fuzz7_0340_join_min__fz_unsorted,parity-exact,exact,exact,104.8,103.34,1.014,,,Both candidate and baseline produced exact results
fuzz7_0341_filtered_topk__fz_date,parity-exact,exact,exact,95.39,91.9,1.038,,,Both candidate and baseline produced exact results
fuzz7_0342_topk__fz_date,parity-exact,exact,exact,115.2,70.01,1.645,,,Both candidate and baseline produced exact results
fuzz7_0343_join__fz_nulls,parity-exact,exact,exact,267.23,289.4,0.923,,,Both candidate and baseline produced exact results
fuzz7_0344_join__fz_date,parity-exact,exact,exact,575.82,558.2,1.032,,,Both candidate and baseline produced exact results
fuzz7_0345_topk__fz_overlap,parity-exact,exact,exact,232.48,141.92,1.638,,,Both candidate and baseline produced exact results
fuzz7_0346_join__fz_str,baseline-invalid-candidate-pass,exact,mismatch,,1275.22,,,,Baseline hit broadcast coalescing bug (mismatch / OversizedAllocationException); candidate passed exact
fuzz7_0347_join__fz_nulls,parity-exact,exact,exact,528.24,386.95,1.365,,,Both candidate and baseline produced exact results
fuzz7_0348_filtered_topk__fz_unsorted,parity-exact,exact,exact,135.19,171.26,0.789,,,Both candidate and baseline produced exact results
fuzz7_0349_join__fz_long,parity-exact,exact,exact,330.46,250.6,1.319,,,Both candidate and baseline produced exact results
fuzz7_0350_semi__fz_snapshots,parity-exact,exact,exact,1399.24,1073.31,1.304,,,Both candidate and baseline produced exact results
fuzz7_0351_filtered_topk__fz_sorted,parity-exact,exact,exact,263.67,247.18,1.067,,,Both candidate and baseline produced exact results
fuzz7_0352_minmax__fz_small_rg,parity-exact,exact,exact,181.06,227.16,0.797,,,Both candidate and baseline produced exact results
fuzz7_0353_minmax__fz_sorted,parity-exact,exact,exact,118.4,114.01,1.038,,,Both candidate and baseline produced exact results
fuzz7_0354_semi__fz_updated,parity-exact,exact,exact,206.67,233.23,0.886,,,Both candidate and baseline produced exact results
fuzz7_0355_topk__fz_small_rg,parity-exact,exact,exact,288.91,155.88,1.853,,,Both candidate and baseline produced exact results
fuzz7_0356_semi__fz_updated,parity-exact,exact,exact,194.97,222.17,0.878,,,Both candidate and baseline produced exact results
fuzz7_0357_join__fz_updated,parity-exact,exact,exact,322.14,391.89,0.822,,,Both candidate and baseline produced exact results
fuzz7_0358_join__fz_str,parity-exact,exact,exact,438.49,421.33,1.041,,,Both candidate and baseline produced exact results
fuzz7_0359_topk__fz_pos_deletes,parity-exact,exact,exact,205.94,140.09,1.47,,,Both candidate and baseline produced exact results
fuzz7_0360_join__fz_pos_deletes,parity-exact,exact,exact,137.1,116.71,1.175,,,Both candidate and baseline produced exact results
fuzz7_0361_join_topk__fz_date,parity-exact,exact,exact,246.4,333.05,0.74,,,Both candidate and baseline produced exact results
fuzz7_0362_semi__fz_small_rg,parity-exact,exact,exact,354.48,237.93,1.49,,,Both candidate and baseline produced exact results
fuzz7_0363_topk__fz_updated,parity-exact,exact,exact,284.03,204.95,1.386,,,Both candidate and baseline produced exact results
fuzz7_0364_join__fz_str,parity-exact,exact,exact,222.44,165.07,1.348,,,Both candidate and baseline produced exact results
fuzz7_0365_topk__fz_nan,parity-exact,exact,exact,140.45,143.77,0.977,,,Both candidate and baseline produced exact results
fuzz7_0366_filtered_topk__fz_evolved,parity-exact,exact,exact,111.42,139.33,0.8,,,Both candidate and baseline produced exact results
fuzz7_0367_topk__fz_snapshots,parity-exact,exact,exact,414.08,145.09,2.854,,,Both candidate and baseline produced exact results
fuzz7_0368_join_min__fz_unsorted,parity-exact,exact,exact,427.27,571.93,0.747,,,Both candidate and baseline produced exact results
fuzz7_0369_topk__fz_skewed,parity-exact,exact,exact,139.82,63.72,2.194,,,Both candidate and baseline produced exact results
fuzz7_0370_minmax__fz_date,parity-exact,exact,exact,74.36,62.7,1.186,,,Both candidate and baseline produced exact results
fuzz7_0371_join_min__fz_skewed,parity-exact,exact,exact,195.76,201.13,0.973,,,Both candidate and baseline produced exact results
fuzz7_0372_join__fz_reversed_files,parity-exact,exact,exact,370.86,304.19,1.219,,,Both candidate and baseline produced exact results
fuzz7_0373_join_min__fz_small_rg,parity-exact,exact,exact,222.86,251.6,0.886,,,Both candidate and baseline produced exact results
fuzz7_0374_join_topk__fz_updated,parity-exact,exact,exact,207.09,230.58,0.898,,,Both candidate and baseline produced exact results
fuzz7_0375_filtered_topk__fz_long,parity-exact,exact,exact,139.97,133.34,1.05,,,Both candidate and baseline produced exact results
fuzz7_0376_minmax__fz_sorted,parity-exact,exact,exact,87.93,91.1,0.965,,,Both candidate and baseline produced exact results
fuzz7_0377_topk__fz_overlap,parity-exact,exact,exact,87.04,104.67,0.832,,,Both candidate and baseline produced exact results
fuzz7_0378_semi__fz_pos_deletes,parity-exact,exact,exact,243.73,321.23,0.759,,,Both candidate and baseline produced exact results
fuzz7_0379_semi__fz_snapshots,parity-exact,exact,exact,364.44,220.67,1.652,,,Both candidate and baseline produced exact results
fuzz7_0380_minmax__fz_snapshots,parity-exact,exact,exact,337.54,149.92,2.252,,,Both candidate and baseline produced exact results
fuzz7_0381_join_min__fz_snapshots,parity-exact,exact,exact,410.44,237.07,1.731,,,Both candidate and baseline produced exact results
fuzz7_0382_semi__fz_reversed_files,parity-exact,exact,exact,535.91,544.38,0.984,,,Both candidate and baseline produced exact results
fuzz7_0383_join_topk__fz_sorted,parity-exact,exact,exact,211.28,321.13,0.658,,,Both candidate and baseline produced exact results
fuzz7_0384_join__fz_str,parity-exact,exact,exact,232.67,288.77,0.806,,,Both candidate and baseline produced exact results
fuzz7_0385_topk__fz_updated,parity-exact,exact,exact,248.11,119.23,2.081,,,Both candidate and baseline produced exact results
fuzz7_0386_topk__fz_nan,parity-exact,exact,exact,115.64,107.11,1.08,,,Both candidate and baseline produced exact results
fuzz7_0387_filtered_topk__fz_skewed,parity-exact,exact,exact,43.58,42.71,1.02,,,Both candidate and baseline produced exact results
fuzz7_0388_minmax__fz_small_rg,parity-exact,exact,exact,207.8,204.64,1.015,,,Both candidate and baseline produced exact results
fuzz7_0389_semi__fz_updated,parity-exact,exact,exact,303.74,309.59,0.981,,,Both candidate and baseline produced exact results
fuzz7_0390_filtered_topk__fz_skewed,parity-exact,exact,exact,114.0,117.96,0.966,,,Both candidate and baseline produced exact results
fuzz7_0391_topk__fz_updated,parity-exact,exact,exact,150.55,130.65,1.152,,,Both candidate and baseline produced exact results
fuzz7_0392_semi__fz_sorted,parity-exact,exact,exact,355.12,361.29,0.983,,,Both candidate and baseline produced exact results
fuzz7_0393_minmax__fz_long,parity-exact,exact,exact,110.33,98.03,1.125,,,Both candidate and baseline produced exact results
fuzz7_0394_join_topk__fz_dec,parity-exact,exact,exact,958.18,1135.94,0.844,,,Both candidate and baseline produced exact results
fuzz7_0395_join__fz_snapshots,parity-exact,exact,exact,306.55,235.3,1.303,,,Both candidate and baseline produced exact results
fuzz7_0396_join__fz_date,parity-exact,exact,exact,191.46,206.69,0.926,,,Both candidate and baseline produced exact results
fuzz7_0397_filtered_topk__fz_pos_deletes,parity-exact,exact,exact,331.14,354.17,0.935,,,Both candidate and baseline produced exact results
fuzz7_0398_join__fz_sorted,parity-exact,exact,exact,249.73,187.88,1.329,,,Both candidate and baseline produced exact results
fuzz7_0399_join__fz_updated,parity-exact,exact,exact,201.63,218.59,0.922,,,Both candidate and baseline produced exact results
fuzz7_0400_join_min__fz_updated,parity-exact,exact,exact,231.06,225.17,1.026,,,Both candidate and baseline produced exact results
fuzz7_0401_topk__fz_part_evolved,parity-exact,exact,exact,147.31,134.88,1.092,,,Both candidate and baseline produced exact results
fuzz7_0402_join__fz_skewed,parity-exact,exact,exact,234.77,216.2,1.086,,,Both candidate and baseline produced exact results
fuzz7_0403_topk__fz_date,parity-exact,exact,exact,78.01,59.38,1.314,,,Both candidate and baseline produced exact results
fuzz7_0404_semi__fz_snapshots,parity-exact,exact,exact,1503.52,1324.75,1.135,,,Both candidate and baseline produced exact results
fuzz7_0405_filtered_topk__fz_snapshots,parity-exact,exact,exact,356.56,226.28,1.576,,,Both candidate and baseline produced exact results
fuzz7_0406_minmax__fz_snapshots,parity-exact,exact,exact,278.18,132.22,2.104,,,Both candidate and baseline produced exact results
fuzz7_0407_minmax__fz_sorted,parity-exact,exact,exact,75.77,85.0,0.891,,,Both candidate and baseline produced exact results
fuzz7_0408_topk__fz_str,parity-exact,exact,exact,140.72,177.26,0.794,,,Both candidate and baseline produced exact results
fuzz7_0409_join__fz_pos_deletes,parity-exact,exact,exact,297.57,254.49,1.169,,,Both candidate and baseline produced exact results
fuzz7_0410_join__fz_nan,parity-exact,exact,exact,394.77,494.48,0.798,,,Both candidate and baseline produced exact results
fuzz7_0411_filtered_topk__fz_nan,parity-exact,exact,exact,129.15,125.91,1.026,,,Both candidate and baseline produced exact results
fuzz7_0412_minmax__fz_nulls,parity-exact,exact,exact,198.85,206.69,0.962,,,Both candidate and baseline produced exact results
fuzz7_0413_topk__fz_snapshots,parity-exact,exact,exact,333.49,146.76,2.272,,,Both candidate and baseline produced exact results
fuzz7_0414_join_min__fz_part_evolved,parity-exact,exact,exact,5439.88,5746.11,0.947,,,Both candidate and baseline produced exact results
fuzz7_0415_join_min__fz_pos_deletes,parity-exact,exact,exact,184.05,172.87,1.065,,,Both candidate and baseline produced exact results
fuzz7_0416_filtered_topk__fz_small_rg,parity-exact,exact,exact,190.72,216.9,0.879,,,Both candidate and baseline produced exact results
fuzz7_0417_join__fz_nan,parity-exact,exact,exact,511.3,374.87,1.364,,,Both candidate and baseline produced exact results
fuzz7_0418_filtered_topk__fz_evolved,parity-exact,exact,exact,104.76,116.22,0.901,,,Both candidate and baseline produced exact results
fuzz7_0419_semi__fz_date,parity-exact,exact,exact,308.87,317.72,0.972,,,Both candidate and baseline produced exact results
fuzz7_0420_semi__fz_evolved,parity-exact,exact,exact,208.48,308.44,0.676,,,Both candidate and baseline produced exact results
fuzz7_0421_join__fz_long,parity-exact,exact,exact,133.15,168.33,0.791,,,Both candidate and baseline produced exact results
fuzz7_0422_filtered_topk__fz_small_rg,parity-exact,exact,exact,129.82,145.29,0.894,,,Both candidate and baseline produced exact results
fuzz7_0423_topk__fz_evolved,parity-exact,exact,exact,98.97,78.35,1.263,,,Both candidate and baseline produced exact results
fuzz7_0424_topk__fz_snapshots,parity-exact,exact,exact,414.52,173.9,2.384,,,Both candidate and baseline produced exact results
fuzz7_0425_semi__fz_pos_deletes,parity-exact,exact,exact,401.22,262.07,1.531,,,Both candidate and baseline produced exact results
fuzz7_0426_join_topk__fz_small_rg,parity-exact,exact,exact,3919.01,3270.89,1.198,,,Both candidate and baseline produced exact results
fuzz7_0427_join__fz_small_rg,parity-exact,exact,exact,466.55,245.47,1.901,,,Both candidate and baseline produced exact results
fuzz7_0428_join__fz_part_evolved,parity-exact,exact,exact,419.01,361.9,1.158,,,Both candidate and baseline produced exact results
fuzz7_0429_topk__fz_overlap,parity-exact,exact,exact,161.49,105.93,1.524,,,Both candidate and baseline produced exact results
fuzz7_0430_semi__fz_reversed_files,parity-exact,exact,exact,172.67,198.14,0.871,,,Both candidate and baseline produced exact results
fuzz7_0431_join_min__fz_part_evolved,parity-exact,exact,exact,185.43,364.13,0.509,,,Both candidate and baseline produced exact results
fuzz7_0432_join_topk__fz_pos_deletes,parity-exact,exact,exact,572.75,535.42,1.07,,,Both candidate and baseline produced exact results
fuzz7_0433_join__fz_reversed_files,parity-exact,exact,exact,238.12,186.96,1.274,,,Both candidate and baseline produced exact results
fuzz7_0434_topk__fz_dec,parity-exact,exact,exact,233.69,260.23,0.898,,,Both candidate and baseline produced exact results
fuzz7_0435_minmax__fz_overlap,parity-exact,exact,exact,108.28,93.35,1.16,,,Both candidate and baseline produced exact results
fuzz7_0436_topk__fz_snapshots,parity-exact,exact,exact,305.36,116.26,2.627,,,Both candidate and baseline produced exact results
fuzz7_0437_minmax__fz_str,parity-exact,exact,exact,215.76,245.38,0.879,,,Both candidate and baseline produced exact results
fuzz7_0438_filtered_topk__fz_str,parity-exact,exact,exact,236.54,158.43,1.493,,,Both candidate and baseline produced exact results
fuzz7_0439_filtered_topk__fz_sorted,parity-exact,exact,exact,80.88,82.7,0.978,,,Both candidate and baseline produced exact results
fuzz7_0440_join__fz_overlap,parity-exact,exact,exact,543.72,423.1,1.285,,,Both candidate and baseline produced exact results
fuzz7_0441_semi__fz_pos_deletes,parity-exact,exact,exact,249.44,154.08,1.619,,,Both candidate and baseline produced exact results
fuzz7_0442_topk__fz_nulls,parity-exact,exact,exact,515.07,96.35,5.346,,,Both candidate and baseline produced exact results
fuzz7_0443_minmax__fz_nulls,parity-exact,exact,exact,75.57,52.4,1.442,,,Both candidate and baseline produced exact results
fuzz7_0444_semi__fz_reversed_files,parity-exact,exact,exact,402.45,276.32,1.456,,,Both candidate and baseline produced exact results
fuzz7_0445_topk__fz_unsorted,parity-exact,exact,exact,599.13,327.3,1.831,,,Both candidate and baseline produced exact results
fuzz7_0446_minmax__fz_nan,parity-exact,exact,exact,137.03,146.45,0.936,,,Both candidate and baseline produced exact results
fuzz7_0447_topk__fz_nan,parity-exact,exact,exact,107.22,99.97,1.073,,,Both candidate and baseline produced exact results
fuzz7_0448_semi__fz_nulls,parity-exact,exact,exact,158.41,197.16,0.803,,,Both candidate and baseline produced exact results
fuzz7_0449_join_topk__fz_str,parity-exact,exact,exact,389.29,247.73,1.571,,,Both candidate and baseline produced exact results
fuzz7_0450_minmax__fz_date,parity-exact,exact,exact,62.23,56.14,1.108,,,Both candidate and baseline produced exact results
fuzz7_0451_topk__fz_pos_deletes,parity-exact,exact,exact,120.7,70.8,1.705,,,Both candidate and baseline produced exact results
fuzz7_0452_join__fz_str,parity-exact,exact,exact,252.08,306.91,0.821,,,Both candidate and baseline produced exact results
fuzz7_0453_topk__fz_small_rg,parity-exact,exact,exact,903.44,784.96,1.151,,,Both candidate and baseline produced exact results
fuzz7_0454_join_min__fz_str,baseline-invalid-candidate-pass,exact,mismatch,,979.1,,,,Baseline hit broadcast coalescing bug (mismatch / OversizedAllocationException); candidate passed exact
fuzz7_0455_join__fz_pos_deletes,parity-exact,exact,exact,221.0,209.87,1.053,,,Both candidate and baseline produced exact results
fuzz7_0456_join_min__fz_sorted,parity-exact,exact,exact,360.53,395.83,0.911,,,Both candidate and baseline produced exact results
fuzz7_0457_minmax__fz_date,parity-exact,exact,exact,131.8,92.27,1.429,,,Both candidate and baseline produced exact results
fuzz7_0458_topk__fz_pos_deletes,parity-exact,exact,exact,108.02,79.66,1.356,,,Both candidate and baseline produced exact results
fuzz7_0459_join_topk__fz_date,parity-exact,exact,exact,299.18,383.49,0.78,,,Both candidate and baseline produced exact results
fuzz7_0460_semi__fz_updated,parity-exact,exact,exact,529.87,533.38,0.993,,,Both candidate and baseline produced exact results
fuzz7_0461_join_topk__fz_skewed,parity-exact,exact,exact,295.43,276.33,1.069,,,Both candidate and baseline produced exact results
fuzz7_0462_filtered_topk__fz_nan,parity-exact,exact,exact,87.73,123.82,0.709,,,Both candidate and baseline produced exact results
fuzz7_0463_join__fz_part_evolved,parity-exact,exact,exact,430.5,328.1,1.312,,,Both candidate and baseline produced exact results
fuzz7_0464_join__fz_snapshots,parity-exact,exact,exact,319.09,246.51,1.294,,,Both candidate and baseline produced exact results
fuzz7_0465_topk__fz_nulls,parity-exact,exact,exact,111.42,105.75,1.054,,,Both candidate and baseline produced exact results
fuzz7_0466_semi__fz_nulls,parity-exact,exact,exact,220.32,180.94,1.218,,,Both candidate and baseline produced exact results
fuzz7_0467_minmax__fz_str,parity-exact,exact,exact,612.97,467.09,1.312,,,Both candidate and baseline produced exact results
fuzz7_0468_filtered_topk__fz_skewed,parity-exact,exact,exact,53.46,70.63,0.757,,,Both candidate and baseline produced exact results
fuzz7_0469_join__fz_snapshots,parity-exact,exact,exact,778.67,443.24,1.757,,,Both candidate and baseline produced exact results
fuzz7_0470_join_topk__fz_reversed_files,parity-exact,exact,exact,332.43,251.02,1.324,,,Both candidate and baseline produced exact results
fuzz7_0471_topk__fz_nan,parity-exact,exact,exact,153.75,148.62,1.035,,,Both candidate and baseline produced exact results
fuzz7_0472_join__fz_str,baseline-invalid-candidate-pass,exact,mismatch,,519.79,,,,Baseline hit broadcast coalescing bug (mismatch / OversizedAllocationException); candidate passed exact
fuzz7_0473_minmax__fz_sorted,parity-exact,exact,exact,108.52,127.78,0.849,,,Both candidate and baseline produced exact results
fuzz7_0474_topk__fz_snapshots,parity-exact,exact,exact,269.93,130.91,2.062,,,Both candidate and baseline produced exact results
fuzz7_0475_topk__fz_long,parity-exact,exact,exact,98.33,79.78,1.233,,,Both candidate and baseline produced exact results
fuzz7_0476_topk__fz_unsorted,parity-exact,exact,exact,194.28,133.0,1.461,,,Both candidate and baseline produced exact results
fuzz7_0477_join__fz_updated,parity-exact,exact,exact,276.56,219.6,1.259,,,Both candidate and baseline produced exact results
fuzz7_0478_semi__fz_long,parity-exact,exact,exact,236.09,279.46,0.845,,,Both candidate and baseline produced exact results
fuzz7_0479_semi__fz_small_rg,parity-exact,exact,exact,604.88,561.65,1.077,,,Both candidate and baseline produced exact results
fuzz7_0480_topk__fz_date,parity-exact,exact,exact,95.47,62.58,1.526,,,Both candidate and baseline produced exact results
fuzz7_0481_join__fz_unsorted,parity-exact,exact,exact,124.14,116.0,1.07,,,Both candidate and baseline produced exact results
fuzz7_0482_join__fz_small_rg,parity-exact,exact,exact,340.79,386.91,0.881,,,Both candidate and baseline produced exact results
fuzz7_0483_join__fz_long,parity-exact,exact,exact,162.57,143.74,1.131,,,Both candidate and baseline produced exact results
fuzz7_0484_minmax__fz_pos_deletes,parity-exact,exact,exact,81.88,77.56,1.056,,,Both candidate and baseline produced exact results
fuzz7_0485_join__fz_str,baseline-invalid-candidate-pass,exact,mismatch,,292.12,,,,Baseline hit broadcast coalescing bug (mismatch / OversizedAllocationException); candidate passed exact
fuzz7_0486_semi__fz_pos_deletes,parity-exact,exact,exact,298.04,262.98,1.133,,,Both candidate and baseline produced exact results
fuzz7_0487_semi__fz_snapshots,parity-exact,exact,exact,250.54,155.85,1.608,,,Both candidate and baseline produced exact results
fuzz7_0488_filtered_topk__fz_pos_deletes,parity-exact,exact,exact,152.32,136.28,1.118,,,Both candidate and baseline produced exact results
fuzz7_0489_join__fz_date,parity-exact,exact,exact,211.7,246.68,0.858,,,Both candidate and baseline produced exact results
fuzz7_0490_join_min__fz_updated,parity-exact,exact,exact,577.48,720.69,0.801,,,Both candidate and baseline produced exact results
fuzz7_0491_semi__fz_evolved,parity-exact,exact,exact,248.54,185.44,1.34,,,Both candidate and baseline produced exact results
fuzz7_0492_join_min__fz_snapshots,parity-exact,exact,exact,381.34,305.53,1.248,,,Both candidate and baseline produced exact results
fuzz7_0493_topk__fz_snapshots,parity-exact,exact,exact,691.94,264.81,2.613,,,Both candidate and baseline produced exact results
fuzz7_0494_topk__fz_updated,parity-exact,exact,exact,153.75,112.46,1.367,,,Both candidate and baseline produced exact results
fuzz7_0495_semi__fz_overlap,parity-exact,exact,exact,223.59,262.15,0.853,,,Both candidate and baseline produced exact results
fuzz7_0496_join_topk__fz_str,parity-exact,exact,exact,444.07,349.18,1.272,,,Both candidate and baseline produced exact results
fuzz7_0497_topk__fz_skewed,parity-exact,exact,exact,101.59,81.07,1.253,,,Both candidate and baseline produced exact results
fuzz7_0498_semi__fz_nan,parity-exact,exact,exact,430.22,480.48,0.895,,,Both candidate and baseline produced exact results
fuzz7_0499_filtered_topk__fz_evolved,parity-exact,exact,exact,113.12,131.85,0.858,,,Both candidate and baseline produced exact results
fuzz8_0000_minmax__fz_part_evolved,parity-exact,exact,exact,153.22,128.89,1.189,,,Both candidate and baseline produced exact results
fuzz8_0001_join__fz_dec,parity-exact,exact,exact,345.62,446.03,0.775,,,Both candidate and baseline produced exact results
fuzz8_0002_join_topk__fz_overlap,parity-exact,exact,exact,194.93,200.39,0.973,,,Both candidate and baseline produced exact results
fuzz8_0003_join__fz_snapshots,parity-exact,exact,exact,383.83,341.52,1.124,,,Both candidate and baseline produced exact results
fuzz8_0004_topk__fz_skewed,parity-exact,exact,exact,178.64,135.59,1.318,,,Both candidate and baseline produced exact results
fuzz8_0005_join__fz_nan,parity-exact,exact,exact,339.73,291.13,1.167,,,Both candidate and baseline produced exact results
fuzz8_0006_join_min__fz_dec,parity-exact,exact,exact,752.76,1333.04,0.565,,,Both candidate and baseline produced exact results
fuzz8_0007_join_min__fz_nan,parity-exact,exact,exact,583.87,353.79,1.65,,,Both candidate and baseline produced exact results
fuzz8_0008_topk__fz_str,parity-exact,exact,exact,610.22,573.63,1.064,,,Both candidate and baseline produced exact results
fuzz8_0009_join__fz_nulls,parity-exact,exact,exact,227.98,175.66,1.298,,,Both candidate and baseline produced exact results
fuzz8_0010_minmax__fz_skewed,parity-exact,exact,exact,68.28,64.16,1.064,,,Both candidate and baseline produced exact results
fuzz8_0011_topk__fz_overlap,parity-exact,exact,exact,137.67,91.12,1.511,,,Both candidate and baseline produced exact results
fuzz8_0012_join__fz_updated,parity-exact,exact,exact,162.33,169.61,0.957,,,Both candidate and baseline produced exact results
fuzz8_0013_minmax__fz_part_evolved,parity-exact,exact,exact,194.09,204.07,0.951,,,Both candidate and baseline produced exact results
fuzz8_0014_topk__fz_part_evolved,parity-exact,exact,exact,276.37,107.36,2.574,,,Both candidate and baseline produced exact results
fuzz8_0015_join_topk__fz_reversed_files,parity-exact,exact,exact,337.13,198.04,1.702,,,Both candidate and baseline produced exact results
fuzz8_0016_topk__fz_date,parity-exact,exact,exact,269.13,154.58,1.741,,,Both candidate and baseline produced exact results
fuzz8_0017_minmax__fz_snapshots,parity-exact,exact,exact,263.39,136.45,1.93,,,Both candidate and baseline produced exact results
fuzz8_0018_join_topk__fz_nan,parity-exact,exact,exact,609.05,383.14,1.59,,,Both candidate and baseline produced exact results
fuzz8_0019_join__fz_evolved,parity-exact,exact,exact,137.99,119.89,1.151,,,Both candidate and baseline produced exact results
fuzz8_0020_minmax__fz_updated,parity-exact,exact,exact,253.97,223.93,1.134,,,Both candidate and baseline produced exact results
fuzz8_0021_join__fz_nan,parity-exact,exact,exact,724.23,810.48,0.894,,,Both candidate and baseline produced exact results
fuzz8_0022_join_topk__fz_skewed,parity-exact,exact,exact,317.54,219.0,1.45,,,Both candidate and baseline produced exact results
fuzz8_0023_join_min__fz_date,parity-exact,exact,exact,197.36,180.59,1.093,,,Both candidate and baseline produced exact results
fuzz8_0024_semi__fz_dec,parity-exact,exact,exact,722.21,320.06,2.256,,,Both candidate and baseline produced exact results
fuzz8_0025_join__fz_str,parity-exact,exact,exact,268.36,263.2,1.02,,,Both candidate and baseline produced exact results
fuzz8_0026_join_min__fz_unsorted,parity-exact,exact,exact,242.24,276.85,0.875,,,Both candidate and baseline produced exact results
fuzz8_0027_semi__fz_str,parity-exact,exact,exact,271.98,271.77,1.001,,,Both candidate and baseline produced exact results
fuzz8_0028_join__fz_updated,parity-exact,exact,exact,457.89,206.57,2.217,,,Both candidate and baseline produced exact results
fuzz8_0029_join_topk__fz_unsorted,parity-exact,exact,exact,270.89,346.84,0.781,,,Both candidate and baseline produced exact results
fuzz8_0030_join__fz_str,parity-exact,exact,exact,525.03,615.68,0.853,,,Both candidate and baseline produced exact results
fuzz8_0031_minmax__fz_date,parity-exact,exact,exact,91.04,77.92,1.168,,,Both candidate and baseline produced exact results
fuzz8_0032_topk__fz_updated,parity-exact,exact,exact,127.62,141.22,0.904,,,Both candidate and baseline produced exact results
fuzz8_0033_topk__fz_updated,parity-exact,exact,exact,232.84,163.93,1.42,,,Both candidate and baseline produced exact results
fuzz8_0034_minmax__fz_evolved,parity-exact,exact,exact,119.63,108.11,1.107,,,Both candidate and baseline produced exact results
fuzz8_0035_filtered_topk__fz_evolved,parity-exact,exact,exact,292.77,290.32,1.008,,,Both candidate and baseline produced exact results
fuzz8_0036_filtered_topk__fz_skewed,parity-exact,exact,exact,152.86,147.43,1.037,,,Both candidate and baseline produced exact results
fuzz8_0037_join__fz_reversed_files,parity-exact,exact,exact,397.6,225.56,1.763,,,Both candidate and baseline produced exact results
fuzz8_0038_topk__fz_reversed_files,parity-exact,exact,exact,291.83,133.07,2.193,,,Both candidate and baseline produced exact results
fuzz8_0039_minmax__fz_updated,parity-exact,exact,exact,165.82,143.32,1.157,,,Both candidate and baseline produced exact results
fuzz8_0040_topk__fz_sorted,parity-exact,exact,exact,117.6,83.04,1.416,,,Both candidate and baseline produced exact results
fuzz8_0041_join_min__fz_evolved,parity-exact,exact,exact,210.73,161.25,1.307,,,Both candidate and baseline produced exact results
fuzz8_0042_join_topk__fz_pos_deletes,parity-exact,exact,exact,337.44,511.36,0.66,,,Both candidate and baseline produced exact results
fuzz8_0043_topk__fz_pos_deletes,parity-exact,exact,exact,633.6,191.22,3.313,,,Both candidate and baseline produced exact results
fuzz8_0044_topk__fz_part_evolved,parity-exact,exact,exact,448.81,235.62,1.905,,,Both candidate and baseline produced exact results
fuzz8_0045_topk__fz_updated,parity-exact,exact,exact,408.25,354.57,1.151,,,Both candidate and baseline produced exact results
fuzz8_0046_join__fz_snapshots,parity-exact,exact,exact,427.61,250.22,1.709,,,Both candidate and baseline produced exact results
fuzz8_0047_join__fz_sorted,parity-exact,exact,exact,359.79,200.09,1.798,,,Both candidate and baseline produced exact results
fuzz8_0048_join__fz_pos_deletes,parity-exact,exact,exact,260.52,276.34,0.943,,,Both candidate and baseline produced exact results
fuzz8_0049_join__fz_reversed_files,parity-exact,exact,exact,426.71,337.07,1.266,,,Both candidate and baseline produced exact results
fuzz8_0050_minmax__fz_evolved,parity-exact,exact,exact,80.39,97.43,0.825,,,Both candidate and baseline produced exact results
fuzz8_0051_join__fz_small_rg,parity-exact,exact,exact,420.16,403.67,1.041,,,Both candidate and baseline produced exact results
fuzz8_0052_topk__fz_skewed,parity-exact,exact,exact,171.54,84.07,2.04,,,Both candidate and baseline produced exact results
fuzz8_0053_join__fz_updated,parity-exact,exact,exact,322.62,235.11,1.372,,,Both candidate and baseline produced exact results
fuzz8_0054_join_topk__fz_small_rg,parity-exact,exact,exact,623.95,585.72,1.065,,,Both candidate and baseline produced exact results
fuzz8_0055_join__fz_sorted,parity-exact,exact,exact,220.76,315.33,0.7,,,Both candidate and baseline produced exact results
fuzz8_0056_semi__fz_reversed_files,parity-exact,exact,exact,409.91,398.57,1.028,,,Both candidate and baseline produced exact results
fuzz8_0057_join__fz_dec,parity-exact,exact,exact,246.67,189.96,1.299,,,Both candidate and baseline produced exact results
fuzz8_0058_semi__fz_nulls,parity-exact,exact,exact,190.12,220.01,0.864,,,Both candidate and baseline produced exact results
fuzz8_0059_topk__fz_skewed,parity-exact,exact,exact,149.46,82.59,1.81,,,Both candidate and baseline produced exact results
fuzz8_0060_semi__fz_nan,parity-exact,exact,exact,536.89,433.6,1.238,,,Both candidate and baseline produced exact results
fuzz8_0061_semi__fz_nulls,parity-exact,exact,exact,446.76,426.47,1.048,,,Both candidate and baseline produced exact results
fuzz8_0062_topk__fz_str,parity-exact,exact,exact,424.5,424.53,1.0,,,Both candidate and baseline produced exact results
fuzz8_0063_minmax__fz_unsorted,parity-exact,exact,exact,164.51,109.87,1.497,,,Both candidate and baseline produced exact results
fuzz8_0064_join_min__fz_pos_deletes,parity-exact,exact,exact,509.14,539.67,0.943,,,Both candidate and baseline produced exact results
fuzz8_0065_filtered_topk__fz_unsorted,parity-exact,exact,exact,232.7,149.41,1.557,,,Both candidate and baseline produced exact results
fuzz8_0066_filtered_topk__fz_overlap,parity-exact,exact,exact,203.63,126.8,1.606,,,Both candidate and baseline produced exact results
fuzz8_0067_join__fz_unsorted,parity-exact,exact,exact,194.09,190.63,1.018,,,Both candidate and baseline produced exact results
fuzz8_0068_minmax__fz_dec,parity-exact,exact,exact,149.65,135.73,1.103,,,Both candidate and baseline produced exact results
fuzz8_0069_semi__fz_date,parity-exact,exact,exact,241.67,177.44,1.362,,,Both candidate and baseline produced exact results
fuzz8_0070_semi__fz_evolved,parity-exact,exact,exact,270.17,288.53,0.936,,,Both candidate and baseline produced exact results
fuzz8_0071_semi__fz_dec,parity-exact,exact,exact,471.77,546.17,0.864,,,Both candidate and baseline produced exact results
fuzz8_0072_join__fz_skewed,parity-exact,exact,exact,1168.69,1152.3,1.014,,,Both candidate and baseline produced exact results
fuzz8_0073_join_min__fz_small_rg,parity-exact,exact,exact,697.08,372.01,1.874,,,Both candidate and baseline produced exact results
fuzz8_0074_topk__fz_nulls,parity-exact,exact,exact,269.58,71.6,3.765,,,Both candidate and baseline produced exact results
fuzz8_0075_topk__fz_reversed_files,parity-exact,exact,exact,314.71,198.24,1.588,,,Both candidate and baseline produced exact results
fuzz8_0076_join_min__fz_unsorted,parity-exact,exact,exact,406.08,336.83,1.206,,,Both candidate and baseline produced exact results
fuzz8_0077_join_min__fz_evolved,parity-exact,exact,exact,262.66,205.29,1.279,,,Both candidate and baseline produced exact results
fuzz8_0078_semi__fz_skewed,parity-exact,exact,exact,121.02,122.37,0.989,,,Both candidate and baseline produced exact results
fuzz8_0079_minmax__fz_long,parity-exact,exact,exact,140.61,140.69,0.999,,,Both candidate and baseline produced exact results
fuzz8_0080_join_min__fz_small_rg,parity-exact,exact,exact,292.23,244.54,1.195,,,Both candidate and baseline produced exact results
fuzz8_0081_topk__fz_snapshots,parity-exact,exact,exact,394.93,134.34,2.94,,,Both candidate and baseline produced exact results
fuzz8_0082_filtered_topk__fz_evolved,parity-exact,exact,exact,152.34,153.15,0.995,,,Both candidate and baseline produced exact results
fuzz8_0083_semi__fz_overlap,parity-exact,exact,exact,242.37,338.89,0.715,,,Both candidate and baseline produced exact results
fuzz8_0084_topk__fz_pos_deletes,parity-exact,exact,exact,123.48,86.31,1.431,,,Both candidate and baseline produced exact results
fuzz8_0085_minmax__fz_overlap,parity-exact,exact,exact,96.88,73.93,1.31,,,Both candidate and baseline produced exact results
fuzz8_0086_semi__fz_date,parity-exact,exact,exact,164.56,170.96,0.963,,,Both candidate and baseline produced exact results
fuzz8_0087_topk__fz_reversed_files,parity-exact,exact,exact,350.54,67.06,5.227,,,Both candidate and baseline produced exact results
fuzz8_0088_join__fz_skewed,parity-exact,exact,exact,167.08,189.72,0.881,,,Both candidate and baseline produced exact results
fuzz8_0089_join_topk__fz_long,parity-exact,exact,exact,190.9,201.73,0.946,,,Both candidate and baseline produced exact results
fuzz8_0090_join_topk__fz_small_rg,parity-exact,exact,exact,325.31,373.51,0.871,,,Both candidate and baseline produced exact results
fuzz8_0091_join_topk__fz_evolved,parity-exact,exact,exact,172.93,187.0,0.925,,,Both candidate and baseline produced exact results
fuzz8_0092_minmax__fz_date,parity-exact,exact,exact,99.33,103.15,0.963,,,Both candidate and baseline produced exact results
fuzz8_0093_join__fz_long,parity-exact,exact,exact,246.98,317.9,0.777,,,Both candidate and baseline produced exact results
fuzz8_0094_join__fz_evolved,parity-exact,exact,exact,474.99,264.31,1.797,,,Both candidate and baseline produced exact results
fuzz8_0095_join_min__fz_skewed,parity-exact,exact,exact,347.06,171.26,2.027,,,Both candidate and baseline produced exact results
fuzz8_0096_join_min__fz_nulls,parity-exact,exact,exact,262.52,259.89,1.01,,,Both candidate and baseline produced exact results
fuzz8_0097_join__fz_pos_deletes,parity-exact,exact,exact,246.45,214.33,1.15,,,Both candidate and baseline produced exact results
fuzz8_0098_minmax__fz_nulls,parity-exact,exact,exact,92.84,89.57,1.037,,,Both candidate and baseline produced exact results
fuzz8_0099_join__fz_snapshots,parity-exact,exact,exact,551.49,204.1,2.702,,,Both candidate and baseline produced exact results
fuzz8_0100_semi__fz_evolved,parity-exact,exact,exact,211.95,201.39,1.052,,,Both candidate and baseline produced exact results
fuzz8_0101_topk__fz_part_evolved,parity-exact,exact,exact,128.91,102.3,1.26,,,Both candidate and baseline produced exact results
fuzz8_0102_minmax__fz_updated,parity-exact,exact,exact,178.43,181.38,0.984,,,Both candidate and baseline produced exact results
fuzz8_0103_join__fz_unsorted,parity-exact,exact,exact,179.83,174.87,1.028,,,Both candidate and baseline produced exact results
fuzz8_0104_join_min__fz_long,parity-exact,exact,exact,243.28,227.33,1.07,,,Both candidate and baseline produced exact results
fuzz8_0105_minmax__fz_pos_deletes,parity-exact,exact,exact,131.28,147.14,0.892,,,Both candidate and baseline produced exact results
fuzz8_0106_join_min__fz_sorted,parity-exact,exact,exact,372.2,341.3,1.091,,,Both candidate and baseline produced exact results
fuzz8_0107_minmax__fz_date,parity-exact,exact,exact,151.38,128.88,1.175,,,Both candidate and baseline produced exact results
fuzz8_0108_join_topk__fz_updated,parity-exact,exact,exact,286.57,289.7,0.989,,,Both candidate and baseline produced exact results
fuzz8_0109_join__fz_date,parity-exact,exact,exact,197.12,265.58,0.742,,,Both candidate and baseline produced exact results
fuzz8_0110_semi__fz_nulls,parity-exact,exact,exact,396.03,342.7,1.156,,,Both candidate and baseline produced exact results
fuzz8_0111_join__fz_dec,parity-exact,exact,exact,502.17,542.12,0.926,,,Both candidate and baseline produced exact results
fuzz8_0112_join_topk__fz_small_rg,parity-exact,exact,exact,292.25,244.44,1.196,,,Both candidate and baseline produced exact results
fuzz8_0113_semi__fz_dec,parity-exact,exact,exact,215.94,301.19,0.717,,,Both candidate and baseline produced exact results
fuzz8_0114_filtered_topk__fz_evolved,parity-exact,exact,exact,103.36,112.13,0.922,,,Both candidate and baseline produced exact results
fuzz8_0115_join__fz_dec,parity-exact,exact,exact,509.19,514.58,0.99,,,Both candidate and baseline produced exact results
fuzz8_0116_minmax__fz_small_rg,parity-exact,exact,exact,234.17,254.63,0.92,,,Both candidate and baseline produced exact results
fuzz8_0117_topk__fz_evolved,parity-exact,exact,exact,203.5,217.07,0.937,,,Both candidate and baseline produced exact results
fuzz8_0118_join__fz_pos_deletes,parity-exact,exact,exact,217.64,181.69,1.198,,,Both candidate and baseline produced exact results
fuzz8_0119_join__fz_sorted,parity-exact,exact,exact,528.09,334.45,1.579,,,Both candidate and baseline produced exact results
fuzz8_0120_minmax__fz_sorted,parity-exact,exact,exact,86.27,73.04,1.181,,,Both candidate and baseline produced exact results
fuzz8_0121_minmax__fz_dec,parity-exact,exact,exact,113.92,94.19,1.209,,,Both candidate and baseline produced exact results
fuzz8_0122_minmax__fz_nulls,parity-exact,exact,exact,123.17,126.17,0.976,,,Both candidate and baseline produced exact results
fuzz8_0123_join__fz_nulls,parity-exact,exact,exact,240.88,367.91,0.655,,,Both candidate and baseline produced exact results
fuzz8_0124_filtered_topk__fz_date,parity-exact,exact,exact,205.37,188.86,1.087,,,Both candidate and baseline produced exact results
fuzz8_0125_topk__fz_nan,parity-exact,exact,exact,143.62,139.05,1.033,,,Both candidate and baseline produced exact results
fuzz8_0126_filtered_topk__fz_dec,parity-exact,exact,exact,77.07,93.0,0.829,,,Both candidate and baseline produced exact results
fuzz8_0127_topk__fz_small_rg,parity-exact,exact,exact,436.82,171.49,2.547,,,Both candidate and baseline produced exact results
fuzz8_0128_minmax__fz_nan,parity-exact,exact,exact,102.13,110.46,0.925,,,Both candidate and baseline produced exact results
fuzz8_0129_filtered_topk__fz_part_evolved,parity-exact,exact,exact,168.14,159.42,1.055,,,Both candidate and baseline produced exact results
fuzz8_0130_filtered_topk__fz_evolved,parity-exact,exact,exact,109.26,122.45,0.892,,,Both candidate and baseline produced exact results
fuzz8_0131_minmax__fz_reversed_files,parity-exact,exact,exact,215.77,114.7,1.881,,,Both candidate and baseline produced exact results
fuzz8_0132_join_min__fz_date,parity-exact,exact,exact,245.1,272.56,0.899,,,Both candidate and baseline produced exact results
fuzz8_0133_topk__fz_updated,parity-exact,exact,exact,149.68,126.44,1.184,,,Both candidate and baseline produced exact results
fuzz8_0134_minmax__fz_skewed,parity-exact,exact,exact,113.96,113.72,1.002,,,Both candidate and baseline produced exact results
fuzz8_0135_join_min__fz_overlap,parity-exact,exact,exact,171.91,173.42,0.991,,,Both candidate and baseline produced exact results
fuzz8_0136_topk__fz_reversed_files,parity-exact,exact,exact,205.83,114.11,1.804,,,Both candidate and baseline produced exact results
fuzz8_0137_minmax__fz_unsorted,parity-exact,exact,exact,78.72,73.89,1.065,,,Both candidate and baseline produced exact results
fuzz8_0138_minmax__fz_nulls,parity-exact,exact,exact,100.12,59.28,1.689,,,Both candidate and baseline produced exact results
fuzz8_0139_join__fz_overlap,parity-exact,exact,exact,346.36,171.29,2.022,,,Both candidate and baseline produced exact results
fuzz8_0140_filtered_topk__fz_snapshots,parity-exact,exact,exact,400.13,174.4,2.294,,,Both candidate and baseline produced exact results
fuzz8_0141_topk__fz_nan,parity-exact,exact,exact,109.19,109.57,0.996,,,Both candidate and baseline produced exact results
fuzz8_0142_minmax__fz_evolved,parity-exact,exact,exact,87.54,77.82,1.125,,,Both candidate and baseline produced exact results
fuzz8_0143_topk__fz_updated,parity-exact,exact,exact,309.62,182.66,1.695,,,Both candidate and baseline produced exact results
fuzz8_0144_join__fz_dec,parity-exact,exact,exact,646.19,585.12,1.104,,,Both candidate and baseline produced exact results
fuzz8_0145_semi__fz_pos_deletes,parity-exact,exact,exact,299.82,199.25,1.505,,,Both candidate and baseline produced exact results
fuzz8_0146_semi__fz_dec,parity-exact,exact,exact,387.09,549.31,0.705,,,Both candidate and baseline produced exact results
fuzz8_0147_join_min__fz_str,parity-exact,exact,exact,280.41,280.37,1.0,,,Both candidate and baseline produced exact results
fuzz8_0148_minmax__fz_dec,parity-exact,exact,exact,159.06,190.85,0.833,,,Both candidate and baseline produced exact results
fuzz8_0149_filtered_topk__fz_reversed_files,parity-exact,exact,exact,235.81,167.91,1.404,,,Both candidate and baseline produced exact results
fuzz8_0150_join__fz_sorted,parity-exact,exact,exact,174.29,185.29,0.941,,,Both candidate and baseline produced exact results
fuzz8_0151_join_topk__fz_updated,parity-exact,exact,exact,387.44,384.86,1.007,,,Both candidate and baseline produced exact results
fuzz8_0152_topk__fz_skewed,parity-exact,exact,exact,127.11,80.61,1.577,,,Both candidate and baseline produced exact results
fuzz8_0153_join__fz_sorted,parity-exact,exact,exact,5605.51,5384.84,1.041,,,Both candidate and baseline produced exact results
fuzz8_0154_filtered_topk__fz_part_evolved,parity-exact,exact,exact,383.03,431.46,0.888,,,Both candidate and baseline produced exact results
fuzz8_0155_semi__fz_nan,parity-exact,exact,exact,609.78,649.7,0.939,,,Both candidate and baseline produced exact results
fuzz8_0156_join_topk__fz_pos_deletes,parity-exact,exact,exact,204.13,218.87,0.933,,,Both candidate and baseline produced exact results
fuzz8_0157_join_topk__fz_skewed,parity-exact,exact,exact,170.24,177.39,0.96,,,Both candidate and baseline produced exact results
fuzz8_0158_filtered_topk__fz_overlap,parity-exact,exact,exact,654.18,689.92,0.948,,,Both candidate and baseline produced exact results
fuzz8_0159_join__fz_overlap,parity-exact,exact,exact,230.65,224.88,1.026,,,Both candidate and baseline produced exact results
fuzz8_0160_semi__fz_unsorted,parity-exact,exact,exact,188.62,140.73,1.34,,,Both candidate and baseline produced exact results
fuzz8_0161_minmax__fz_str,parity-exact,exact,exact,394.45,343.85,1.147,,,Both candidate and baseline produced exact results
fuzz8_0162_topk__fz_snapshots,parity-exact,exact,exact,299.85,118.32,2.534,,,Both candidate and baseline produced exact results
fuzz8_0163_filtered_topk__fz_sorted,parity-exact,exact,exact,156.67,135.04,1.16,,,Both candidate and baseline produced exact results
fuzz8_0164_join__fz_nan,parity-exact,exact,exact,1465.56,1528.06,0.959,,,Both candidate and baseline produced exact results
fuzz8_0165_semi__fz_str,parity-exact,exact,exact,151.31,135.98,1.113,,,Both candidate and baseline produced exact results
fuzz8_0166_join_topk__fz_part_evolved,parity-exact,exact,exact,80.51,126.62,0.636,,,Both candidate and baseline produced exact results
fuzz8_0167_join__fz_sorted,parity-exact,exact,exact,213.99,205.6,1.041,,,Both candidate and baseline produced exact results
fuzz8_0168_join__fz_str,parity-exact,exact,exact,449.58,288.34,1.559,,,Both candidate and baseline produced exact results
fuzz8_0169_join_topk__fz_long,parity-exact,exact,exact,138.04,126.49,1.091,,,Both candidate and baseline produced exact results
fuzz8_0170_join_topk__fz_nulls,parity-exact,exact,exact,224.45,269.58,0.833,,,Both candidate and baseline produced exact results
fuzz8_0171_topk__fz_skewed,parity-exact,exact,exact,371.28,264.2,1.405,,,Both candidate and baseline produced exact results
fuzz8_0172_topk__fz_snapshots,parity-exact,exact,exact,384.98,106.32,3.621,,,Both candidate and baseline produced exact results
fuzz8_0173_semi__fz_dec,parity-exact,exact,exact,655.39,636.34,1.03,,,Both candidate and baseline produced exact results
fuzz8_0174_filtered_topk__fz_pos_deletes,parity-exact,exact,exact,373.04,373.1,1.0,,,Both candidate and baseline produced exact results
fuzz8_0175_semi__fz_updated,parity-exact,exact,exact,293.03,266.46,1.1,,,Both candidate and baseline produced exact results
fuzz8_0176_topk__fz_nan,parity-exact,exact,exact,178.34,166.65,1.07,,,Both candidate and baseline produced exact results
fuzz8_0177_semi__fz_sorted,parity-exact,exact,exact,201.95,189.26,1.067,,,Both candidate and baseline produced exact results
fuzz8_0178_join__fz_nulls,parity-exact,exact,exact,498.91,284.67,1.753,,,Both candidate and baseline produced exact results
fuzz8_0179_join__fz_str,parity-exact,exact,exact,185.44,186.06,0.997,,,Both candidate and baseline produced exact results
fuzz8_0180_minmax__fz_dec,parity-exact,exact,exact,111.68,92.05,1.213,,,Both candidate and baseline produced exact results
fuzz8_0181_join_topk__fz_nan,parity-exact,exact,exact,496.07,422.98,1.173,,,Both candidate and baseline produced exact results
fuzz8_0182_join__fz_skewed,parity-exact,exact,exact,285.4,283.31,1.007,,,Both candidate and baseline produced exact results
fuzz8_0183_filtered_topk__fz_skewed,parity-exact,exact,exact,264.44,195.8,1.351,,,Both candidate and baseline produced exact results
fuzz8_0184_join_min__fz_snapshots,parity-exact,exact,exact,424.64,312.17,1.36,,,Both candidate and baseline produced exact results
fuzz8_0185_join__fz_snapshots,parity-exact,exact,exact,308.17,362.25,0.851,,,Both candidate and baseline produced exact results
fuzz8_0186_minmax__fz_skewed,parity-exact,exact,exact,51.02,92.36,0.552,,,Both candidate and baseline produced exact results
fuzz8_0187_join_topk__fz_long,parity-exact,exact,exact,275.67,311.6,0.885,,,Both candidate and baseline produced exact results
fuzz8_0188_semi__fz_snapshots,parity-exact,exact,exact,915.63,647.6,1.414,,,Both candidate and baseline produced exact results
fuzz8_0189_join__fz_skewed,parity-exact,exact,exact,179.39,213.58,0.84,,,Both candidate and baseline produced exact results
fuzz8_0190_join_min__fz_dec,parity-exact,exact,exact,525.77,491.46,1.07,,,Both candidate and baseline produced exact results
fuzz8_0191_join__fz_date,parity-exact,exact,exact,275.79,237.23,1.163,,,Both candidate and baseline produced exact results
fuzz8_0192_semi__fz_dec,parity-exact,exact,exact,1890.34,1871.46,1.01,,,Both candidate and baseline produced exact results
fuzz8_0193_join__fz_reversed_files,parity-exact,exact,exact,204.93,219.57,0.933,,,Both candidate and baseline produced exact results
fuzz8_0194_join__fz_small_rg,parity-exact,exact,exact,602.76,581.38,1.037,,,Both candidate and baseline produced exact results
fuzz8_0195_filtered_topk__fz_nulls,parity-exact,exact,exact,192.72,184.11,1.047,,,Both candidate and baseline produced exact results
fuzz8_0196_filtered_topk__fz_dec,parity-exact,exact,exact,79.45,76.77,1.035,,,Both candidate and baseline produced exact results
fuzz8_0197_filtered_topk__fz_part_evolved,parity-exact,exact,exact,265.93,326.81,0.814,,,Both candidate and baseline produced exact results
fuzz8_0198_semi__fz_part_evolved,parity-exact,exact,exact,358.82,314.39,1.141,,,Both candidate and baseline produced exact results
fuzz8_0199_join__fz_small_rg,parity-exact,exact,exact,309.68,315.47,0.982,,,Both candidate and baseline produced exact results
fuzz8_0200_join__fz_overlap,parity-exact,exact,exact,126.79,118.8,1.067,,,Both candidate and baseline produced exact results
fuzz8_0201_join__fz_sorted,parity-exact,exact,exact,411.56,505.83,0.814,,,Both candidate and baseline produced exact results
fuzz8_0202_semi__fz_pos_deletes,parity-exact,exact,exact,258.27,226.09,1.142,,,Both candidate and baseline produced exact results
fuzz8_0203_join__fz_sorted,parity-exact,exact,exact,216.02,228.81,0.944,,,Both candidate and baseline produced exact results
fuzz8_0204_filtered_topk__fz_pos_deletes,parity-exact,exact,exact,159.35,170.27,0.936,,,Both candidate and baseline produced exact results
fuzz8_0205_semi__fz_part_evolved,parity-exact,exact,exact,106.89,108.66,0.984,,,Both candidate and baseline produced exact results
fuzz8_0206_semi__fz_small_rg,parity-exact,exact,exact,1576.16,1336.4,1.179,,,Both candidate and baseline produced exact results
fuzz8_0207_join_min__fz_date,parity-exact,exact,exact,220.44,259.44,0.85,,,Both candidate and baseline produced exact results
fuzz8_0208_filtered_topk__fz_evolved,parity-exact,exact,exact,138.2,111.09,1.244,,,Both candidate and baseline produced exact results
fuzz8_0209_join_min__fz_reversed_files,parity-exact,exact,exact,180.74,136.84,1.321,,,Both candidate and baseline produced exact results
fuzz8_0210_semi__fz_snapshots,parity-exact,exact,exact,455.71,322.55,1.413,,,Both candidate and baseline produced exact results
fuzz8_0211_topk__fz_nulls,parity-exact,exact,exact,436.2,151.99,2.87,,,Both candidate and baseline produced exact results
fuzz8_0212_semi__fz_evolved,parity-exact,exact,exact,155.33,140.03,1.109,,,Both candidate and baseline produced exact results
fuzz8_0213_join_topk__fz_unsorted,parity-exact,exact,exact,252.1,251.56,1.002,,,Both candidate and baseline produced exact results
fuzz8_0214_semi__fz_sorted,parity-exact,exact,exact,236.02,216.11,1.092,,,Both candidate and baseline produced exact results
fuzz8_0215_topk__fz_overlap,parity-exact,exact,exact,144.24,80.15,1.8,,,Both candidate and baseline produced exact results
fuzz8_0216_join_min__fz_skewed,parity-exact,exact,exact,258.3,226.91,1.138,,,Both candidate and baseline produced exact results
fuzz8_0217_join__fz_nulls,parity-exact,exact,exact,299.4,299.84,0.999,,,Both candidate and baseline produced exact results
fuzz8_0218_topk__fz_reversed_files,parity-exact,exact,exact,322.0,71.86,4.481,,,Both candidate and baseline produced exact results
fuzz8_0219_semi__fz_reversed_files,parity-exact,exact,exact,267.39,202.65,1.319,,,Both candidate and baseline produced exact results
fuzz8_0220_join__fz_updated,parity-exact,exact,exact,242.05,277.96,0.871,,,Both candidate and baseline produced exact results
fuzz8_0221_topk__fz_nulls,parity-exact,exact,exact,192.99,212.38,0.909,,,Both candidate and baseline produced exact results
fuzz8_0222_minmax__fz_str,parity-exact,exact,exact,550.19,606.43,0.907,,,Both candidate and baseline produced exact results
fuzz8_0223_join__fz_str,parity-exact,exact,exact,287.41,139.57,2.059,,,Both candidate and baseline produced exact results
fuzz8_0224_join__fz_snapshots,parity-exact,exact,exact,539.59,430.4,1.254,,,Both candidate and baseline produced exact results
fuzz8_0225_join__fz_sorted,parity-exact,exact,exact,155.4,114.38,1.359,,,Both candidate and baseline produced exact results
fuzz8_0226_filtered_topk__fz_str,parity-exact,exact,exact,451.86,402.02,1.124,,,Both candidate and baseline produced exact results
fuzz8_0227_filtered_topk__fz_str,parity-exact,exact,exact,160.68,157.22,1.022,,,Both candidate and baseline produced exact results
fuzz8_0228_join__fz_long,parity-exact,exact,exact,175.12,158.8,1.103,,,Both candidate and baseline produced exact results
fuzz8_0229_topk__fz_part_evolved,parity-exact,exact,exact,187.3,110.55,1.694,,,Both candidate and baseline produced exact results
fuzz8_0230_filtered_topk__fz_overlap,parity-exact,exact,exact,134.38,113.98,1.179,,,Both candidate and baseline produced exact results
fuzz8_0231_semi__fz_sorted,parity-exact,exact,exact,219.28,286.64,0.765,,,Both candidate and baseline produced exact results
fuzz8_0232_semi__fz_updated,parity-exact,exact,exact,1096.3,1114.8,0.983,,,Both candidate and baseline produced exact results
fuzz8_0233_topk__fz_unsorted,parity-exact,exact,exact,117.11,65.4,1.791,,,Both candidate and baseline produced exact results
fuzz8_0234_filtered_topk__fz_snapshots,parity-exact,exact,exact,366.34,335.77,1.091,,,Both candidate and baseline produced exact results
fuzz8_0235_filtered_topk__fz_skewed,parity-exact,exact,exact,89.78,75.12,1.195,,,Both candidate and baseline produced exact results
fuzz8_0236_join__fz_pos_deletes,parity-exact,exact,exact,196.81,275.85,0.713,,,Both candidate and baseline produced exact results
fuzz8_0237_semi__fz_evolved,parity-exact,exact,exact,240.04,292.22,0.821,,,Both candidate and baseline produced exact results
fuzz8_0238_semi__fz_date,parity-exact,exact,exact,225.61,198.03,1.139,,,Both candidate and baseline produced exact results
fuzz8_0239_join_topk__fz_nan,parity-exact,exact,exact,621.38,631.45,0.984,,,Both candidate and baseline produced exact results
fuzz8_0240_filtered_topk__fz_small_rg,parity-exact,exact,exact,265.98,272.37,0.977,,,Both candidate and baseline produced exact results
fuzz8_0241_join__fz_sorted,parity-exact,exact,exact,217.02,240.07,0.904,,,Both candidate and baseline produced exact results
fuzz8_0242_filtered_topk__fz_nan,parity-exact,exact,exact,135.4,136.1,0.995,,,Both candidate and baseline produced exact results
fuzz8_0243_topk__fz_dec,parity-exact,exact,exact,193.44,204.87,0.944,,,Both candidate and baseline produced exact results
fuzz8_0244_join_min__fz_evolved,parity-exact,exact,exact,457.68,375.33,1.219,,,Both candidate and baseline produced exact results
fuzz8_0245_join__fz_evolved,parity-exact,exact,exact,184.29,235.76,0.782,,,Both candidate and baseline produced exact results
fuzz8_0246_semi__fz_nulls,parity-exact,exact,exact,209.79,194.07,1.081,,,Both candidate and baseline produced exact results
fuzz8_0247_minmax__fz_nulls,parity-exact,exact,exact,85.83,75.83,1.132,,,Both candidate and baseline produced exact results
fuzz8_0248_join__fz_date,parity-exact,exact,exact,302.86,220.84,1.371,,,Both candidate and baseline produced exact results
fuzz8_0249_semi__fz_pos_deletes,parity-exact,exact,exact,138.28,119.53,1.157,,,Both candidate and baseline produced exact results
fuzz8_0250_join__fz_nan,parity-exact,exact,exact,813.62,386.85,2.103,,,Both candidate and baseline produced exact results
fuzz8_0251_filtered_topk__fz_sorted,parity-exact,exact,exact,94.13,93.31,1.009,,,Both candidate and baseline produced exact results
fuzz8_0252_topk__fz_updated,parity-exact,exact,exact,139.75,118.44,1.18,,,Both candidate and baseline produced exact results
fuzz8_0253_join_topk__fz_part_evolved,parity-exact,exact,exact,92.96,124.23,0.748,,,Both candidate and baseline produced exact results
fuzz8_0254_join_topk__fz_part_evolved,parity-exact,exact,exact,350.79,356.64,0.984,,,Both candidate and baseline produced exact results
fuzz8_0255_semi__fz_overlap,parity-exact,exact,exact,268.85,268.29,1.002,,,Both candidate and baseline produced exact results
fuzz8_0256_minmax__fz_unsorted,parity-exact,exact,exact,82.08,112.58,0.729,,,Both candidate and baseline produced exact results
fuzz8_0257_join_min__fz_date,parity-exact,exact,exact,387.72,213.04,1.82,,,Both candidate and baseline produced exact results
fuzz8_0258_semi__fz_evolved,parity-exact,exact,exact,235.24,193.35,1.217,,,Both candidate and baseline produced exact results
fuzz8_0259_filtered_topk__fz_long,parity-exact,exact,exact,96.31,101.7,0.947,,,Both candidate and baseline produced exact results
fuzz8_0260_join_topk__fz_date,parity-exact,exact,exact,336.74,298.06,1.13,,,Both candidate and baseline produced exact results
fuzz8_0261_join__fz_part_evolved,parity-exact,exact,exact,1418.3,1322.46,1.072,,,Both candidate and baseline produced exact results
fuzz8_0262_join_min__fz_str,parity-exact,exact,exact,336.81,292.17,1.153,,,Both candidate and baseline produced exact results
fuzz8_0263_join_topk__fz_pos_deletes,parity-exact,exact,exact,222.12,206.48,1.076,,,Both candidate and baseline produced exact results
fuzz8_0264_join__fz_overlap,parity-exact,exact,exact,176.06,172.5,1.021,,,Both candidate and baseline produced exact results
fuzz8_0265_topk__fz_overlap,parity-exact,exact,exact,221.87,89.92,2.467,,,Both candidate and baseline produced exact results
fuzz8_0266_topk__fz_updated,parity-exact,exact,exact,206.13,206.56,0.998,,,Both candidate and baseline produced exact results
fuzz8_0267_join_topk__fz_unsorted,parity-exact,exact,exact,377.28,282.9,1.334,,,Both candidate and baseline produced exact results
fuzz8_0268_semi__fz_date,parity-exact,exact,exact,236.33,169.04,1.398,,,Both candidate and baseline produced exact results
fuzz8_0269_join__fz_updated,parity-exact,exact,exact,219.86,295.64,0.744,,,Both candidate and baseline produced exact results
fuzz8_0270_filtered_topk__fz_reversed_files,parity-exact,exact,exact,120.43,65.62,1.835,,,Both candidate and baseline produced exact results
fuzz8_0271_join_min__fz_small_rg,parity-exact,exact,exact,509.64,493.21,1.033,,,Both candidate and baseline produced exact results
fuzz8_0272_join_topk__fz_date,parity-exact,exact,exact,208.54,225.33,0.925,,,Both candidate and baseline produced exact results
fuzz8_0273_join__fz_evolved,parity-exact,exact,exact,291.66,300.23,0.971,,,Both candidate and baseline produced exact results
fuzz8_0274_join__fz_dec,parity-exact,exact,exact,460.6,496.42,0.928,,,Both candidate and baseline produced exact results
fuzz8_0275_topk__fz_dec,parity-exact,exact,exact,257.35,281.41,0.914,,,Both candidate and baseline produced exact results
fuzz8_0276_join_min__fz_skewed,parity-exact,exact,exact,235.19,169.35,1.389,,,Both candidate and baseline produced exact results
fuzz8_0277_join__fz_unsorted,parity-exact,exact,exact,205.43,182.49,1.126,,,Both candidate and baseline produced exact results
fuzz8_0278_join__fz_str,parity-exact,exact,exact,243.76,280.6,0.869,,,Both candidate and baseline produced exact results
fuzz8_0279_topk__fz_sorted,parity-exact,exact,exact,147.01,104.64,1.405,,,Both candidate and baseline produced exact results
fuzz8_0280_topk__fz_nan,parity-exact,exact,exact,1153.78,1116.32,1.034,,,Both candidate and baseline produced exact results
fuzz8_0281_minmax__fz_date,parity-exact,exact,exact,114.69,109.3,1.049,,,Both candidate and baseline produced exact results
fuzz8_0282_filtered_topk__fz_dec,parity-exact,exact,exact,193.9,199.62,0.971,,,Both candidate and baseline produced exact results
fuzz8_0283_filtered_topk__fz_updated,parity-exact,exact,exact,308.58,284.25,1.086,,,Both candidate and baseline produced exact results
fuzz8_0284_join_min__fz_updated,parity-exact,exact,exact,270.99,352.74,0.768,,,Both candidate and baseline produced exact results
fuzz8_0285_topk__fz_nulls,parity-exact,exact,exact,95.36,74.25,1.284,,,Both candidate and baseline produced exact results
fuzz8_0286_join_min__fz_date,parity-exact,exact,exact,302.39,322.9,0.936,,,Both candidate and baseline produced exact results
fuzz8_0287_filtered_topk__fz_snapshots,parity-exact,exact,exact,166.35,91.09,1.826,,,Both candidate and baseline produced exact results
fuzz8_0288_filtered_topk__fz_evolved,parity-exact,exact,exact,143.07,134.09,1.067,,,Both candidate and baseline produced exact results
fuzz8_0289_filtered_topk__fz_skewed,parity-exact,exact,exact,62.18,62.2,1.0,,,Both candidate and baseline produced exact results
fuzz8_0290_join_topk__fz_evolved,parity-exact,exact,exact,265.81,256.98,1.034,,,Both candidate and baseline produced exact results
fuzz8_0291_join_topk__fz_updated,parity-exact,exact,exact,414.97,398.4,1.042,,,Both candidate and baseline produced exact results
fuzz8_0292_semi__fz_str,parity-exact,exact,exact,289.06,255.49,1.131,,,Both candidate and baseline produced exact results
fuzz8_0293_filtered_topk__fz_part_evolved,parity-exact,exact,exact,160.35,175.69,0.913,,,Both candidate and baseline produced exact results
fuzz8_0294_semi__fz_reversed_files,parity-exact,exact,exact,597.33,254.57,2.346,,,Both candidate and baseline produced exact results
fuzz8_0295_join_min__fz_skewed,parity-exact,exact,exact,276.67,292.72,0.945,,,Both candidate and baseline produced exact results
fuzz8_0296_semi__fz_nan,parity-exact,exact,exact,443.52,434.81,1.02,,,Both candidate and baseline produced exact results
fuzz8_0297_join__fz_pos_deletes,parity-exact,exact,exact,208.14,207.81,1.002,,,Both candidate and baseline produced exact results
fuzz8_0298_join__fz_str,parity-exact,exact,exact,908.52,975.9,0.931,,,Both candidate and baseline produced exact results
fuzz8_0299_join__fz_snapshots,parity-exact,exact,exact,254.56,245.05,1.039,,,Both candidate and baseline produced exact results
fuzz8_0300_join__fz_snapshots,parity-exact,exact,exact,436.93,220.73,1.979,,,Both candidate and baseline produced exact results
fuzz8_0301_join__fz_sorted,parity-exact,exact,exact,848.71,873.41,0.972,,,Both candidate and baseline produced exact results
fuzz8_0302_topk__fz_str,parity-exact,exact,exact,495.33,460.31,1.076,,,Both candidate and baseline produced exact results
fuzz8_0303_filtered_topk__fz_reversed_files,parity-exact,exact,exact,266.47,166.83,1.597,,,Both candidate and baseline produced exact results
fuzz8_0304_filtered_topk__fz_unsorted,parity-exact,exact,exact,148.91,163.59,0.91,,,Both candidate and baseline produced exact results
fuzz8_0305_filtered_topk__fz_pos_deletes,parity-exact,exact,exact,348.68,261.97,1.331,,,Both candidate and baseline produced exact results
fuzz8_0306_join__fz_date,parity-exact,exact,exact,208.47,150.38,1.386,,,Both candidate and baseline produced exact results
fuzz8_0307_join__fz_reversed_files,parity-exact,exact,exact,372.21,252.86,1.472,,,Both candidate and baseline produced exact results
fuzz8_0308_join_topk__fz_long,parity-exact,exact,exact,219.89,243.18,0.904,,,Both candidate and baseline produced exact results
fuzz8_0309_join__fz_nulls,parity-exact,exact,exact,218.76,245.68,0.89,,,Both candidate and baseline produced exact results
fuzz8_0310_topk__fz_small_rg,parity-exact,exact,exact,325.68,148.5,2.193,,,Both candidate and baseline produced exact results
fuzz8_0311_semi__fz_updated,parity-exact,exact,exact,426.44,481.13,0.886,,,Both candidate and baseline produced exact results
fuzz8_0312_join_min__fz_nan,parity-exact,exact,exact,658.24,493.54,1.334,,,Both candidate and baseline produced exact results
fuzz8_0313_topk__fz_sorted,parity-exact,exact,exact,274.6,70.85,3.876,,,Both candidate and baseline produced exact results
fuzz8_0314_minmax__fz_sorted,parity-exact,exact,exact,97.52,117.16,0.832,,,Both candidate and baseline produced exact results
fuzz8_0315_join__fz_evolved,parity-exact,exact,exact,181.06,192.9,0.939,,,Both candidate and baseline produced exact results
fuzz8_0316_join_min__fz_unsorted,parity-exact,exact,exact,242.56,236.75,1.025,,,Both candidate and baseline produced exact results
fuzz8_0317_topk__fz_sorted,parity-exact,exact,exact,871.77,203.16,4.291,,,Both candidate and baseline produced exact results
fuzz8_0318_join__fz_overlap,parity-exact,exact,exact,315.59,227.5,1.387,,,Both candidate and baseline produced exact results
fuzz8_0319_join__fz_unsorted,parity-exact,exact,exact,1260.82,1232.37,1.023,,,Both candidate and baseline produced exact results
fuzz8_0320_join__fz_part_evolved,parity-exact,exact,exact,256.6,209.9,1.222,,,Both candidate and baseline produced exact results
fuzz8_0321_minmax__fz_part_evolved,parity-exact,exact,exact,100.84,88.14,1.144,,,Both candidate and baseline produced exact results
fuzz8_0322_minmax__fz_evolved,parity-exact,exact,exact,80.49,102.51,0.785,,,Both candidate and baseline produced exact results
fuzz8_0323_minmax__fz_nan,parity-exact,exact,exact,107.77,116.65,0.924,,,Both candidate and baseline produced exact results
fuzz8_0324_filtered_topk__fz_nulls,parity-exact,exact,exact,233.69,251.38,0.93,,,Both candidate and baseline produced exact results
fuzz8_0325_minmax__fz_part_evolved,parity-exact,exact,exact,130.76,102.63,1.274,,,Both candidate and baseline produced exact results
fuzz8_0326_topk__fz_skewed,parity-exact,exact,exact,173.28,125.91,1.376,,,Both candidate and baseline produced exact results
fuzz8_0327_topk__fz_skewed,parity-exact,exact,exact,256.42,189.86,1.351,,,Both candidate and baseline produced exact results
fuzz8_0328_join_min__fz_snapshots,parity-exact,exact,exact,891.15,760.91,1.171,,,Both candidate and baseline produced exact results
fuzz8_0329_join_min__fz_unsorted,parity-exact,exact,exact,180.54,182.8,0.988,,,Both candidate and baseline produced exact results
fuzz8_0330_semi__fz_nulls,parity-exact,exact,exact,504.75,528.59,0.955,,,Both candidate and baseline produced exact results
fuzz8_0331_topk__fz_date,parity-exact,exact,exact,240.3,95.03,2.529,,,Both candidate and baseline produced exact results
fuzz8_0332_join__fz_skewed,parity-exact,exact,exact,176.28,175.61,1.004,,,Both candidate and baseline produced exact results
fuzz8_0333_topk__fz_skewed,parity-exact,exact,exact,101.19,65.58,1.543,,,Both candidate and baseline produced exact results
fuzz8_0334_topk__fz_overlap,parity-exact,exact,exact,117.96,77.6,1.52,,,Both candidate and baseline produced exact results
fuzz8_0335_filtered_topk__fz_unsorted,parity-exact,exact,exact,148.23,128.36,1.155,,,Both candidate and baseline produced exact results
fuzz8_0336_minmax__fz_skewed,parity-exact,exact,exact,104.87,86.28,1.215,,,Both candidate and baseline produced exact results
fuzz8_0337_join__fz_small_rg,parity-exact,exact,exact,769.52,726.68,1.059,,,Both candidate and baseline produced exact results
fuzz8_0338_join_min__fz_date,parity-exact,exact,exact,160.79,211.6,0.76,,,Both candidate and baseline produced exact results
fuzz8_0339_filtered_topk__fz_evolved,parity-exact,exact,exact,143.4,119.99,1.195,,,Both candidate and baseline produced exact results
fuzz8_0340_join_min__fz_nulls,parity-exact,exact,exact,463.38,267.53,1.732,,,Both candidate and baseline produced exact results
fuzz8_0341_semi__fz_unsorted,parity-exact,exact,exact,451.85,406.36,1.112,,,Both candidate and baseline produced exact results
fuzz8_0342_join__fz_part_evolved,parity-exact,exact,exact,947.11,788.83,1.201,,,Both candidate and baseline produced exact results
fuzz8_0343_semi__fz_sorted,parity-exact,exact,exact,389.3,250.18,1.556,,,Both candidate and baseline produced exact results
fuzz8_0344_minmax__fz_dec,parity-exact,exact,exact,127.83,125.42,1.019,,,Both candidate and baseline produced exact results
fuzz8_0345_join__fz_str,parity-exact,exact,exact,353.98,362.02,0.978,,,Both candidate and baseline produced exact results
fuzz8_0346_semi__fz_part_evolved,parity-exact,exact,exact,206.65,289.46,0.714,,,Both candidate and baseline produced exact results
fuzz8_0347_semi__fz_reversed_files,parity-exact,exact,exact,170.33,113.37,1.502,,,Both candidate and baseline produced exact results
fuzz8_0348_minmax__fz_evolved,parity-exact,exact,exact,233.78,230.68,1.013,,,Both candidate and baseline produced exact results
fuzz8_0349_join__fz_pos_deletes,parity-exact,exact,exact,203.43,185.67,1.096,,,Both candidate and baseline produced exact results
fuzz8_0350_topk__fz_nulls,parity-exact,exact,exact,262.06,125.62,2.086,,,Both candidate and baseline produced exact results
fuzz8_0351_semi__fz_pos_deletes,parity-exact,exact,exact,279.21,247.83,1.127,,,Both candidate and baseline produced exact results
fuzz8_0352_semi__fz_small_rg,parity-exact,exact,exact,369.14,338.46,1.091,,,Both candidate and baseline produced exact results
fuzz8_0353_join_topk__fz_date,parity-exact,exact,exact,354.81,299.14,1.186,,,Both candidate and baseline produced exact results
fuzz8_0354_filtered_topk__fz_sorted,parity-exact,exact,exact,109.97,97.45,1.128,,,Both candidate and baseline produced exact results
fuzz8_0355_minmax__fz_snapshots,parity-exact,exact,exact,271.38,170.02,1.596,,,Both candidate and baseline produced exact results
fuzz8_0356_join_topk__fz_snapshots,parity-exact,exact,exact,1931.6,813.85,2.373,,,Both candidate and baseline produced exact results
fuzz8_0357_semi__fz_small_rg,parity-exact,exact,exact,323.32,601.35,0.538,,,Both candidate and baseline produced exact results
fuzz8_0358_topk__fz_reversed_files,parity-exact,exact,exact,349.65,108.74,3.215,,,Both candidate and baseline produced exact results
fuzz8_0359_filtered_topk__fz_nan,parity-exact,exact,exact,103.3,112.58,0.918,,,Both candidate and baseline produced exact results
fuzz8_0360_join_topk__fz_evolved,parity-exact,exact,exact,565.96,468.64,1.208,,,Both candidate and baseline produced exact results
fuzz8_0361_join_topk__fz_long,parity-exact,exact,exact,186.93,134.93,1.385,,,Both candidate and baseline produced exact results
fuzz8_0362_join__fz_evolved,parity-exact,exact,exact,220.85,189.27,1.167,,,Both candidate and baseline produced exact results
fuzz8_0363_topk__fz_dec,parity-exact,exact,exact,400.82,375.11,1.069,,,Both candidate and baseline produced exact results
fuzz8_0364_filtered_topk__fz_snapshots,parity-exact,exact,exact,216.28,143.43,1.508,,,Both candidate and baseline produced exact results
fuzz8_0365_semi__fz_small_rg,parity-exact,exact,exact,313.72,333.33,0.941,,,Both candidate and baseline produced exact results
fuzz8_0366_join__fz_str,parity-exact,exact,exact,230.81,396.19,0.583,,,Both candidate and baseline produced exact results
fuzz8_0367_semi__fz_part_evolved,parity-exact,exact,exact,253.78,352.84,0.719,,,Both candidate and baseline produced exact results
fuzz8_0368_filtered_topk__fz_snapshots,parity-exact,exact,exact,243.53,90.07,2.704,,,Both candidate and baseline produced exact results
fuzz8_0369_semi__fz_part_evolved,parity-exact,exact,exact,762.51,773.51,0.986,,,Both candidate and baseline produced exact results
fuzz8_0370_topk__fz_sorted,parity-exact,exact,exact,294.73,87.19,3.38,,,Both candidate and baseline produced exact results
fuzz8_0371_filtered_topk__fz_overlap,parity-exact,exact,exact,103.65,104.29,0.994,,,Both candidate and baseline produced exact results
fuzz8_0372_filtered_topk__fz_evolved,parity-exact,exact,exact,489.91,385.05,1.272,,,Both candidate and baseline produced exact results
fuzz8_0373_join_topk__fz_str,parity-exact,exact,exact,514.66,431.53,1.193,,,Both candidate and baseline produced exact results
fuzz8_0374_topk__fz_nan,parity-exact,exact,exact,144.5,160.08,0.903,,,Both candidate and baseline produced exact results
fuzz8_0375_semi__fz_skewed,parity-exact,exact,exact,324.93,270.27,1.202,,,Both candidate and baseline produced exact results
fuzz8_0376_join__fz_part_evolved,parity-exact,exact,exact,261.72,265.22,0.987,,,Both candidate and baseline produced exact results
fuzz8_0377_topk__fz_str,parity-exact,exact,exact,117.29,128.01,0.916,,,Both candidate and baseline produced exact results
fuzz8_0378_join__fz_date,parity-exact,exact,exact,208.99,146.36,1.428,,,Both candidate and baseline produced exact results
fuzz8_0379_minmax__fz_overlap,parity-exact,exact,exact,62.45,55.37,1.128,,,Both candidate and baseline produced exact results
fuzz8_0380_filtered_topk__fz_pos_deletes,parity-exact,exact,exact,133.42,118.2,1.129,,,Both candidate and baseline produced exact results
fuzz8_0381_topk__fz_reversed_files,parity-exact,exact,exact,765.61,228.34,3.353,,,Both candidate and baseline produced exact results
fuzz8_0382_filtered_topk__fz_small_rg,parity-exact,exact,exact,290.53,284.97,1.019,,,Both candidate and baseline produced exact results
fuzz8_0383_join_min__fz_dec,parity-exact,exact,exact,416.94,431.3,0.967,,,Both candidate and baseline produced exact results
fuzz8_0384_semi__fz_dec,parity-exact,exact,exact,802.18,821.16,0.977,,,Both candidate and baseline produced exact results
fuzz8_0385_semi__fz_skewed,parity-exact,exact,exact,246.4,235.25,1.047,,,Both candidate and baseline produced exact results
fuzz8_0386_topk__fz_snapshots,parity-exact,exact,exact,535.44,222.79,2.403,,,Both candidate and baseline produced exact results
fuzz8_0387_semi__fz_str,parity-exact,exact,exact,344.71,337.41,1.022,,,Both candidate and baseline produced exact results
fuzz8_0388_filtered_topk__fz_updated,parity-exact,exact,exact,113.83,117.72,0.967,,,Both candidate and baseline produced exact results
fuzz8_0389_join_topk__fz_sorted,parity-exact,exact,exact,524.18,530.21,0.989,,,Both candidate and baseline produced exact results
fuzz8_0390_topk__fz_snapshots,parity-exact,exact,exact,269.38,122.93,2.191,,,Both candidate and baseline produced exact results
fuzz8_0391_topk__fz_updated,parity-exact,exact,exact,812.61,492.39,1.65,,,Both candidate and baseline produced exact results
fuzz8_0392_join__fz_reversed_files,parity-exact,exact,exact,167.78,115.44,1.453,,,Both candidate and baseline produced exact results
fuzz8_0393_topk__fz_date,parity-exact,exact,exact,94.76,69.65,1.361,,,Both candidate and baseline produced exact results
fuzz8_0394_topk__fz_part_evolved,parity-exact,exact,exact,280.13,154.55,1.813,,,Both candidate and baseline produced exact results
fuzz8_0395_topk__fz_skewed,parity-exact,exact,exact,149.81,130.35,1.149,,,Both candidate and baseline produced exact results
fuzz8_0396_topk__fz_skewed,parity-exact,exact,exact,164.4,97.18,1.692,,,Both candidate and baseline produced exact results
fuzz8_0397_join__fz_small_rg,parity-exact,exact,exact,510.4,585.55,0.872,,,Both candidate and baseline produced exact results
fuzz8_0398_semi__fz_snapshots,parity-exact,exact,exact,253.94,216.94,1.171,,,Both candidate and baseline produced exact results
fuzz8_0399_topk__fz_snapshots,parity-exact,exact,exact,414.6,146.19,2.836,,,Both candidate and baseline produced exact results
fuzz8_0400_filtered_topk__fz_date,parity-exact,exact,exact,92.95,143.54,0.648,,,Both candidate and baseline produced exact results
fuzz8_0401_join_min__fz_snapshots,parity-exact,exact,exact,286.6,240.4,1.192,,,Both candidate and baseline produced exact results
fuzz8_0402_join__fz_pos_deletes,parity-exact,exact,exact,457.45,392.8,1.165,,,Both candidate and baseline produced exact results
fuzz8_0403_semi__fz_pos_deletes,parity-exact,exact,exact,390.17,442.23,0.882,,,Both candidate and baseline produced exact results
fuzz8_0404_join_min__fz_reversed_files,parity-exact,exact,exact,259.4,646.07,0.402,,,Both candidate and baseline produced exact results
fuzz8_0405_topk__fz_long,parity-exact,exact,exact,112.32,81.77,1.374,,,Both candidate and baseline produced exact results
fuzz8_0406_semi__fz_str,parity-exact,exact,exact,286.88,302.67,0.948,,,Both candidate and baseline produced exact results
fuzz8_0407_join_min__fz_snapshots,parity-exact,exact,exact,615.18,456.08,1.349,,,Both candidate and baseline produced exact results
fuzz8_0408_join_topk__fz_dec,parity-exact,exact,exact,886.55,577.15,1.536,,,Both candidate and baseline produced exact results
fuzz8_0409_join__fz_nulls,parity-exact,exact,exact,310.46,272.33,1.14,,,Both candidate and baseline produced exact results
fuzz8_0410_join_min__fz_small_rg,parity-exact,exact,exact,220.02,264.18,0.833,,,Both candidate and baseline produced exact results
fuzz8_0411_semi__fz_str,parity-exact,exact,exact,277.51,250.32,1.109,,,Both candidate and baseline produced exact results
fuzz8_0412_join__fz_part_evolved,parity-exact,exact,exact,448.57,286.92,1.563,,,Both candidate and baseline produced exact results
fuzz8_0413_join_topk__fz_date,parity-exact,exact,exact,242.86,202.4,1.2,,,Both candidate and baseline produced exact results
fuzz8_0414_filtered_topk__fz_str,parity-exact,exact,exact,332.07,354.61,0.936,,,Both candidate and baseline produced exact results
fuzz8_0415_topk__fz_reversed_files,parity-exact,exact,exact,234.43,69.68,3.364,,,Both candidate and baseline produced exact results
fuzz8_0416_join_min__fz_date,parity-exact,exact,exact,198.29,176.66,1.122,,,Both candidate and baseline produced exact results
fuzz8_0417_join_topk__fz_dec,parity-exact,exact,exact,528.05,498.01,1.06,,,Both candidate and baseline produced exact results
fuzz8_0418_topk__fz_snapshots,parity-exact,exact,exact,323.47,109.0,2.968,,,Both candidate and baseline produced exact results
fuzz8_0419_join__fz_nulls,parity-exact,exact,exact,863.72,812.43,1.063,,,Both candidate and baseline produced exact results
fuzz8_0420_topk__fz_reversed_files,parity-exact,exact,exact,313.53,323.58,0.969,,,Both candidate and baseline produced exact results
fuzz8_0421_semi__fz_part_evolved,parity-exact,exact,exact,303.57,373.49,0.813,,,Both candidate and baseline produced exact results
fuzz8_0422_topk__fz_nulls,parity-exact,exact,exact,348.31,79.83,4.363,,,Both candidate and baseline produced exact results
fuzz8_0423_join_min__fz_long,parity-exact,exact,exact,1009.75,1052.71,0.959,,,Both candidate and baseline produced exact results
fuzz8_0424_join_min__fz_evolved,parity-exact,exact,exact,186.89,161.39,1.158,,,Both candidate and baseline produced exact results
fuzz8_0425_topk__fz_updated,parity-exact,exact,exact,285.6,225.84,1.265,,,Both candidate and baseline produced exact results
fuzz8_0426_topk__fz_str,parity-exact,exact,exact,893.6,776.54,1.151,,,Both candidate and baseline produced exact results
fuzz8_0427_semi__fz_str,parity-exact,exact,exact,260.69,334.22,0.78,,,Both candidate and baseline produced exact results
fuzz8_0428_filtered_topk__fz_pos_deletes,parity-exact,exact,exact,259.74,248.66,1.045,,,Both candidate and baseline produced exact results
fuzz8_0429_join_topk__fz_evolved,parity-exact,exact,exact,364.18,259.85,1.402,,,Both candidate and baseline produced exact results
fuzz8_0430_join__fz_pos_deletes,parity-exact,exact,exact,212.13,269.21,0.788,,,Both candidate and baseline produced exact results
fuzz8_0431_topk__fz_part_evolved,parity-exact,exact,exact,596.39,348.27,1.712,,,Both candidate and baseline produced exact results
fuzz8_0432_join_min__fz_long,parity-exact,exact,exact,135.75,147.26,0.922,,,Both candidate and baseline produced exact results
fuzz8_0433_topk__fz_dec,parity-exact,exact,exact,574.51,561.3,1.024,,,Both candidate and baseline produced exact results
fuzz8_0434_minmax__fz_sorted,parity-exact,exact,exact,111.24,127.52,0.872,,,Both candidate and baseline produced exact results
fuzz8_0435_join__fz_snapshots,parity-exact,exact,exact,443.98,404.54,1.098,,,Both candidate and baseline produced exact results
fuzz8_0436_minmax__fz_part_evolved,parity-exact,exact,exact,93.45,88.15,1.06,,,Both candidate and baseline produced exact results
fuzz8_0437_join_topk__fz_date,parity-exact,exact,exact,451.62,361.56,1.249,,,Both candidate and baseline produced exact results
fuzz8_0438_join__fz_updated,parity-exact,exact,exact,233.61,241.26,0.968,,,Both candidate and baseline produced exact results
fuzz8_0439_minmax__fz_str,parity-exact,exact,exact,363.67,401.54,0.906,,,Both candidate and baseline produced exact results
fuzz8_0440_minmax__fz_date,parity-exact,exact,exact,71.99,66.03,1.09,,,Both candidate and baseline produced exact results
fuzz8_0441_semi__fz_long,parity-exact,exact,exact,210.71,215.37,0.978,,,Both candidate and baseline produced exact results
fuzz8_0442_join__fz_reversed_files,parity-exact,exact,exact,472.61,508.14,0.93,,,Both candidate and baseline produced exact results
fuzz8_0443_minmax__fz_part_evolved,parity-exact,exact,exact,110.32,95.25,1.158,,,Both candidate and baseline produced exact results
fuzz8_0444_topk__fz_reversed_files,parity-exact,exact,exact,202.33,71.26,2.839,,,Both candidate and baseline produced exact results
fuzz8_0445_join__fz_sorted,parity-exact,exact,exact,164.41,164.97,0.997,,,Both candidate and baseline produced exact results
fuzz8_0446_join_min__fz_part_evolved,parity-exact,exact,exact,245.06,256.04,0.957,,,Both candidate and baseline produced exact results
fuzz8_0447_topk__fz_snapshots,parity-exact,exact,exact,346.1,141.02,2.454,,,Both candidate and baseline produced exact results
fuzz8_0448_join_topk__fz_snapshots,parity-exact,exact,exact,312.13,215.83,1.446,,,Both candidate and baseline produced exact results
fuzz8_0449_join__fz_str,parity-exact,exact,exact,603.33,553.99,1.089,,,Both candidate and baseline produced exact results
fuzz8_0450_join__fz_dec,parity-exact,exact,exact,149.75,149.28,1.003,,,Both candidate and baseline produced exact results
fuzz8_0451_join__fz_pos_deletes,parity-exact,exact,exact,216.45,216.59,0.999,,,Both candidate and baseline produced exact results
fuzz8_0452_filtered_topk__fz_overlap,parity-exact,exact,exact,163.16,148.18,1.101,,,Both candidate and baseline produced exact results
fuzz8_0453_join__fz_dec,parity-exact,exact,exact,500.53,434.14,1.153,,,Both candidate and baseline produced exact results
fuzz8_0454_minmax__fz_date,parity-exact,exact,exact,136.59,133.88,1.02,,,Both candidate and baseline produced exact results
fuzz8_0455_join__fz_part_evolved,parity-exact,exact,exact,381.42,564.18,0.676,,,Both candidate and baseline produced exact results
fuzz8_0456_topk__fz_updated,parity-exact,exact,exact,196.34,147.07,1.335,,,Both candidate and baseline produced exact results
fuzz8_0457_semi__fz_snapshots,parity-exact,exact,exact,511.62,426.01,1.201,,,Both candidate and baseline produced exact results
fuzz8_0458_join_topk__fz_date,parity-exact,exact,exact,248.51,529.16,0.47,,,Both candidate and baseline produced exact results
fuzz8_0459_join__fz_date,parity-exact,exact,exact,416.92,498.84,0.836,,,Both candidate and baseline produced exact results
fuzz8_0460_join__fz_small_rg,parity-exact,exact,exact,506.23,617.58,0.82,,,Both candidate and baseline produced exact results
fuzz8_0461_topk__fz_part_evolved,parity-exact,exact,exact,295.53,161.76,1.827,,,Both candidate and baseline produced exact results
fuzz8_0462_minmax__fz_evolved,parity-exact,exact,exact,102.35,101.12,1.012,,,Both candidate and baseline produced exact results
fuzz8_0463_join_topk__fz_str,parity-exact,exact,exact,285.81,297.87,0.96,,,Both candidate and baseline produced exact results
fuzz8_0464_semi__fz_sorted,parity-exact,exact,exact,215.76,218.83,0.986,,,Both candidate and baseline produced exact results
fuzz8_0465_join__fz_str,parity-exact,exact,exact,441.16,415.25,1.062,,,Both candidate and baseline produced exact results
fuzz8_0466_semi__fz_small_rg,parity-exact,exact,exact,224.94,255.09,0.882,,,Both candidate and baseline produced exact results
fuzz8_0467_topk__fz_sorted,parity-exact,exact,exact,875.76,176.4,4.965,,,Both candidate and baseline produced exact results
fuzz8_0468_topk__fz_evolved,parity-exact,exact,exact,121.95,82.32,1.481,,,Both candidate and baseline produced exact results
fuzz8_0469_topk__fz_evolved,parity-exact,exact,exact,205.53,125.71,1.635,,,Both candidate and baseline produced exact results
fuzz8_0470_join__fz_nan,parity-exact,exact,exact,503.51,454.26,1.108,,,Both candidate and baseline produced exact results
fuzz8_0471_topk__fz_pos_deletes,parity-exact,exact,exact,314.55,100.61,3.126,,,Both candidate and baseline produced exact results
fuzz8_0472_topk__fz_reversed_files,parity-exact,exact,exact,414.71,112.2,3.696,,,Both candidate and baseline produced exact results
fuzz8_0473_minmax__fz_evolved,parity-exact,exact,exact,133.56,134.69,0.992,,,Both candidate and baseline produced exact results
fuzz8_0474_join_topk__fz_nan,parity-exact,exact,exact,854.89,952.32,0.898,,,Both candidate and baseline produced exact results
fuzz8_0475_filtered_topk__fz_dec,parity-exact,exact,exact,136.82,128.52,1.065,,,Both candidate and baseline produced exact results
fuzz8_0476_filtered_topk__fz_reversed_files,parity-exact,exact,exact,150.81,107.78,1.399,,,Both candidate and baseline produced exact results
fuzz8_0477_join__fz_nan,parity-exact,exact,exact,434.28,426.49,1.018,,,Both candidate and baseline produced exact results
fuzz8_0478_join__fz_updated,parity-exact,exact,exact,303.53,340.08,0.893,,,Both candidate and baseline produced exact results
fuzz8_0479_semi__fz_dec,parity-exact,exact,exact,289.77,201.1,1.441,,,Both candidate and baseline produced exact results
fuzz8_0480_semi__fz_long,parity-exact,exact,exact,95.43,113.42,0.841,,,Both candidate and baseline produced exact results
fuzz8_0481_topk__fz_str,parity-exact,exact,exact,345.18,344.34,1.002,,,Both candidate and baseline produced exact results
fuzz8_0482_topk__fz_nan,parity-exact,exact,exact,124.98,131.53,0.95,,,Both candidate and baseline produced exact results
fuzz8_0483_semi__fz_long,parity-exact,exact,exact,174.6,140.35,1.244,,,Both candidate and baseline produced exact results
fuzz8_0484_topk__fz_str,parity-exact,exact,exact,384.17,396.21,0.97,,,Both candidate and baseline produced exact results
fuzz8_0485_join__fz_evolved,parity-exact,exact,exact,194.26,207.14,0.938,,,Both candidate and baseline produced exact results
fuzz8_0486_topk__fz_skewed,parity-exact,exact,exact,485.1,111.81,4.339,,,Both candidate and baseline produced exact results
fuzz8_0487_join__fz_sorted,parity-exact,exact,exact,226.85,182.03,1.246,,,Both candidate and baseline produced exact results
fuzz8_0488_topk__fz_long,parity-exact,exact,exact,364.17,98.2,3.708,,,Both candidate and baseline produced exact results
fuzz8_0489_filtered_topk__fz_overlap,parity-exact,exact,exact,97.31,99.85,0.975,,,Both candidate and baseline produced exact results
fuzz8_0490_topk__fz_str,parity-exact,exact,exact,174.62,185.15,0.943,,,Both candidate and baseline produced exact results
fuzz8_0491_join_min__fz_evolved,parity-exact,exact,exact,237.84,167.08,1.423,,,Both candidate and baseline produced exact results
fuzz8_0492_topk__fz_date,parity-exact,exact,exact,131.07,121.66,1.077,,,Both candidate and baseline produced exact results
fuzz8_0493_join__fz_skewed,parity-exact,exact,exact,387.26,231.47,1.673,,,Both candidate and baseline produced exact results
fuzz8_0494_join__fz_evolved,parity-exact,exact,exact,162.36,261.96,0.62,,,Both candidate and baseline produced exact results
fuzz8_0495_join__fz_evolved,parity-exact,exact,exact,361.7,159.03,2.274,,,Both candidate and baseline produced exact results
fuzz8_0496_filtered_topk__fz_date,parity-exact,exact,exact,189.64,180.09,1.053,,,Both candidate and baseline produced exact results
fuzz8_0497_join_topk__fz_nulls,parity-exact,exact,exact,1468.2,1375.72,1.067,,,Both candidate and baseline produced exact results
fuzz8_0498_minmax__fz_snapshots,parity-exact,exact,exact,321.66,174.63,1.842,,,Both candidate and baseline produced exact results
fuzz8_0499_minmax__fz_nan,parity-exact,exact,exact,97.25,107.84,0.902,,,Both candidate and baseline produced exact results
